ISO-10303-21;
HEADER;
FILE_DESCRIPTION(('FreeCAD Model'),'2;1');
FILE_NAME('Open CASCADE Shape Model','2026-08-21T17:37:01',('Author'),(
    ''),'Open CASCADE STEP processor 7.8','FreeCAD','Unknown');
FILE_SCHEMA(('AUTOMOTIVE_DESIGN { 1 0 10303 214 1 1 1 1 }'));
ENDSEC;
DATA;
#1 = APPLICATION_PROTOCOL_DEFINITION('international standard',
  'automotive_design',2000,#2);
#2 = APPLICATION_CONTEXT(
  'core data for automotive mechanical design processes');
#3 = SHAPE_DEFINITION_REPRESENTATION(#4,#10);
#4 = PRODUCT_DEFINITION_SHAPE('','',#5);
#5 = PRODUCT_DEFINITION('design','',#6,#9);
#6 = PRODUCT_DEFINITION_FORMATION('','',#7);
#7 = PRODUCT('Unnamed','Unnamed','',(#8));
#8 = PRODUCT_CONTEXT('',#2,'mechanical');
#9 = PRODUCT_DEFINITION_CONTEXT('part definition',#2,'design');
#10 = SHAPE_REPRESENTATION('',(#11,#15,#19,#23),#27);
#11 = AXIS2_PLACEMENT_3D('',#12,#13,#14);
#12 = CARTESIAN_POINT('',(0.,0.,0.));
#13 = DIRECTION('',(0.,0.,1.));
#14 = DIRECTION('',(1.,0.,-0.));
#15 = AXIS2_PLACEMENT_3D('',#16,#17,#18);
#16 = CARTESIAN_POINT('',(-248.5,100.5,3.));
#17 = DIRECTION('',(0.,0.,1.));
#18 = DIRECTION('',(1.,0.,0.));
#19 = AXIS2_PLACEMENT_3D('',#20,#21,#22);
#20 = CARTESIAN_POINT('',(0.,0.,0.));
#21 = DIRECTION('',(0.,0.,1.));
#22 = DIRECTION('',(1.,0.,0.));
#23 = AXIS2_PLACEMENT_3D('',#24,#25,#26);
#24 = CARTESIAN_POINT('',(102.,0.,14.));
#25 = DIRECTION('',(0.,0.,1.));
#26 = DIRECTION('',(1.,0.,0.));
#27 = ( GEOMETRIC_REPRESENTATION_CONTEXT(3) 
GLOBAL_UNCERTAINTY_ASSIGNED_CONTEXT((#31)) GLOBAL_UNIT_ASSIGNED_CONTEXT(
(#28,#29,#30)) REPRESENTATION_CONTEXT('Context #1',
  '3D Context with UNIT and UNCERTAINTY') );
#28 = ( LENGTH_UNIT() NAMED_UNIT(*) SI_UNIT(.MILLI.,.METRE.) );
#29 = ( NAMED_UNIT(*) PLANE_ANGLE_UNIT() SI_UNIT($,.RADIAN.) );
#30 = ( NAMED_UNIT(*) SI_UNIT($,.STERADIAN.) SOLID_ANGLE_UNIT() );
#31 = UNCERTAINTY_MEASURE_WITH_UNIT(LENGTH_MEASURE(2.E-06),#28,
  'distance_accuracy_value','confusion accuracy');
#32 = PRODUCT_RELATED_PRODUCT_CATEGORY('part',$,(#7));
#33 = SHAPE_DEFINITION_REPRESENTATION(#34,#40);
#34 = PRODUCT_DEFINITION_SHAPE('','',#35);
#35 = PRODUCT_DEFINITION('design','',#36,#39);
#36 = PRODUCT_DEFINITION_FORMATION('','',#37);
#37 = PRODUCT('PCB','PCB','',(#38));
#38 = PRODUCT_CONTEXT('',#2,'mechanical');
#39 = PRODUCT_DEFINITION_CONTEXT('part definition',#2,'design');
#40 = SHAPE_REPRESENTATION('',(#11,#41,#45),#49);
#41 = AXIS2_PLACEMENT_3D('',#42,#43,#44);
#42 = CARTESIAN_POINT('',(111.5,-78.5,1.595));
#43 = DIRECTION('',(0.,-0.,1.));
#44 = DIRECTION('',(2.22044604925E-16,1.,0.));
#45 = AXIS2_PLACEMENT_3D('',#46,#47,#48);
#46 = CARTESIAN_POINT('',(0.,0.,0.));
#47 = DIRECTION('',(0.,0.,1.));
#48 = DIRECTION('',(1.,0.,0.));
#49 = ( GEOMETRIC_REPRESENTATION_CONTEXT(3) 
GLOBAL_UNCERTAINTY_ASSIGNED_CONTEXT((#53)) GLOBAL_UNIT_ASSIGNED_CONTEXT(
(#50,#51,#52)) REPRESENTATION_CONTEXT('Context #1',
  '3D Context with UNIT and UNCERTAINTY') );
#50 = ( LENGTH_UNIT() NAMED_UNIT(*) SI_UNIT(.MILLI.,.METRE.) );
#51 = ( NAMED_UNIT(*) PLANE_ANGLE_UNIT() SI_UNIT($,.RADIAN.) );
#52 = ( NAMED_UNIT(*) SI_UNIT($,.STERADIAN.) SOLID_ANGLE_UNIT() );
#53 = UNCERTAINTY_MEASURE_WITH_UNIT(LENGTH_MEASURE(1.E-07),#50,
  'distance_accuracy_value','confusion accuracy');
#54 = CONTEXT_DEPENDENT_SHAPE_REPRESENTATION(#55,#57);
#55 = ( REPRESENTATION_RELATIONSHIP('','',#40,#10) 
REPRESENTATION_RELATIONSHIP_WITH_TRANSFORMATION(#56) 
SHAPE_REPRESENTATION_RELATIONSHIP() );
#56 = ITEM_DEFINED_TRANSFORMATION('','',#11,#15);
#57 = PRODUCT_DEFINITION_SHAPE('Placement','Placement of an item',#58);
#58 = NEXT_ASSEMBLY_USAGE_OCCURRENCE('4','PCB','',#5,#35,$);
#59 = PRODUCT_RELATED_PRODUCT_CATEGORY('part',$,(#37));
#60 = SHAPE_DEFINITION_REPRESENTATION(#61,#67);
#61 = PRODUCT_DEFINITION_SHAPE('','',#62);
#62 = PRODUCT_DEFINITION('design','',#63,#66);
#63 = PRODUCT_DEFINITION_FORMATION('','',#64);
#64 = PRODUCT('PinHeader_1x04_P2.54mm_Vertical',
  'PinHeader_1x04_P2.54mm_Vertical','',(#65));
#65 = PRODUCT_CONTEXT('',#2,'mechanical');
#66 = PRODUCT_DEFINITION_CONTEXT('part definition',#2,'design');
#67 = SHAPE_REPRESENTATION('',(#11,#68),#72);
#68 = AXIS2_PLACEMENT_3D('',#69,#70,#71);
#69 = CARTESIAN_POINT('',(0.,0.,0.));
#70 = DIRECTION('',(0.,0.,1.));
#71 = DIRECTION('',(1.,0.,0.));
#72 = ( GEOMETRIC_REPRESENTATION_CONTEXT(3) 
GLOBAL_UNCERTAINTY_ASSIGNED_CONTEXT((#76)) GLOBAL_UNIT_ASSIGNED_CONTEXT(
(#73,#74,#75)) REPRESENTATION_CONTEXT('Context #1',
  '3D Context with UNIT and UNCERTAINTY') );
#73 = ( LENGTH_UNIT() NAMED_UNIT(*) SI_UNIT(.MILLI.,.METRE.) );
#74 = ( NAMED_UNIT(*) PLANE_ANGLE_UNIT() SI_UNIT($,.RADIAN.) );
#75 = ( NAMED_UNIT(*) SI_UNIT($,.STERADIAN.) SOLID_ANGLE_UNIT() );
#76 = UNCERTAINTY_MEASURE_WITH_UNIT(LENGTH_MEASURE(1.E-07),#73,
  'distance_accuracy_value','confusion accuracy');
#77 = CONTEXT_DEPENDENT_SHAPE_REPRESENTATION(#78,#80);
#78 = ( REPRESENTATION_RELATIONSHIP('','',#67,#40) 
REPRESENTATION_RELATIONSHIP_WITH_TRANSFORMATION(#79) 
SHAPE_REPRESENTATION_RELATIONSHIP() );
#79 = ITEM_DEFINED_TRANSFORMATION('','',#11,#41);
#80 = PRODUCT_DEFINITION_SHAPE('Placement','Placement of an item',#81);
#81 = NEXT_ASSEMBLY_USAGE_OCCURRENCE('2',
  'PinHeader_1x04_P2.54mm_Vertical','',#35,#62,$);
#82 = PRODUCT_RELATED_PRODUCT_CATEGORY('part',$,(#64));
#83 = SHAPE_DEFINITION_REPRESENTATION(#84,#90);
#84 = PRODUCT_DEFINITION_SHAPE('','',#85);
#85 = PRODUCT_DEFINITION('design','',#86,#89);
#86 = PRODUCT_DEFINITION_FORMATION('','',#87);
#87 = PRODUCT('PinHeader_1x04_P254mm_Vertical',
  'PinHeader_1x04_P254mm_Vertical','',(#88));
#88 = PRODUCT_CONTEXT('',#2,'mechanical');
#89 = PRODUCT_DEFINITION_CONTEXT('part definition',#2,'design');
#90 = ADVANCED_BREP_SHAPE_REPRESENTATION('',(#11,#91),#2871);
#91 = MANIFOLD_SOLID_BREP('',#92);
#92 = CLOSED_SHELL('',(#93,#133,#164,#195,#524,#853,#870,#887,#904,#921,
    #938,#955,#972,#989,#1006,#1023,#1040,#1057,#1074,#1091,#1108,#1125,
    #1142,#1159,#1176,#1193,#1210,#1227,#1239,#1270,#1294,#1318,#1335,
    #1366,#1390,#1414,#1431,#1462,#1486,#1510,#1527,#1558,#1582,#1606,
    #1623,#1654,#1678,#1702,#1719,#1750,#1774,#1798,#1815,#1846,#1870,
    #1894,#1911,#1942,#1966,#1990,#2007,#2038,#2062,#2086,#2103,#2134,
    #2158,#2182,#2199,#2230,#2254,#2278,#2295,#2326,#2350,#2374,#2391,
    #2422,#2446,#2470,#2487,#2518,#2542,#2566,#2583,#2614,#2638,#2662,
    #2679,#2710,#2734,#2758,#2775,#2787,#2799,#2811,#2823,#2835,#2847,
    #2859));
#93 = ADVANCED_FACE('',(#94),#128,.F.);
#94 = FACE_BOUND('',#95,.F.);
#95 = EDGE_LOOP('',(#96,#106,#114,#122));
#96 = ORIENTED_EDGE('',*,*,#97,.T.);
#97 = EDGE_CURVE('',#98,#100,#102,.T.);
#98 = VERTEX_POINT('',#99);
#99 = CARTESIAN_POINT('',(-1.016,1.27,0.));
#100 = VERTEX_POINT('',#101);
#101 = CARTESIAN_POINT('',(-1.016,1.27,2.54));
#102 = LINE('',#103,#104);
#103 = CARTESIAN_POINT('',(-1.016,1.27,0.));
#104 = VECTOR('',#105,1.);
#105 = DIRECTION('',(0.,0.,1.));
#106 = ORIENTED_EDGE('',*,*,#107,.T.);
#107 = EDGE_CURVE('',#100,#108,#110,.T.);
#108 = VERTEX_POINT('',#109);
#109 = CARTESIAN_POINT('',(-1.27,1.016,2.54));
#110 = LINE('',#111,#112);
#111 = CARTESIAN_POINT('',(-1.016,1.27,2.54));
#112 = VECTOR('',#113,1.);
#113 = DIRECTION('',(-0.707106781187,-0.707106781187,0.));
#114 = ORIENTED_EDGE('',*,*,#115,.F.);
#115 = EDGE_CURVE('',#116,#108,#118,.T.);
#116 = VERTEX_POINT('',#117);
#117 = CARTESIAN_POINT('',(-1.27,1.016,0.));
#118 = LINE('',#119,#120);
#119 = CARTESIAN_POINT('',(-1.27,1.016,0.));
#120 = VECTOR('',#121,1.);
#121 = DIRECTION('',(0.,0.,1.));
#122 = ORIENTED_EDGE('',*,*,#123,.F.);
#123 = EDGE_CURVE('',#98,#116,#124,.T.);
#124 = LINE('',#125,#126);
#125 = CARTESIAN_POINT('',(-1.016,1.27,0.));
#126 = VECTOR('',#127,1.);
#127 = DIRECTION('',(-0.707106781187,-0.707106781187,0.));
#128 = PLANE('',#129);
#129 = AXIS2_PLACEMENT_3D('',#130,#131,#132);
#130 = CARTESIAN_POINT('',(-1.016,1.27,0.));
#131 = DIRECTION('',(0.707106781187,-0.707106781187,0.));
#132 = DIRECTION('',(-0.707106781187,-0.707106781187,0.));
#133 = ADVANCED_FACE('',(#134),#159,.F.);
#134 = FACE_BOUND('',#135,.F.);
#135 = EDGE_LOOP('',(#136,#146,#152,#153));
#136 = ORIENTED_EDGE('',*,*,#137,.T.);
#137 = EDGE_CURVE('',#138,#140,#142,.T.);
#138 = VERTEX_POINT('',#139);
#139 = CARTESIAN_POINT('',(1.016,1.27,0.));
#140 = VERTEX_POINT('',#141);
#141 = CARTESIAN_POINT('',(1.016,1.27,2.54));
#142 = LINE('',#143,#144);
#143 = CARTESIAN_POINT('',(1.016,1.27,0.));
#144 = VECTOR('',#145,1.);
#145 = DIRECTION('',(0.,0.,1.));
#146 = ORIENTED_EDGE('',*,*,#147,.T.);
#147 = EDGE_CURVE('',#140,#100,#148,.T.);
#148 = LINE('',#149,#150);
#149 = CARTESIAN_POINT('',(1.016,1.27,2.54));
#150 = VECTOR('',#151,1.);
#151 = DIRECTION('',(-1.,0.,0.));
#152 = ORIENTED_EDGE('',*,*,#97,.F.);
#153 = ORIENTED_EDGE('',*,*,#154,.F.);
#154 = EDGE_CURVE('',#138,#98,#155,.T.);
#155 = LINE('',#156,#157);
#156 = CARTESIAN_POINT('',(1.016,1.27,0.));
#157 = VECTOR('',#158,1.);
#158 = DIRECTION('',(-1.,0.,0.));
#159 = PLANE('',#160);
#160 = AXIS2_PLACEMENT_3D('',#161,#162,#163);
#161 = CARTESIAN_POINT('',(1.016,1.27,0.));
#162 = DIRECTION('',(0.,-1.,0.));
#163 = DIRECTION('',(-1.,0.,0.));
#164 = ADVANCED_FACE('',(#165),#190,.F.);
#165 = FACE_BOUND('',#166,.F.);
#166 = EDGE_LOOP('',(#167,#168,#176,#184));
#167 = ORIENTED_EDGE('',*,*,#115,.T.);
#168 = ORIENTED_EDGE('',*,*,#169,.T.);
#169 = EDGE_CURVE('',#108,#170,#172,.T.);
#170 = VERTEX_POINT('',#171);
#171 = CARTESIAN_POINT('',(-1.27,-1.016,2.54));
#172 = LINE('',#173,#174);
#173 = CARTESIAN_POINT('',(-1.27,1.016,2.54));
#174 = VECTOR('',#175,1.);
#175 = DIRECTION('',(0.,-1.,0.));
#176 = ORIENTED_EDGE('',*,*,#177,.F.);
#177 = EDGE_CURVE('',#178,#170,#180,.T.);
#178 = VERTEX_POINT('',#179);
#179 = CARTESIAN_POINT('',(-1.27,-1.016,0.));
#180 = LINE('',#181,#182);
#181 = CARTESIAN_POINT('',(-1.27,-1.016,0.));
#182 = VECTOR('',#183,1.);
#183 = DIRECTION('',(0.,0.,1.));
#184 = ORIENTED_EDGE('',*,*,#185,.F.);
#185 = EDGE_CURVE('',#116,#178,#186,.T.);
#186 = LINE('',#187,#188);
#187 = CARTESIAN_POINT('',(-1.27,1.016,0.));
#188 = VECTOR('',#189,1.);
#189 = DIRECTION('',(0.,-1.,0.));
#190 = PLANE('',#191);
#191 = AXIS2_PLACEMENT_3D('',#192,#193,#194);
#192 = CARTESIAN_POINT('',(-1.27,1.016,0.));
#193 = DIRECTION('',(1.,0.,0.));
#194 = DIRECTION('',(0.,-1.,0.));
#195 = ADVANCED_FACE('',(#196,#383,#417,#451,#485),#519,.F.);
#196 = FACE_BOUND('',#197,.F.);
#197 = EDGE_LOOP('',(#198,#199,#200,#208,#216,#224,#232,#240,#248,#256,
    #264,#272,#280,#288,#296,#304,#312,#320,#328,#336,#344,#352,#360,
    #368,#376,#382));
#198 = ORIENTED_EDGE('',*,*,#123,.T.);
#199 = ORIENTED_EDGE('',*,*,#185,.T.);
#200 = ORIENTED_EDGE('',*,*,#201,.T.);
#201 = EDGE_CURVE('',#178,#202,#204,.T.);
#202 = VERTEX_POINT('',#203);
#203 = CARTESIAN_POINT('',(-1.016,-1.27,0.));
#204 = LINE('',#205,#206);
#205 = CARTESIAN_POINT('',(-1.27,-1.016,0.));
#206 = VECTOR('',#207,1.);
#207 = DIRECTION('',(0.707106781187,-0.707106781187,0.));
#208 = ORIENTED_EDGE('',*,*,#209,.T.);
#209 = EDGE_CURVE('',#202,#210,#212,.T.);
#210 = VERTEX_POINT('',#211);
#211 = CARTESIAN_POINT('',(-1.27,-1.524,0.));
#212 = LINE('',#213,#214);
#213 = CARTESIAN_POINT('',(-1.016,-1.27,0.));
#214 = VECTOR('',#215,1.);
#215 = DIRECTION('',(-0.707106781187,-0.707106781187,0.));
#216 = ORIENTED_EDGE('',*,*,#217,.T.);
#217 = EDGE_CURVE('',#210,#218,#220,.T.);
#218 = VERTEX_POINT('',#219);
#219 = CARTESIAN_POINT('',(-1.27,-3.556,0.));
#220 = LINE('',#221,#222);
#221 = CARTESIAN_POINT('',(-1.27,-1.524,0.));
#222 = VECTOR('',#223,1.);
#223 = DIRECTION('',(0.,-1.,0.));
#224 = ORIENTED_EDGE('',*,*,#225,.T.);
#225 = EDGE_CURVE('',#218,#226,#228,.T.);
#226 = VERTEX_POINT('',#227);
#227 = CARTESIAN_POINT('',(-1.016,-3.81,0.));
#228 = LINE('',#229,#230);
#229 = CARTESIAN_POINT('',(-1.27,-3.556,0.));
#230 = VECTOR('',#231,1.);
#231 = DIRECTION('',(0.707106781187,-0.707106781187,0.));
#232 = ORIENTED_EDGE('',*,*,#233,.T.);
#233 = EDGE_CURVE('',#226,#234,#236,.T.);
#234 = VERTEX_POINT('',#235);
#235 = CARTESIAN_POINT('',(-1.27,-4.064,0.));
#236 = LINE('',#237,#238);
#237 = CARTESIAN_POINT('',(-1.016,-3.81,0.));
#238 = VECTOR('',#239,1.);
#239 = DIRECTION('',(-0.707106781187,-0.707106781187,0.));
#240 = ORIENTED_EDGE('',*,*,#241,.T.);
#241 = EDGE_CURVE('',#234,#242,#244,.T.);
#242 = VERTEX_POINT('',#243);
#243 = CARTESIAN_POINT('',(-1.27,-6.096,0.));
#244 = LINE('',#245,#246);
#245 = CARTESIAN_POINT('',(-1.27,-4.064,0.));
#246 = VECTOR('',#247,1.);
#247 = DIRECTION('',(0.,-1.,0.));
#248 = ORIENTED_EDGE('',*,*,#249,.T.);
#249 = EDGE_CURVE('',#242,#250,#252,.T.);
#250 = VERTEX_POINT('',#251);
#251 = CARTESIAN_POINT('',(-1.016,-6.35,0.));
#252 = LINE('',#253,#254);
#253 = CARTESIAN_POINT('',(-1.27,-6.096,0.));
#254 = VECTOR('',#255,1.);
#255 = DIRECTION('',(0.707106781187,-0.707106781187,0.));
#256 = ORIENTED_EDGE('',*,*,#257,.T.);
#257 = EDGE_CURVE('',#250,#258,#260,.T.);
#258 = VERTEX_POINT('',#259);
#259 = CARTESIAN_POINT('',(-1.27,-6.604,0.));
#260 = LINE('',#261,#262);
#261 = CARTESIAN_POINT('',(-1.016,-6.35,0.));
#262 = VECTOR('',#263,1.);
#263 = DIRECTION('',(-0.707106781187,-0.707106781187,0.));
#264 = ORIENTED_EDGE('',*,*,#265,.T.);
#265 = EDGE_CURVE('',#258,#266,#268,.T.);
#266 = VERTEX_POINT('',#267);
#267 = CARTESIAN_POINT('',(-1.27,-8.636,0.));
#268 = LINE('',#269,#270);
#269 = CARTESIAN_POINT('',(-1.27,-6.604,0.));
#270 = VECTOR('',#271,1.);
#271 = DIRECTION('',(0.,-1.,0.));
#272 = ORIENTED_EDGE('',*,*,#273,.T.);
#273 = EDGE_CURVE('',#266,#274,#276,.T.);
#274 = VERTEX_POINT('',#275);
#275 = CARTESIAN_POINT('',(-1.016,-8.89,0.));
#276 = LINE('',#277,#278);
#277 = CARTESIAN_POINT('',(-1.27,-8.636,0.));
#278 = VECTOR('',#279,1.);
#279 = DIRECTION('',(0.707106781187,-0.707106781187,0.));
#280 = ORIENTED_EDGE('',*,*,#281,.T.);
#281 = EDGE_CURVE('',#274,#282,#284,.T.);
#282 = VERTEX_POINT('',#283);
#283 = CARTESIAN_POINT('',(1.016,-8.89,0.));
#284 = LINE('',#285,#286);
#285 = CARTESIAN_POINT('',(-1.016,-8.89,0.));
#286 = VECTOR('',#287,1.);
#287 = DIRECTION('',(1.,0.,0.));
#288 = ORIENTED_EDGE('',*,*,#289,.T.);
#289 = EDGE_CURVE('',#282,#290,#292,.T.);
#290 = VERTEX_POINT('',#291);
#291 = CARTESIAN_POINT('',(1.27,-8.636,0.));
#292 = LINE('',#293,#294);
#293 = CARTESIAN_POINT('',(1.016,-8.89,0.));
#294 = VECTOR('',#295,1.);
#295 = DIRECTION('',(0.707106781187,0.707106781187,0.));
#296 = ORIENTED_EDGE('',*,*,#297,.T.);
#297 = EDGE_CURVE('',#290,#298,#300,.T.);
#298 = VERTEX_POINT('',#299);
#299 = CARTESIAN_POINT('',(1.27,-6.604,0.));
#300 = LINE('',#301,#302);
#301 = CARTESIAN_POINT('',(1.27,-8.636,0.));
#302 = VECTOR('',#303,1.);
#303 = DIRECTION('',(0.,1.,0.));
#304 = ORIENTED_EDGE('',*,*,#305,.T.);
#305 = EDGE_CURVE('',#298,#306,#308,.T.);
#306 = VERTEX_POINT('',#307);
#307 = CARTESIAN_POINT('',(1.016,-6.35,0.));
#308 = LINE('',#309,#310);
#309 = CARTESIAN_POINT('',(1.27,-6.604,0.));
#310 = VECTOR('',#311,1.);
#311 = DIRECTION('',(-0.707106781187,0.707106781187,0.));
#312 = ORIENTED_EDGE('',*,*,#313,.T.);
#313 = EDGE_CURVE('',#306,#314,#316,.T.);
#314 = VERTEX_POINT('',#315);
#315 = CARTESIAN_POINT('',(1.27,-6.096,0.));
#316 = LINE('',#317,#318);
#317 = CARTESIAN_POINT('',(1.016,-6.35,0.));
#318 = VECTOR('',#319,1.);
#319 = DIRECTION('',(0.707106781187,0.707106781187,0.));
#320 = ORIENTED_EDGE('',*,*,#321,.T.);
#321 = EDGE_CURVE('',#314,#322,#324,.T.);
#322 = VERTEX_POINT('',#323);
#323 = CARTESIAN_POINT('',(1.27,-4.064,0.));
#324 = LINE('',#325,#326);
#325 = CARTESIAN_POINT('',(1.27,-6.096,0.));
#326 = VECTOR('',#327,1.);
#327 = DIRECTION('',(0.,1.,0.));
#328 = ORIENTED_EDGE('',*,*,#329,.T.);
#329 = EDGE_CURVE('',#322,#330,#332,.T.);
#330 = VERTEX_POINT('',#331);
#331 = CARTESIAN_POINT('',(1.016,-3.81,0.));
#332 = LINE('',#333,#334);
#333 = CARTESIAN_POINT('',(1.27,-4.064,0.));
#334 = VECTOR('',#335,1.);
#335 = DIRECTION('',(-0.707106781187,0.707106781187,0.));
#336 = ORIENTED_EDGE('',*,*,#337,.T.);
#337 = EDGE_CURVE('',#330,#338,#340,.T.);
#338 = VERTEX_POINT('',#339);
#339 = CARTESIAN_POINT('',(1.27,-3.556,0.));
#340 = LINE('',#341,#342);
#341 = CARTESIAN_POINT('',(1.016,-3.81,0.));
#342 = VECTOR('',#343,1.);
#343 = DIRECTION('',(0.707106781187,0.707106781187,0.));
#344 = ORIENTED_EDGE('',*,*,#345,.T.);
#345 = EDGE_CURVE('',#338,#346,#348,.T.);
#346 = VERTEX_POINT('',#347);
#347 = CARTESIAN_POINT('',(1.27,-1.524,0.));
#348 = LINE('',#349,#350);
#349 = CARTESIAN_POINT('',(1.27,-3.556,0.));
#350 = VECTOR('',#351,1.);
#351 = DIRECTION('',(0.,1.,0.));
#352 = ORIENTED_EDGE('',*,*,#353,.T.);
#353 = EDGE_CURVE('',#346,#354,#356,.T.);
#354 = VERTEX_POINT('',#355);
#355 = CARTESIAN_POINT('',(1.016,-1.27,0.));
#356 = LINE('',#357,#358);
#357 = CARTESIAN_POINT('',(1.27,-1.524,0.));
#358 = VECTOR('',#359,1.);
#359 = DIRECTION('',(-0.707106781187,0.707106781187,0.));
#360 = ORIENTED_EDGE('',*,*,#361,.T.);
#361 = EDGE_CURVE('',#354,#362,#364,.T.);
#362 = VERTEX_POINT('',#363);
#363 = CARTESIAN_POINT('',(1.27,-1.016,0.));
#364 = LINE('',#365,#366);
#365 = CARTESIAN_POINT('',(1.016,-1.27,0.));
#366 = VECTOR('',#367,1.);
#367 = DIRECTION('',(0.707106781187,0.707106781187,0.));
#368 = ORIENTED_EDGE('',*,*,#369,.T.);
#369 = EDGE_CURVE('',#362,#370,#372,.T.);
#370 = VERTEX_POINT('',#371);
#371 = CARTESIAN_POINT('',(1.27,1.016,0.));
#372 = LINE('',#373,#374);
#373 = CARTESIAN_POINT('',(1.27,-1.016,0.));
#374 = VECTOR('',#375,1.);
#375 = DIRECTION('',(0.,1.,0.));
#376 = ORIENTED_EDGE('',*,*,#377,.T.);
#377 = EDGE_CURVE('',#370,#138,#378,.T.);
#378 = LINE('',#379,#380);
#379 = CARTESIAN_POINT('',(1.27,1.016,0.));
#380 = VECTOR('',#381,1.);
#381 = DIRECTION('',(-0.707106781187,0.707106781187,0.));
#382 = ORIENTED_EDGE('',*,*,#154,.T.);
#383 = FACE_BOUND('',#384,.F.);
#384 = EDGE_LOOP('',(#385,#395,#403,#411));
#385 = ORIENTED_EDGE('',*,*,#386,.F.);
#386 = EDGE_CURVE('',#387,#389,#391,.T.);
#387 = VERTEX_POINT('',#388);
#388 = CARTESIAN_POINT('',(0.32,-4.76,0.));
#389 = VERTEX_POINT('',#390);
#390 = CARTESIAN_POINT('',(-0.32,-4.76,0.));
#391 = LINE('',#392,#393);
#392 = CARTESIAN_POINT('',(-0.16,-4.76,0.));
#393 = VECTOR('',#394,1.);
#394 = DIRECTION('',(-1.,0.,0.));
#395 = ORIENTED_EDGE('',*,*,#396,.F.);
#396 = EDGE_CURVE('',#397,#387,#399,.T.);
#397 = VERTEX_POINT('',#398);
#398 = CARTESIAN_POINT('',(0.32,-5.4,0.));
#399 = LINE('',#400,#401);
#400 = CARTESIAN_POINT('',(0.32,-4.605,0.));
#401 = VECTOR('',#402,1.);
#402 = DIRECTION('',(0.,1.,0.));
#403 = ORIENTED_EDGE('',*,*,#404,.T.);
#404 = EDGE_CURVE('',#397,#405,#407,.T.);
#405 = VERTEX_POINT('',#406);
#406 = CARTESIAN_POINT('',(-0.32,-5.4,0.));
#407 = LINE('',#408,#409);
#408 = CARTESIAN_POINT('',(-0.16,-5.4,0.));
#409 = VECTOR('',#410,1.);
#410 = DIRECTION('',(-1.,0.,0.));
#411 = ORIENTED_EDGE('',*,*,#412,.T.);
#412 = EDGE_CURVE('',#405,#389,#413,.T.);
#413 = LINE('',#414,#415);
#414 = CARTESIAN_POINT('',(-0.32,-4.605,0.));
#415 = VECTOR('',#416,1.);
#416 = DIRECTION('',(0.,1.,0.));
#417 = FACE_BOUND('',#418,.F.);
#418 = EDGE_LOOP('',(#419,#429,#437,#445));
#419 = ORIENTED_EDGE('',*,*,#420,.F.);
#420 = EDGE_CURVE('',#421,#423,#425,.T.);
#421 = VERTEX_POINT('',#422);
#422 = CARTESIAN_POINT('',(0.32,-7.94,0.));
#423 = VERTEX_POINT('',#424);
#424 = CARTESIAN_POINT('',(0.32,-7.3,0.));
#425 = LINE('',#426,#427);
#426 = CARTESIAN_POINT('',(0.32,-5.875,0.));
#427 = VECTOR('',#428,1.);
#428 = DIRECTION('',(0.,1.,0.));
#429 = ORIENTED_EDGE('',*,*,#430,.T.);
#430 = EDGE_CURVE('',#421,#431,#433,.T.);
#431 = VERTEX_POINT('',#432);
#432 = CARTESIAN_POINT('',(-0.32,-7.94,0.));
#433 = LINE('',#434,#435);
#434 = CARTESIAN_POINT('',(-0.16,-7.94,0.));
#435 = VECTOR('',#436,1.);
#436 = DIRECTION('',(-1.,0.,0.));
#437 = ORIENTED_EDGE('',*,*,#438,.T.);
#438 = EDGE_CURVE('',#431,#439,#441,.T.);
#439 = VERTEX_POINT('',#440);
#440 = CARTESIAN_POINT('',(-0.32,-7.3,0.));
#441 = LINE('',#442,#443);
#442 = CARTESIAN_POINT('',(-0.32,-5.875,0.));
#443 = VECTOR('',#444,1.);
#444 = DIRECTION('',(0.,1.,0.));
#445 = ORIENTED_EDGE('',*,*,#446,.F.);
#446 = EDGE_CURVE('',#423,#439,#447,.T.);
#447 = LINE('',#448,#449);
#448 = CARTESIAN_POINT('',(-0.16,-7.3,0.));
#449 = VECTOR('',#450,1.);
#450 = DIRECTION('',(-1.,0.,0.));
#451 = FACE_BOUND('',#452,.F.);
#452 = EDGE_LOOP('',(#453,#463,#471,#479));
#453 = ORIENTED_EDGE('',*,*,#454,.F.);
#454 = EDGE_CURVE('',#455,#457,#459,.T.);
#455 = VERTEX_POINT('',#456);
#456 = CARTESIAN_POINT('',(0.32,-0.32,0.));
#457 = VERTEX_POINT('',#458);
#458 = CARTESIAN_POINT('',(0.32,0.32,0.));
#459 = LINE('',#460,#461);
#460 = CARTESIAN_POINT('',(0.32,-2.065,0.));
#461 = VECTOR('',#462,1.);
#462 = DIRECTION('',(0.,1.,0.));
#463 = ORIENTED_EDGE('',*,*,#464,.T.);
#464 = EDGE_CURVE('',#455,#465,#467,.T.);
#465 = VERTEX_POINT('',#466);
#466 = CARTESIAN_POINT('',(-0.32,-0.32,0.));
#467 = LINE('',#468,#469);
#468 = CARTESIAN_POINT('',(-0.16,-0.32,0.));
#469 = VECTOR('',#470,1.);
#470 = DIRECTION('',(-1.,0.,0.));
#471 = ORIENTED_EDGE('',*,*,#472,.T.);
#472 = EDGE_CURVE('',#465,#473,#475,.T.);
#473 = VERTEX_POINT('',#474);
#474 = CARTESIAN_POINT('',(-0.32,0.32,0.));
#475 = LINE('',#476,#477);
#476 = CARTESIAN_POINT('',(-0.32,-2.065,0.));
#477 = VECTOR('',#478,1.);
#478 = DIRECTION('',(0.,1.,0.));
#479 = ORIENTED_EDGE('',*,*,#480,.F.);
#480 = EDGE_CURVE('',#457,#473,#481,.T.);
#481 = LINE('',#482,#483);
#482 = CARTESIAN_POINT('',(-0.16,0.32,0.));
#483 = VECTOR('',#484,1.);
#484 = DIRECTION('',(-1.,0.,0.));
#485 = FACE_BOUND('',#486,.F.);
#486 = EDGE_LOOP('',(#487,#497,#505,#513));
#487 = ORIENTED_EDGE('',*,*,#488,.F.);
#488 = EDGE_CURVE('',#489,#491,#493,.T.);
#489 = VERTEX_POINT('',#490);
#490 = CARTESIAN_POINT('',(0.32,-2.22,0.));
#491 = VERTEX_POINT('',#492);
#492 = CARTESIAN_POINT('',(-0.32,-2.22,0.));
#493 = LINE('',#494,#495);
#494 = CARTESIAN_POINT('',(-0.16,-2.22,0.));
#495 = VECTOR('',#496,1.);
#496 = DIRECTION('',(-1.,0.,0.));
#497 = ORIENTED_EDGE('',*,*,#498,.F.);
#498 = EDGE_CURVE('',#499,#489,#501,.T.);
#499 = VERTEX_POINT('',#500);
#500 = CARTESIAN_POINT('',(0.32,-2.86,0.));
#501 = LINE('',#502,#503);
#502 = CARTESIAN_POINT('',(0.32,-3.335,0.));
#503 = VECTOR('',#504,1.);
#504 = DIRECTION('',(0.,1.,0.));
#505 = ORIENTED_EDGE('',*,*,#506,.T.);
#506 = EDGE_CURVE('',#499,#507,#509,.T.);
#507 = VERTEX_POINT('',#508);
#508 = CARTESIAN_POINT('',(-0.32,-2.86,0.));
#509 = LINE('',#510,#511);
#510 = CARTESIAN_POINT('',(-0.16,-2.86,0.));
#511 = VECTOR('',#512,1.);
#512 = DIRECTION('',(-1.,0.,0.));
#513 = ORIENTED_EDGE('',*,*,#514,.T.);
#514 = EDGE_CURVE('',#507,#491,#515,.T.);
#515 = LINE('',#516,#517);
#516 = CARTESIAN_POINT('',(-0.32,-3.335,0.));
#517 = VECTOR('',#518,1.);
#518 = DIRECTION('',(0.,1.,0.));
#519 = PLANE('',#520);
#520 = AXIS2_PLACEMENT_3D('',#521,#522,#523);
#521 = CARTESIAN_POINT('',(4.259053689278E-17,-3.81,0.));
#522 = DIRECTION('',(0.,0.,1.));
#523 = DIRECTION('',(1.,0.,-0.));
#524 = ADVANCED_FACE('',(#525,#712,#746,#780,#814),#848,.T.);
#525 = FACE_BOUND('',#526,.T.);
#526 = EDGE_LOOP('',(#527,#528,#529,#537,#545,#553,#561,#569,#577,#585,
    #593,#601,#609,#617,#625,#633,#641,#649,#657,#665,#673,#681,#689,
    #697,#705,#711));
#527 = ORIENTED_EDGE('',*,*,#107,.T.);
#528 = ORIENTED_EDGE('',*,*,#169,.T.);
#529 = ORIENTED_EDGE('',*,*,#530,.T.);
#530 = EDGE_CURVE('',#170,#531,#533,.T.);
#531 = VERTEX_POINT('',#532);
#532 = CARTESIAN_POINT('',(-1.016,-1.27,2.54));
#533 = LINE('',#534,#535);
#534 = CARTESIAN_POINT('',(-1.27,-1.016,2.54));
#535 = VECTOR('',#536,1.);
#536 = DIRECTION('',(0.707106781187,-0.707106781187,0.));
#537 = ORIENTED_EDGE('',*,*,#538,.T.);
#538 = EDGE_CURVE('',#531,#539,#541,.T.);
#539 = VERTEX_POINT('',#540);
#540 = CARTESIAN_POINT('',(-1.27,-1.524,2.54));
#541 = LINE('',#542,#543);
#542 = CARTESIAN_POINT('',(-1.016,-1.27,2.54));
#543 = VECTOR('',#544,1.);
#544 = DIRECTION('',(-0.707106781187,-0.707106781187,0.));
#545 = ORIENTED_EDGE('',*,*,#546,.T.);
#546 = EDGE_CURVE('',#539,#547,#549,.T.);
#547 = VERTEX_POINT('',#548);
#548 = CARTESIAN_POINT('',(-1.27,-3.556,2.54));
#549 = LINE('',#550,#551);
#550 = CARTESIAN_POINT('',(-1.27,-1.524,2.54));
#551 = VECTOR('',#552,1.);
#552 = DIRECTION('',(0.,-1.,0.));
#553 = ORIENTED_EDGE('',*,*,#554,.T.);
#554 = EDGE_CURVE('',#547,#555,#557,.T.);
#555 = VERTEX_POINT('',#556);
#556 = CARTESIAN_POINT('',(-1.016,-3.81,2.54));
#557 = LINE('',#558,#559);
#558 = CARTESIAN_POINT('',(-1.27,-3.556,2.54));
#559 = VECTOR('',#560,1.);
#560 = DIRECTION('',(0.707106781187,-0.707106781187,0.));
#561 = ORIENTED_EDGE('',*,*,#562,.T.);
#562 = EDGE_CURVE('',#555,#563,#565,.T.);
#563 = VERTEX_POINT('',#564);
#564 = CARTESIAN_POINT('',(-1.27,-4.064,2.54));
#565 = LINE('',#566,#567);
#566 = CARTESIAN_POINT('',(-1.016,-3.81,2.54));
#567 = VECTOR('',#568,1.);
#568 = DIRECTION('',(-0.707106781187,-0.707106781187,0.));
#569 = ORIENTED_EDGE('',*,*,#570,.T.);
#570 = EDGE_CURVE('',#563,#571,#573,.T.);
#571 = VERTEX_POINT('',#572);
#572 = CARTESIAN_POINT('',(-1.27,-6.096,2.54));
#573 = LINE('',#574,#575);
#574 = CARTESIAN_POINT('',(-1.27,-4.064,2.54));
#575 = VECTOR('',#576,1.);
#576 = DIRECTION('',(0.,-1.,0.));
#577 = ORIENTED_EDGE('',*,*,#578,.T.);
#578 = EDGE_CURVE('',#571,#579,#581,.T.);
#579 = VERTEX_POINT('',#580);
#580 = CARTESIAN_POINT('',(-1.016,-6.35,2.54));
#581 = LINE('',#582,#583);
#582 = CARTESIAN_POINT('',(-1.27,-6.096,2.54));
#583 = VECTOR('',#584,1.);
#584 = DIRECTION('',(0.707106781187,-0.707106781187,0.));
#585 = ORIENTED_EDGE('',*,*,#586,.T.);
#586 = EDGE_CURVE('',#579,#587,#589,.T.);
#587 = VERTEX_POINT('',#588);
#588 = CARTESIAN_POINT('',(-1.27,-6.604,2.54));
#589 = LINE('',#590,#591);
#590 = CARTESIAN_POINT('',(-1.016,-6.35,2.54));
#591 = VECTOR('',#592,1.);
#592 = DIRECTION('',(-0.707106781187,-0.707106781187,0.));
#593 = ORIENTED_EDGE('',*,*,#594,.T.);
#594 = EDGE_CURVE('',#587,#595,#597,.T.);
#595 = VERTEX_POINT('',#596);
#596 = CARTESIAN_POINT('',(-1.27,-8.636,2.54));
#597 = LINE('',#598,#599);
#598 = CARTESIAN_POINT('',(-1.27,-6.604,2.54));
#599 = VECTOR('',#600,1.);
#600 = DIRECTION('',(0.,-1.,0.));
#601 = ORIENTED_EDGE('',*,*,#602,.T.);
#602 = EDGE_CURVE('',#595,#603,#605,.T.);
#603 = VERTEX_POINT('',#604);
#604 = CARTESIAN_POINT('',(-1.016,-8.89,2.54));
#605 = LINE('',#606,#607);
#606 = CARTESIAN_POINT('',(-1.27,-8.636,2.54));
#607 = VECTOR('',#608,1.);
#608 = DIRECTION('',(0.707106781187,-0.707106781187,0.));
#609 = ORIENTED_EDGE('',*,*,#610,.T.);
#610 = EDGE_CURVE('',#603,#611,#613,.T.);
#611 = VERTEX_POINT('',#612);
#612 = CARTESIAN_POINT('',(1.016,-8.89,2.54));
#613 = LINE('',#614,#615);
#614 = CARTESIAN_POINT('',(-1.016,-8.89,2.54));
#615 = VECTOR('',#616,1.);
#616 = DIRECTION('',(1.,0.,0.));
#617 = ORIENTED_EDGE('',*,*,#618,.T.);
#618 = EDGE_CURVE('',#611,#619,#621,.T.);
#619 = VERTEX_POINT('',#620);
#620 = CARTESIAN_POINT('',(1.27,-8.636,2.54));
#621 = LINE('',#622,#623);
#622 = CARTESIAN_POINT('',(1.016,-8.89,2.54));
#623 = VECTOR('',#624,1.);
#624 = DIRECTION('',(0.707106781187,0.707106781187,0.));
#625 = ORIENTED_EDGE('',*,*,#626,.T.);
#626 = EDGE_CURVE('',#619,#627,#629,.T.);
#627 = VERTEX_POINT('',#628);
#628 = CARTESIAN_POINT('',(1.27,-6.604,2.54));
#629 = LINE('',#630,#631);
#630 = CARTESIAN_POINT('',(1.27,-8.636,2.54));
#631 = VECTOR('',#632,1.);
#632 = DIRECTION('',(0.,1.,0.));
#633 = ORIENTED_EDGE('',*,*,#634,.T.);
#634 = EDGE_CURVE('',#627,#635,#637,.T.);
#635 = VERTEX_POINT('',#636);
#636 = CARTESIAN_POINT('',(1.016,-6.35,2.54));
#637 = LINE('',#638,#639);
#638 = CARTESIAN_POINT('',(1.27,-6.604,2.54));
#639 = VECTOR('',#640,1.);
#640 = DIRECTION('',(-0.707106781187,0.707106781187,0.));
#641 = ORIENTED_EDGE('',*,*,#642,.T.);
#642 = EDGE_CURVE('',#635,#643,#645,.T.);
#643 = VERTEX_POINT('',#644);
#644 = CARTESIAN_POINT('',(1.27,-6.096,2.54));
#645 = LINE('',#646,#647);
#646 = CARTESIAN_POINT('',(1.016,-6.35,2.54));
#647 = VECTOR('',#648,1.);
#648 = DIRECTION('',(0.707106781187,0.707106781187,0.));
#649 = ORIENTED_EDGE('',*,*,#650,.T.);
#650 = EDGE_CURVE('',#643,#651,#653,.T.);
#651 = VERTEX_POINT('',#652);
#652 = CARTESIAN_POINT('',(1.27,-4.064,2.54));
#653 = LINE('',#654,#655);
#654 = CARTESIAN_POINT('',(1.27,-6.096,2.54));
#655 = VECTOR('',#656,1.);
#656 = DIRECTION('',(0.,1.,0.));
#657 = ORIENTED_EDGE('',*,*,#658,.T.);
#658 = EDGE_CURVE('',#651,#659,#661,.T.);
#659 = VERTEX_POINT('',#660);
#660 = CARTESIAN_POINT('',(1.016,-3.81,2.54));
#661 = LINE('',#662,#663);
#662 = CARTESIAN_POINT('',(1.27,-4.064,2.54));
#663 = VECTOR('',#664,1.);
#664 = DIRECTION('',(-0.707106781187,0.707106781187,0.));
#665 = ORIENTED_EDGE('',*,*,#666,.T.);
#666 = EDGE_CURVE('',#659,#667,#669,.T.);
#667 = VERTEX_POINT('',#668);
#668 = CARTESIAN_POINT('',(1.27,-3.556,2.54));
#669 = LINE('',#670,#671);
#670 = CARTESIAN_POINT('',(1.016,-3.81,2.54));
#671 = VECTOR('',#672,1.);
#672 = DIRECTION('',(0.707106781187,0.707106781187,0.));
#673 = ORIENTED_EDGE('',*,*,#674,.T.);
#674 = EDGE_CURVE('',#667,#675,#677,.T.);
#675 = VERTEX_POINT('',#676);
#676 = CARTESIAN_POINT('',(1.27,-1.524,2.54));
#677 = LINE('',#678,#679);
#678 = CARTESIAN_POINT('',(1.27,-3.556,2.54));
#679 = VECTOR('',#680,1.);
#680 = DIRECTION('',(0.,1.,0.));
#681 = ORIENTED_EDGE('',*,*,#682,.T.);
#682 = EDGE_CURVE('',#675,#683,#685,.T.);
#683 = VERTEX_POINT('',#684);
#684 = CARTESIAN_POINT('',(1.016,-1.27,2.54));
#685 = LINE('',#686,#687);
#686 = CARTESIAN_POINT('',(1.27,-1.524,2.54));
#687 = VECTOR('',#688,1.);
#688 = DIRECTION('',(-0.707106781187,0.707106781187,0.));
#689 = ORIENTED_EDGE('',*,*,#690,.T.);
#690 = EDGE_CURVE('',#683,#691,#693,.T.);
#691 = VERTEX_POINT('',#692);
#692 = CARTESIAN_POINT('',(1.27,-1.016,2.54));
#693 = LINE('',#694,#695);
#694 = CARTESIAN_POINT('',(1.016,-1.27,2.54));
#695 = VECTOR('',#696,1.);
#696 = DIRECTION('',(0.707106781187,0.707106781187,0.));
#697 = ORIENTED_EDGE('',*,*,#698,.T.);
#698 = EDGE_CURVE('',#691,#699,#701,.T.);
#699 = VERTEX_POINT('',#700);
#700 = CARTESIAN_POINT('',(1.27,1.016,2.54));
#701 = LINE('',#702,#703);
#702 = CARTESIAN_POINT('',(1.27,-1.016,2.54));
#703 = VECTOR('',#704,1.);
#704 = DIRECTION('',(0.,1.,0.));
#705 = ORIENTED_EDGE('',*,*,#706,.T.);
#706 = EDGE_CURVE('',#699,#140,#707,.T.);
#707 = LINE('',#708,#709);
#708 = CARTESIAN_POINT('',(1.27,1.016,2.54));
#709 = VECTOR('',#710,1.);
#710 = DIRECTION('',(-0.707106781187,0.707106781187,0.));
#711 = ORIENTED_EDGE('',*,*,#147,.T.);
#712 = FACE_BOUND('',#713,.T.);
#713 = EDGE_LOOP('',(#714,#724,#732,#740));
#714 = ORIENTED_EDGE('',*,*,#715,.F.);
#715 = EDGE_CURVE('',#716,#718,#720,.T.);
#716 = VERTEX_POINT('',#717);
#717 = CARTESIAN_POINT('',(0.32,-4.76,2.54));
#718 = VERTEX_POINT('',#719);
#719 = CARTESIAN_POINT('',(-0.32,-4.76,2.54));
#720 = LINE('',#721,#722);
#721 = CARTESIAN_POINT('',(-0.16,-4.76,2.54));
#722 = VECTOR('',#723,1.);
#723 = DIRECTION('',(-1.,0.,0.));
#724 = ORIENTED_EDGE('',*,*,#725,.F.);
#725 = EDGE_CURVE('',#726,#716,#728,.T.);
#726 = VERTEX_POINT('',#727);
#727 = CARTESIAN_POINT('',(0.32,-5.4,2.54));
#728 = LINE('',#729,#730);
#729 = CARTESIAN_POINT('',(0.32,-4.605,2.54));
#730 = VECTOR('',#731,1.);
#731 = DIRECTION('',(0.,1.,0.));
#732 = ORIENTED_EDGE('',*,*,#733,.T.);
#733 = EDGE_CURVE('',#726,#734,#736,.T.);
#734 = VERTEX_POINT('',#735);
#735 = CARTESIAN_POINT('',(-0.32,-5.4,2.54));
#736 = LINE('',#737,#738);
#737 = CARTESIAN_POINT('',(-0.16,-5.4,2.54));
#738 = VECTOR('',#739,1.);
#739 = DIRECTION('',(-1.,0.,0.));
#740 = ORIENTED_EDGE('',*,*,#741,.T.);
#741 = EDGE_CURVE('',#734,#718,#742,.T.);
#742 = LINE('',#743,#744);
#743 = CARTESIAN_POINT('',(-0.32,-4.605,2.54));
#744 = VECTOR('',#745,1.);
#745 = DIRECTION('',(0.,1.,0.));
#746 = FACE_BOUND('',#747,.T.);
#747 = EDGE_LOOP('',(#748,#758,#766,#774));
#748 = ORIENTED_EDGE('',*,*,#749,.F.);
#749 = EDGE_CURVE('',#750,#752,#754,.T.);
#750 = VERTEX_POINT('',#751);
#751 = CARTESIAN_POINT('',(0.32,-7.94,2.54));
#752 = VERTEX_POINT('',#753);
#753 = CARTESIAN_POINT('',(0.32,-7.3,2.54));
#754 = LINE('',#755,#756);
#755 = CARTESIAN_POINT('',(0.32,-5.875,2.54));
#756 = VECTOR('',#757,1.);
#757 = DIRECTION('',(0.,1.,0.));
#758 = ORIENTED_EDGE('',*,*,#759,.T.);
#759 = EDGE_CURVE('',#750,#760,#762,.T.);
#760 = VERTEX_POINT('',#761);
#761 = CARTESIAN_POINT('',(-0.32,-7.94,2.54));
#762 = LINE('',#763,#764);
#763 = CARTESIAN_POINT('',(-0.16,-7.94,2.54));
#764 = VECTOR('',#765,1.);
#765 = DIRECTION('',(-1.,0.,0.));
#766 = ORIENTED_EDGE('',*,*,#767,.T.);
#767 = EDGE_CURVE('',#760,#768,#770,.T.);
#768 = VERTEX_POINT('',#769);
#769 = CARTESIAN_POINT('',(-0.32,-7.3,2.54));
#770 = LINE('',#771,#772);
#771 = CARTESIAN_POINT('',(-0.32,-5.875,2.54));
#772 = VECTOR('',#773,1.);
#773 = DIRECTION('',(0.,1.,0.));
#774 = ORIENTED_EDGE('',*,*,#775,.F.);
#775 = EDGE_CURVE('',#752,#768,#776,.T.);
#776 = LINE('',#777,#778);
#777 = CARTESIAN_POINT('',(-0.16,-7.3,2.54));
#778 = VECTOR('',#779,1.);
#779 = DIRECTION('',(-1.,0.,0.));
#780 = FACE_BOUND('',#781,.T.);
#781 = EDGE_LOOP('',(#782,#792,#800,#808));
#782 = ORIENTED_EDGE('',*,*,#783,.F.);
#783 = EDGE_CURVE('',#784,#786,#788,.T.);
#784 = VERTEX_POINT('',#785);
#785 = CARTESIAN_POINT('',(0.32,-0.32,2.54));
#786 = VERTEX_POINT('',#787);
#787 = CARTESIAN_POINT('',(0.32,0.32,2.54));
#788 = LINE('',#789,#790);
#789 = CARTESIAN_POINT('',(0.32,-2.065,2.54));
#790 = VECTOR('',#791,1.);
#791 = DIRECTION('',(0.,1.,0.));
#792 = ORIENTED_EDGE('',*,*,#793,.T.);
#793 = EDGE_CURVE('',#784,#794,#796,.T.);
#794 = VERTEX_POINT('',#795);
#795 = CARTESIAN_POINT('',(-0.32,-0.32,2.54));
#796 = LINE('',#797,#798);
#797 = CARTESIAN_POINT('',(-0.16,-0.32,2.54));
#798 = VECTOR('',#799,1.);
#799 = DIRECTION('',(-1.,0.,0.));
#800 = ORIENTED_EDGE('',*,*,#801,.T.);
#801 = EDGE_CURVE('',#794,#802,#804,.T.);
#802 = VERTEX_POINT('',#803);
#803 = CARTESIAN_POINT('',(-0.32,0.32,2.54));
#804 = LINE('',#805,#806);
#805 = CARTESIAN_POINT('',(-0.32,-2.065,2.54));
#806 = VECTOR('',#807,1.);
#807 = DIRECTION('',(0.,1.,0.));
#808 = ORIENTED_EDGE('',*,*,#809,.F.);
#809 = EDGE_CURVE('',#786,#802,#810,.T.);
#810 = LINE('',#811,#812);
#811 = CARTESIAN_POINT('',(-0.16,0.32,2.54));
#812 = VECTOR('',#813,1.);
#813 = DIRECTION('',(-1.,0.,0.));
#814 = FACE_BOUND('',#815,.T.);
#815 = EDGE_LOOP('',(#816,#826,#834,#842));
#816 = ORIENTED_EDGE('',*,*,#817,.F.);
#817 = EDGE_CURVE('',#818,#820,#822,.T.);
#818 = VERTEX_POINT('',#819);
#819 = CARTESIAN_POINT('',(0.32,-2.22,2.54));
#820 = VERTEX_POINT('',#821);
#821 = CARTESIAN_POINT('',(-0.32,-2.22,2.54));
#822 = LINE('',#823,#824);
#823 = CARTESIAN_POINT('',(-0.16,-2.22,2.54));
#824 = VECTOR('',#825,1.);
#825 = DIRECTION('',(-1.,0.,0.));
#826 = ORIENTED_EDGE('',*,*,#827,.F.);
#827 = EDGE_CURVE('',#828,#818,#830,.T.);
#828 = VERTEX_POINT('',#829);
#829 = CARTESIAN_POINT('',(0.32,-2.86,2.54));
#830 = LINE('',#831,#832);
#831 = CARTESIAN_POINT('',(0.32,-3.335,2.54));
#832 = VECTOR('',#833,1.);
#833 = DIRECTION('',(0.,1.,0.));
#834 = ORIENTED_EDGE('',*,*,#835,.T.);
#835 = EDGE_CURVE('',#828,#836,#838,.T.);
#836 = VERTEX_POINT('',#837);
#837 = CARTESIAN_POINT('',(-0.32,-2.86,2.54));
#838 = LINE('',#839,#840);
#839 = CARTESIAN_POINT('',(-0.16,-2.86,2.54));
#840 = VECTOR('',#841,1.);
#841 = DIRECTION('',(-1.,0.,0.));
#842 = ORIENTED_EDGE('',*,*,#843,.T.);
#843 = EDGE_CURVE('',#836,#820,#844,.T.);
#844 = LINE('',#845,#846);
#845 = CARTESIAN_POINT('',(-0.32,-3.335,2.54));
#846 = VECTOR('',#847,1.);
#847 = DIRECTION('',(0.,1.,0.));
#848 = PLANE('',#849);
#849 = AXIS2_PLACEMENT_3D('',#850,#851,#852);
#850 = CARTESIAN_POINT('',(4.259053689278E-17,-3.81,2.54));
#851 = DIRECTION('',(0.,0.,1.));
#852 = DIRECTION('',(1.,0.,-0.));
#853 = ADVANCED_FACE('',(#854),#865,.F.);
#854 = FACE_BOUND('',#855,.F.);
#855 = EDGE_LOOP('',(#856,#862,#863,#864));
#856 = ORIENTED_EDGE('',*,*,#857,.T.);
#857 = EDGE_CURVE('',#370,#699,#858,.T.);
#858 = LINE('',#859,#860);
#859 = CARTESIAN_POINT('',(1.27,1.016,0.));
#860 = VECTOR('',#861,1.);
#861 = DIRECTION('',(0.,0.,1.));
#862 = ORIENTED_EDGE('',*,*,#706,.T.);
#863 = ORIENTED_EDGE('',*,*,#137,.F.);
#864 = ORIENTED_EDGE('',*,*,#377,.F.);
#865 = PLANE('',#866);
#866 = AXIS2_PLACEMENT_3D('',#867,#868,#869);
#867 = CARTESIAN_POINT('',(1.27,1.016,0.));
#868 = DIRECTION('',(-0.707106781187,-0.707106781187,0.));
#869 = DIRECTION('',(-0.707106781187,0.707106781187,0.));
#870 = ADVANCED_FACE('',(#871),#882,.F.);
#871 = FACE_BOUND('',#872,.F.);
#872 = EDGE_LOOP('',(#873,#874,#875,#881));
#873 = ORIENTED_EDGE('',*,*,#177,.T.);
#874 = ORIENTED_EDGE('',*,*,#530,.T.);
#875 = ORIENTED_EDGE('',*,*,#876,.F.);
#876 = EDGE_CURVE('',#202,#531,#877,.T.);
#877 = LINE('',#878,#879);
#878 = CARTESIAN_POINT('',(-1.016,-1.27,0.));
#879 = VECTOR('',#880,1.);
#880 = DIRECTION('',(0.,0.,1.));
#881 = ORIENTED_EDGE('',*,*,#201,.F.);
#882 = PLANE('',#883);
#883 = AXIS2_PLACEMENT_3D('',#884,#885,#886);
#884 = CARTESIAN_POINT('',(-1.27,-1.016,0.));
#885 = DIRECTION('',(0.707106781187,0.707106781187,0.));
#886 = DIRECTION('',(0.707106781187,-0.707106781187,0.));
#887 = ADVANCED_FACE('',(#888),#899,.F.);
#888 = FACE_BOUND('',#889,.F.);
#889 = EDGE_LOOP('',(#890,#896,#897,#898));
#890 = ORIENTED_EDGE('',*,*,#891,.T.);
#891 = EDGE_CURVE('',#362,#691,#892,.T.);
#892 = LINE('',#893,#894);
#893 = CARTESIAN_POINT('',(1.27,-1.016,0.));
#894 = VECTOR('',#895,1.);
#895 = DIRECTION('',(0.,0.,1.));
#896 = ORIENTED_EDGE('',*,*,#698,.T.);
#897 = ORIENTED_EDGE('',*,*,#857,.F.);
#898 = ORIENTED_EDGE('',*,*,#369,.F.);
#899 = PLANE('',#900);
#900 = AXIS2_PLACEMENT_3D('',#901,#902,#903);
#901 = CARTESIAN_POINT('',(1.27,-1.016,0.));
#902 = DIRECTION('',(-1.,0.,0.));
#903 = DIRECTION('',(0.,1.,0.));
#904 = ADVANCED_FACE('',(#905),#916,.F.);
#905 = FACE_BOUND('',#906,.F.);
#906 = EDGE_LOOP('',(#907,#908,#909,#915));
#907 = ORIENTED_EDGE('',*,*,#876,.T.);
#908 = ORIENTED_EDGE('',*,*,#538,.T.);
#909 = ORIENTED_EDGE('',*,*,#910,.F.);
#910 = EDGE_CURVE('',#210,#539,#911,.T.);
#911 = LINE('',#912,#913);
#912 = CARTESIAN_POINT('',(-1.27,-1.524,0.));
#913 = VECTOR('',#914,1.);
#914 = DIRECTION('',(0.,0.,1.));
#915 = ORIENTED_EDGE('',*,*,#209,.F.);
#916 = PLANE('',#917);
#917 = AXIS2_PLACEMENT_3D('',#918,#919,#920);
#918 = CARTESIAN_POINT('',(-1.016,-1.27,0.));
#919 = DIRECTION('',(0.707106781187,-0.707106781187,0.));
#920 = DIRECTION('',(-0.707106781187,-0.707106781187,0.));
#921 = ADVANCED_FACE('',(#922),#933,.F.);
#922 = FACE_BOUND('',#923,.F.);
#923 = EDGE_LOOP('',(#924,#930,#931,#932));
#924 = ORIENTED_EDGE('',*,*,#925,.T.);
#925 = EDGE_CURVE('',#354,#683,#926,.T.);
#926 = LINE('',#927,#928);
#927 = CARTESIAN_POINT('',(1.016,-1.27,0.));
#928 = VECTOR('',#929,1.);
#929 = DIRECTION('',(0.,0.,1.));
#930 = ORIENTED_EDGE('',*,*,#690,.T.);
#931 = ORIENTED_EDGE('',*,*,#891,.F.);
#932 = ORIENTED_EDGE('',*,*,#361,.F.);
#933 = PLANE('',#934);
#934 = AXIS2_PLACEMENT_3D('',#935,#936,#937);
#935 = CARTESIAN_POINT('',(1.016,-1.27,0.));
#936 = DIRECTION('',(-0.707106781187,0.707106781187,0.));
#937 = DIRECTION('',(0.707106781187,0.707106781187,0.));
#938 = ADVANCED_FACE('',(#939),#950,.F.);
#939 = FACE_BOUND('',#940,.F.);
#940 = EDGE_LOOP('',(#941,#942,#943,#949));
#941 = ORIENTED_EDGE('',*,*,#910,.T.);
#942 = ORIENTED_EDGE('',*,*,#546,.T.);
#943 = ORIENTED_EDGE('',*,*,#944,.F.);
#944 = EDGE_CURVE('',#218,#547,#945,.T.);
#945 = LINE('',#946,#947);
#946 = CARTESIAN_POINT('',(-1.27,-3.556,0.));
#947 = VECTOR('',#948,1.);
#948 = DIRECTION('',(0.,0.,1.));
#949 = ORIENTED_EDGE('',*,*,#217,.F.);
#950 = PLANE('',#951);
#951 = AXIS2_PLACEMENT_3D('',#952,#953,#954);
#952 = CARTESIAN_POINT('',(-1.27,-1.524,0.));
#953 = DIRECTION('',(1.,0.,0.));
#954 = DIRECTION('',(0.,-1.,0.));
#955 = ADVANCED_FACE('',(#956),#967,.F.);
#956 = FACE_BOUND('',#957,.F.);
#957 = EDGE_LOOP('',(#958,#964,#965,#966));
#958 = ORIENTED_EDGE('',*,*,#959,.T.);
#959 = EDGE_CURVE('',#346,#675,#960,.T.);
#960 = LINE('',#961,#962);
#961 = CARTESIAN_POINT('',(1.27,-1.524,0.));
#962 = VECTOR('',#963,1.);
#963 = DIRECTION('',(0.,0.,1.));
#964 = ORIENTED_EDGE('',*,*,#682,.T.);
#965 = ORIENTED_EDGE('',*,*,#925,.F.);
#966 = ORIENTED_EDGE('',*,*,#353,.F.);
#967 = PLANE('',#968);
#968 = AXIS2_PLACEMENT_3D('',#969,#970,#971);
#969 = CARTESIAN_POINT('',(1.27,-1.524,0.));
#970 = DIRECTION('',(-0.707106781187,-0.707106781187,0.));
#971 = DIRECTION('',(-0.707106781187,0.707106781187,0.));
#972 = ADVANCED_FACE('',(#973),#984,.F.);
#973 = FACE_BOUND('',#974,.F.);
#974 = EDGE_LOOP('',(#975,#976,#977,#983));
#975 = ORIENTED_EDGE('',*,*,#944,.T.);
#976 = ORIENTED_EDGE('',*,*,#554,.T.);
#977 = ORIENTED_EDGE('',*,*,#978,.F.);
#978 = EDGE_CURVE('',#226,#555,#979,.T.);
#979 = LINE('',#980,#981);
#980 = CARTESIAN_POINT('',(-1.016,-3.81,0.));
#981 = VECTOR('',#982,1.);
#982 = DIRECTION('',(0.,0.,1.));
#983 = ORIENTED_EDGE('',*,*,#225,.F.);
#984 = PLANE('',#985);
#985 = AXIS2_PLACEMENT_3D('',#986,#987,#988);
#986 = CARTESIAN_POINT('',(-1.27,-3.556,0.));
#987 = DIRECTION('',(0.707106781187,0.707106781187,0.));
#988 = DIRECTION('',(0.707106781187,-0.707106781187,0.));
#989 = ADVANCED_FACE('',(#990),#1001,.F.);
#990 = FACE_BOUND('',#991,.F.);
#991 = EDGE_LOOP('',(#992,#998,#999,#1000));
#992 = ORIENTED_EDGE('',*,*,#993,.T.);
#993 = EDGE_CURVE('',#338,#667,#994,.T.);
#994 = LINE('',#995,#996);
#995 = CARTESIAN_POINT('',(1.27,-3.556,0.));
#996 = VECTOR('',#997,1.);
#997 = DIRECTION('',(0.,0.,1.));
#998 = ORIENTED_EDGE('',*,*,#674,.T.);
#999 = ORIENTED_EDGE('',*,*,#959,.F.);
#1000 = ORIENTED_EDGE('',*,*,#345,.F.);
#1001 = PLANE('',#1002);
#1002 = AXIS2_PLACEMENT_3D('',#1003,#1004,#1005);
#1003 = CARTESIAN_POINT('',(1.27,-3.556,0.));
#1004 = DIRECTION('',(-1.,0.,0.));
#1005 = DIRECTION('',(0.,1.,0.));
#1006 = ADVANCED_FACE('',(#1007),#1018,.F.);
#1007 = FACE_BOUND('',#1008,.F.);
#1008 = EDGE_LOOP('',(#1009,#1010,#1011,#1017));
#1009 = ORIENTED_EDGE('',*,*,#978,.T.);
#1010 = ORIENTED_EDGE('',*,*,#562,.T.);
#1011 = ORIENTED_EDGE('',*,*,#1012,.F.);
#1012 = EDGE_CURVE('',#234,#563,#1013,.T.);
#1013 = LINE('',#1014,#1015);
#1014 = CARTESIAN_POINT('',(-1.27,-4.064,0.));
#1015 = VECTOR('',#1016,1.);
#1016 = DIRECTION('',(0.,0.,1.));
#1017 = ORIENTED_EDGE('',*,*,#233,.F.);
#1018 = PLANE('',#1019);
#1019 = AXIS2_PLACEMENT_3D('',#1020,#1021,#1022);
#1020 = CARTESIAN_POINT('',(-1.016,-3.81,0.));
#1021 = DIRECTION('',(0.707106781187,-0.707106781187,0.));
#1022 = DIRECTION('',(-0.707106781187,-0.707106781187,0.));
#1023 = ADVANCED_FACE('',(#1024),#1035,.F.);
#1024 = FACE_BOUND('',#1025,.F.);
#1025 = EDGE_LOOP('',(#1026,#1032,#1033,#1034));
#1026 = ORIENTED_EDGE('',*,*,#1027,.T.);
#1027 = EDGE_CURVE('',#330,#659,#1028,.T.);
#1028 = LINE('',#1029,#1030);
#1029 = CARTESIAN_POINT('',(1.016,-3.81,0.));
#1030 = VECTOR('',#1031,1.);
#1031 = DIRECTION('',(0.,0.,1.));
#1032 = ORIENTED_EDGE('',*,*,#666,.T.);
#1033 = ORIENTED_EDGE('',*,*,#993,.F.);
#1034 = ORIENTED_EDGE('',*,*,#337,.F.);
#1035 = PLANE('',#1036);
#1036 = AXIS2_PLACEMENT_3D('',#1037,#1038,#1039);
#1037 = CARTESIAN_POINT('',(1.016,-3.81,0.));
#1038 = DIRECTION('',(-0.707106781187,0.707106781187,0.));
#1039 = DIRECTION('',(0.707106781187,0.707106781187,0.));
#1040 = ADVANCED_FACE('',(#1041),#1052,.F.);
#1041 = FACE_BOUND('',#1042,.F.);
#1042 = EDGE_LOOP('',(#1043,#1044,#1045,#1051));
#1043 = ORIENTED_EDGE('',*,*,#1012,.T.);
#1044 = ORIENTED_EDGE('',*,*,#570,.T.);
#1045 = ORIENTED_EDGE('',*,*,#1046,.F.);
#1046 = EDGE_CURVE('',#242,#571,#1047,.T.);
#1047 = LINE('',#1048,#1049);
#1048 = CARTESIAN_POINT('',(-1.27,-6.096,0.));
#1049 = VECTOR('',#1050,1.);
#1050 = DIRECTION('',(0.,0.,1.));
#1051 = ORIENTED_EDGE('',*,*,#241,.F.);
#1052 = PLANE('',#1053);
#1053 = AXIS2_PLACEMENT_3D('',#1054,#1055,#1056);
#1054 = CARTESIAN_POINT('',(-1.27,-4.064,0.));
#1055 = DIRECTION('',(1.,0.,0.));
#1056 = DIRECTION('',(0.,-1.,0.));
#1057 = ADVANCED_FACE('',(#1058),#1069,.F.);
#1058 = FACE_BOUND('',#1059,.F.);
#1059 = EDGE_LOOP('',(#1060,#1066,#1067,#1068));
#1060 = ORIENTED_EDGE('',*,*,#1061,.T.);
#1061 = EDGE_CURVE('',#322,#651,#1062,.T.);
#1062 = LINE('',#1063,#1064);
#1063 = CARTESIAN_POINT('',(1.27,-4.064,0.));
#1064 = VECTOR('',#1065,1.);
#1065 = DIRECTION('',(0.,0.,1.));
#1066 = ORIENTED_EDGE('',*,*,#658,.T.);
#1067 = ORIENTED_EDGE('',*,*,#1027,.F.);
#1068 = ORIENTED_EDGE('',*,*,#329,.F.);
#1069 = PLANE('',#1070);
#1070 = AXIS2_PLACEMENT_3D('',#1071,#1072,#1073);
#1071 = CARTESIAN_POINT('',(1.27,-4.064,0.));
#1072 = DIRECTION('',(-0.707106781187,-0.707106781187,0.));
#1073 = DIRECTION('',(-0.707106781187,0.707106781187,0.));
#1074 = ADVANCED_FACE('',(#1075),#1086,.F.);
#1075 = FACE_BOUND('',#1076,.F.);
#1076 = EDGE_LOOP('',(#1077,#1078,#1079,#1085));
#1077 = ORIENTED_EDGE('',*,*,#1046,.T.);
#1078 = ORIENTED_EDGE('',*,*,#578,.T.);
#1079 = ORIENTED_EDGE('',*,*,#1080,.F.);
#1080 = EDGE_CURVE('',#250,#579,#1081,.T.);
#1081 = LINE('',#1082,#1083);
#1082 = CARTESIAN_POINT('',(-1.016,-6.35,0.));
#1083 = VECTOR('',#1084,1.);
#1084 = DIRECTION('',(0.,0.,1.));
#1085 = ORIENTED_EDGE('',*,*,#249,.F.);
#1086 = PLANE('',#1087);
#1087 = AXIS2_PLACEMENT_3D('',#1088,#1089,#1090);
#1088 = CARTESIAN_POINT('',(-1.27,-6.096,0.));
#1089 = DIRECTION('',(0.707106781187,0.707106781187,0.));
#1090 = DIRECTION('',(0.707106781187,-0.707106781187,0.));
#1091 = ADVANCED_FACE('',(#1092),#1103,.F.);
#1092 = FACE_BOUND('',#1093,.F.);
#1093 = EDGE_LOOP('',(#1094,#1100,#1101,#1102));
#1094 = ORIENTED_EDGE('',*,*,#1095,.T.);
#1095 = EDGE_CURVE('',#314,#643,#1096,.T.);
#1096 = LINE('',#1097,#1098);
#1097 = CARTESIAN_POINT('',(1.27,-6.096,0.));
#1098 = VECTOR('',#1099,1.);
#1099 = DIRECTION('',(0.,0.,1.));
#1100 = ORIENTED_EDGE('',*,*,#650,.T.);
#1101 = ORIENTED_EDGE('',*,*,#1061,.F.);
#1102 = ORIENTED_EDGE('',*,*,#321,.F.);
#1103 = PLANE('',#1104);
#1104 = AXIS2_PLACEMENT_3D('',#1105,#1106,#1107);
#1105 = CARTESIAN_POINT('',(1.27,-6.096,0.));
#1106 = DIRECTION('',(-1.,0.,0.));
#1107 = DIRECTION('',(0.,1.,0.));
#1108 = ADVANCED_FACE('',(#1109),#1120,.F.);
#1109 = FACE_BOUND('',#1110,.F.);
#1110 = EDGE_LOOP('',(#1111,#1112,#1113,#1119));
#1111 = ORIENTED_EDGE('',*,*,#1080,.T.);
#1112 = ORIENTED_EDGE('',*,*,#586,.T.);
#1113 = ORIENTED_EDGE('',*,*,#1114,.F.);
#1114 = EDGE_CURVE('',#258,#587,#1115,.T.);
#1115 = LINE('',#1116,#1117);
#1116 = CARTESIAN_POINT('',(-1.27,-6.604,0.));
#1117 = VECTOR('',#1118,1.);
#1118 = DIRECTION('',(0.,0.,1.));
#1119 = ORIENTED_EDGE('',*,*,#257,.F.);
#1120 = PLANE('',#1121);
#1121 = AXIS2_PLACEMENT_3D('',#1122,#1123,#1124);
#1122 = CARTESIAN_POINT('',(-1.016,-6.35,0.));
#1123 = DIRECTION('',(0.707106781187,-0.707106781187,0.));
#1124 = DIRECTION('',(-0.707106781187,-0.707106781187,0.));
#1125 = ADVANCED_FACE('',(#1126),#1137,.F.);
#1126 = FACE_BOUND('',#1127,.F.);
#1127 = EDGE_LOOP('',(#1128,#1134,#1135,#1136));
#1128 = ORIENTED_EDGE('',*,*,#1129,.T.);
#1129 = EDGE_CURVE('',#306,#635,#1130,.T.);
#1130 = LINE('',#1131,#1132);
#1131 = CARTESIAN_POINT('',(1.016,-6.35,0.));
#1132 = VECTOR('',#1133,1.);
#1133 = DIRECTION('',(0.,0.,1.));
#1134 = ORIENTED_EDGE('',*,*,#642,.T.);
#1135 = ORIENTED_EDGE('',*,*,#1095,.F.);
#1136 = ORIENTED_EDGE('',*,*,#313,.F.);
#1137 = PLANE('',#1138);
#1138 = AXIS2_PLACEMENT_3D('',#1139,#1140,#1141);
#1139 = CARTESIAN_POINT('',(1.016,-6.35,0.));
#1140 = DIRECTION('',(-0.707106781187,0.707106781187,0.));
#1141 = DIRECTION('',(0.707106781187,0.707106781187,0.));
#1142 = ADVANCED_FACE('',(#1143),#1154,.F.);
#1143 = FACE_BOUND('',#1144,.F.);
#1144 = EDGE_LOOP('',(#1145,#1146,#1147,#1153));
#1145 = ORIENTED_EDGE('',*,*,#1114,.T.);
#1146 = ORIENTED_EDGE('',*,*,#594,.T.);
#1147 = ORIENTED_EDGE('',*,*,#1148,.F.);
#1148 = EDGE_CURVE('',#266,#595,#1149,.T.);
#1149 = LINE('',#1150,#1151);
#1150 = CARTESIAN_POINT('',(-1.27,-8.636,0.));
#1151 = VECTOR('',#1152,1.);
#1152 = DIRECTION('',(0.,0.,1.));
#1153 = ORIENTED_EDGE('',*,*,#265,.F.);
#1154 = PLANE('',#1155);
#1155 = AXIS2_PLACEMENT_3D('',#1156,#1157,#1158);
#1156 = CARTESIAN_POINT('',(-1.27,-6.604,0.));
#1157 = DIRECTION('',(1.,0.,0.));
#1158 = DIRECTION('',(0.,-1.,0.));
#1159 = ADVANCED_FACE('',(#1160),#1171,.F.);
#1160 = FACE_BOUND('',#1161,.F.);
#1161 = EDGE_LOOP('',(#1162,#1168,#1169,#1170));
#1162 = ORIENTED_EDGE('',*,*,#1163,.T.);
#1163 = EDGE_CURVE('',#298,#627,#1164,.T.);
#1164 = LINE('',#1165,#1166);
#1165 = CARTESIAN_POINT('',(1.27,-6.604,0.));
#1166 = VECTOR('',#1167,1.);
#1167 = DIRECTION('',(0.,0.,1.));
#1168 = ORIENTED_EDGE('',*,*,#634,.T.);
#1169 = ORIENTED_EDGE('',*,*,#1129,.F.);
#1170 = ORIENTED_EDGE('',*,*,#305,.F.);
#1171 = PLANE('',#1172);
#1172 = AXIS2_PLACEMENT_3D('',#1173,#1174,#1175);
#1173 = CARTESIAN_POINT('',(1.27,-6.604,0.));
#1174 = DIRECTION('',(-0.707106781187,-0.707106781187,0.));
#1175 = DIRECTION('',(-0.707106781187,0.707106781187,0.));
#1176 = ADVANCED_FACE('',(#1177),#1188,.F.);
#1177 = FACE_BOUND('',#1178,.F.);
#1178 = EDGE_LOOP('',(#1179,#1180,#1181,#1187));
#1179 = ORIENTED_EDGE('',*,*,#1148,.T.);
#1180 = ORIENTED_EDGE('',*,*,#602,.T.);
#1181 = ORIENTED_EDGE('',*,*,#1182,.F.);
#1182 = EDGE_CURVE('',#274,#603,#1183,.T.);
#1183 = LINE('',#1184,#1185);
#1184 = CARTESIAN_POINT('',(-1.016,-8.89,0.));
#1185 = VECTOR('',#1186,1.);
#1186 = DIRECTION('',(0.,0.,1.));
#1187 = ORIENTED_EDGE('',*,*,#273,.F.);
#1188 = PLANE('',#1189);
#1189 = AXIS2_PLACEMENT_3D('',#1190,#1191,#1192);
#1190 = CARTESIAN_POINT('',(-1.27,-8.636,0.));
#1191 = DIRECTION('',(0.707106781187,0.707106781187,0.));
#1192 = DIRECTION('',(0.707106781187,-0.707106781187,0.));
#1193 = ADVANCED_FACE('',(#1194),#1205,.F.);
#1194 = FACE_BOUND('',#1195,.F.);
#1195 = EDGE_LOOP('',(#1196,#1202,#1203,#1204));
#1196 = ORIENTED_EDGE('',*,*,#1197,.T.);
#1197 = EDGE_CURVE('',#290,#619,#1198,.T.);
#1198 = LINE('',#1199,#1200);
#1199 = CARTESIAN_POINT('',(1.27,-8.636,0.));
#1200 = VECTOR('',#1201,1.);
#1201 = DIRECTION('',(0.,0.,1.));
#1202 = ORIENTED_EDGE('',*,*,#626,.T.);
#1203 = ORIENTED_EDGE('',*,*,#1163,.F.);
#1204 = ORIENTED_EDGE('',*,*,#297,.F.);
#1205 = PLANE('',#1206);
#1206 = AXIS2_PLACEMENT_3D('',#1207,#1208,#1209);
#1207 = CARTESIAN_POINT('',(1.27,-8.636,0.));
#1208 = DIRECTION('',(-1.,0.,0.));
#1209 = DIRECTION('',(0.,1.,0.));
#1210 = ADVANCED_FACE('',(#1211),#1222,.F.);
#1211 = FACE_BOUND('',#1212,.F.);
#1212 = EDGE_LOOP('',(#1213,#1214,#1215,#1221));
#1213 = ORIENTED_EDGE('',*,*,#1182,.T.);
#1214 = ORIENTED_EDGE('',*,*,#610,.T.);
#1215 = ORIENTED_EDGE('',*,*,#1216,.F.);
#1216 = EDGE_CURVE('',#282,#611,#1217,.T.);
#1217 = LINE('',#1218,#1219);
#1218 = CARTESIAN_POINT('',(1.016,-8.89,0.));
#1219 = VECTOR('',#1220,1.);
#1220 = DIRECTION('',(0.,0.,1.));
#1221 = ORIENTED_EDGE('',*,*,#281,.F.);
#1222 = PLANE('',#1223);
#1223 = AXIS2_PLACEMENT_3D('',#1224,#1225,#1226);
#1224 = CARTESIAN_POINT('',(-1.016,-8.89,0.));
#1225 = DIRECTION('',(0.,1.,0.));
#1226 = DIRECTION('',(1.,0.,0.));
#1227 = ADVANCED_FACE('',(#1228),#1234,.F.);
#1228 = FACE_BOUND('',#1229,.F.);
#1229 = EDGE_LOOP('',(#1230,#1231,#1232,#1233));
#1230 = ORIENTED_EDGE('',*,*,#1216,.T.);
#1231 = ORIENTED_EDGE('',*,*,#618,.T.);
#1232 = ORIENTED_EDGE('',*,*,#1197,.F.);
#1233 = ORIENTED_EDGE('',*,*,#289,.F.);
#1234 = PLANE('',#1235);
#1235 = AXIS2_PLACEMENT_3D('',#1236,#1237,#1238);
#1236 = CARTESIAN_POINT('',(1.016,-8.89,0.));
#1237 = DIRECTION('',(-0.707106781187,0.707106781187,0.));
#1238 = DIRECTION('',(0.707106781187,0.707106781187,0.));
#1239 = ADVANCED_FACE('',(#1240),#1265,.T.);
#1240 = FACE_BOUND('',#1241,.T.);
#1241 = EDGE_LOOP('',(#1242,#1250,#1258,#1264));
#1242 = ORIENTED_EDGE('',*,*,#1243,.F.);
#1243 = EDGE_CURVE('',#1244,#387,#1246,.T.);
#1244 = VERTEX_POINT('',#1245);
#1245 = CARTESIAN_POINT('',(0.32,-4.76,-2.84));
#1246 = LINE('',#1247,#1248);
#1247 = CARTESIAN_POINT('',(0.32,-4.76,-3.));
#1248 = VECTOR('',#1249,1.);
#1249 = DIRECTION('',(0.,0.,1.));
#1250 = ORIENTED_EDGE('',*,*,#1251,.F.);
#1251 = EDGE_CURVE('',#1252,#1244,#1254,.T.);
#1252 = VERTEX_POINT('',#1253);
#1253 = CARTESIAN_POINT('',(-0.32,-4.76,-2.84));
#1254 = LINE('',#1255,#1256);
#1255 = CARTESIAN_POINT('',(-0.32,-4.76,-2.84));
#1256 = VECTOR('',#1257,1.);
#1257 = DIRECTION('',(1.,0.,0.));
#1258 = ORIENTED_EDGE('',*,*,#1259,.T.);
#1259 = EDGE_CURVE('',#1252,#389,#1260,.T.);
#1260 = LINE('',#1261,#1262);
#1261 = CARTESIAN_POINT('',(-0.32,-4.76,-3.));
#1262 = VECTOR('',#1263,1.);
#1263 = DIRECTION('',(0.,0.,1.));
#1264 = ORIENTED_EDGE('',*,*,#386,.F.);
#1265 = PLANE('',#1266);
#1266 = AXIS2_PLACEMENT_3D('',#1267,#1268,#1269);
#1267 = CARTESIAN_POINT('',(-0.32,-4.76,-3.));
#1268 = DIRECTION('',(0.,1.,0.));
#1269 = DIRECTION('',(0.,-0.,1.));
#1270 = ADVANCED_FACE('',(#1271),#1289,.F.);
#1271 = FACE_BOUND('',#1272,.F.);
#1272 = EDGE_LOOP('',(#1273,#1281,#1287,#1288));
#1273 = ORIENTED_EDGE('',*,*,#1274,.F.);
#1274 = EDGE_CURVE('',#1275,#405,#1277,.T.);
#1275 = VERTEX_POINT('',#1276);
#1276 = CARTESIAN_POINT('',(-0.32,-5.4,-2.84));
#1277 = LINE('',#1278,#1279);
#1278 = CARTESIAN_POINT('',(-0.32,-5.4,-3.));
#1279 = VECTOR('',#1280,1.);
#1280 = DIRECTION('',(0.,0.,1.));
#1281 = ORIENTED_EDGE('',*,*,#1282,.T.);
#1282 = EDGE_CURVE('',#1275,#1252,#1283,.T.);
#1283 = LINE('',#1284,#1285);
#1284 = CARTESIAN_POINT('',(-0.32,-5.4,-2.84));
#1285 = VECTOR('',#1286,1.);
#1286 = DIRECTION('',(0.,1.,0.));
#1287 = ORIENTED_EDGE('',*,*,#1259,.T.);
#1288 = ORIENTED_EDGE('',*,*,#412,.F.);
#1289 = PLANE('',#1290);
#1290 = AXIS2_PLACEMENT_3D('',#1291,#1292,#1293);
#1291 = CARTESIAN_POINT('',(-0.32,-5.4,-3.));
#1292 = DIRECTION('',(1.,0.,0.));
#1293 = DIRECTION('',(0.,0.,1.));
#1294 = ADVANCED_FACE('',(#1295),#1313,.F.);
#1295 = FACE_BOUND('',#1296,.F.);
#1296 = EDGE_LOOP('',(#1297,#1305,#1311,#1312));
#1297 = ORIENTED_EDGE('',*,*,#1298,.F.);
#1298 = EDGE_CURVE('',#1299,#397,#1301,.T.);
#1299 = VERTEX_POINT('',#1300);
#1300 = CARTESIAN_POINT('',(0.32,-5.4,-2.84));
#1301 = LINE('',#1302,#1303);
#1302 = CARTESIAN_POINT('',(0.32,-5.4,-3.));
#1303 = VECTOR('',#1304,1.);
#1304 = DIRECTION('',(0.,0.,1.));
#1305 = ORIENTED_EDGE('',*,*,#1306,.F.);
#1306 = EDGE_CURVE('',#1275,#1299,#1307,.T.);
#1307 = LINE('',#1308,#1309);
#1308 = CARTESIAN_POINT('',(-0.32,-5.4,-2.84));
#1309 = VECTOR('',#1310,1.);
#1310 = DIRECTION('',(1.,0.,0.));
#1311 = ORIENTED_EDGE('',*,*,#1274,.T.);
#1312 = ORIENTED_EDGE('',*,*,#404,.F.);
#1313 = PLANE('',#1314);
#1314 = AXIS2_PLACEMENT_3D('',#1315,#1316,#1317);
#1315 = CARTESIAN_POINT('',(-0.32,-5.4,-3.));
#1316 = DIRECTION('',(0.,1.,0.));
#1317 = DIRECTION('',(0.,-0.,1.));
#1318 = ADVANCED_FACE('',(#1319),#1330,.T.);
#1319 = FACE_BOUND('',#1320,.T.);
#1320 = EDGE_LOOP('',(#1321,#1322,#1328,#1329));
#1321 = ORIENTED_EDGE('',*,*,#1298,.F.);
#1322 = ORIENTED_EDGE('',*,*,#1323,.T.);
#1323 = EDGE_CURVE('',#1299,#1244,#1324,.T.);
#1324 = LINE('',#1325,#1326);
#1325 = CARTESIAN_POINT('',(0.32,-5.4,-2.84));
#1326 = VECTOR('',#1327,1.);
#1327 = DIRECTION('',(0.,1.,0.));
#1328 = ORIENTED_EDGE('',*,*,#1243,.T.);
#1329 = ORIENTED_EDGE('',*,*,#396,.F.);
#1330 = PLANE('',#1331);
#1331 = AXIS2_PLACEMENT_3D('',#1332,#1333,#1334);
#1332 = CARTESIAN_POINT('',(0.32,-5.4,-3.));
#1333 = DIRECTION('',(1.,0.,0.));
#1334 = DIRECTION('',(0.,0.,1.));
#1335 = ADVANCED_FACE('',(#1336),#1361,.T.);
#1336 = FACE_BOUND('',#1337,.T.);
#1337 = EDGE_LOOP('',(#1338,#1346,#1354,#1360));
#1338 = ORIENTED_EDGE('',*,*,#1339,.F.);
#1339 = EDGE_CURVE('',#1340,#421,#1342,.T.);
#1340 = VERTEX_POINT('',#1341);
#1341 = CARTESIAN_POINT('',(0.32,-7.94,-2.84));
#1342 = LINE('',#1343,#1344);
#1343 = CARTESIAN_POINT('',(0.32,-7.94,-3.));
#1344 = VECTOR('',#1345,1.);
#1345 = DIRECTION('',(0.,0.,1.));
#1346 = ORIENTED_EDGE('',*,*,#1347,.T.);
#1347 = EDGE_CURVE('',#1340,#1348,#1350,.T.);
#1348 = VERTEX_POINT('',#1349);
#1349 = CARTESIAN_POINT('',(0.32,-7.3,-2.84));
#1350 = LINE('',#1351,#1352);
#1351 = CARTESIAN_POINT('',(0.32,-7.94,-2.84));
#1352 = VECTOR('',#1353,1.);
#1353 = DIRECTION('',(0.,1.,0.));
#1354 = ORIENTED_EDGE('',*,*,#1355,.T.);
#1355 = EDGE_CURVE('',#1348,#423,#1356,.T.);
#1356 = LINE('',#1357,#1358);
#1357 = CARTESIAN_POINT('',(0.32,-7.3,-3.));
#1358 = VECTOR('',#1359,1.);
#1359 = DIRECTION('',(0.,0.,1.));
#1360 = ORIENTED_EDGE('',*,*,#420,.F.);
#1361 = PLANE('',#1362);
#1362 = AXIS2_PLACEMENT_3D('',#1363,#1364,#1365);
#1363 = CARTESIAN_POINT('',(0.32,-7.94,-3.));
#1364 = DIRECTION('',(1.,0.,0.));
#1365 = DIRECTION('',(0.,0.,1.));
#1366 = ADVANCED_FACE('',(#1367),#1385,.T.);
#1367 = FACE_BOUND('',#1368,.T.);
#1368 = EDGE_LOOP('',(#1369,#1370,#1378,#1384));
#1369 = ORIENTED_EDGE('',*,*,#1355,.F.);
#1370 = ORIENTED_EDGE('',*,*,#1371,.F.);
#1371 = EDGE_CURVE('',#1372,#1348,#1374,.T.);
#1372 = VERTEX_POINT('',#1373);
#1373 = CARTESIAN_POINT('',(-0.32,-7.3,-2.84));
#1374 = LINE('',#1375,#1376);
#1375 = CARTESIAN_POINT('',(-0.32,-7.3,-2.84));
#1376 = VECTOR('',#1377,1.);
#1377 = DIRECTION('',(1.,0.,0.));
#1378 = ORIENTED_EDGE('',*,*,#1379,.T.);
#1379 = EDGE_CURVE('',#1372,#439,#1380,.T.);
#1380 = LINE('',#1381,#1382);
#1381 = CARTESIAN_POINT('',(-0.32,-7.3,-3.));
#1382 = VECTOR('',#1383,1.);
#1383 = DIRECTION('',(0.,0.,1.));
#1384 = ORIENTED_EDGE('',*,*,#446,.F.);
#1385 = PLANE('',#1386);
#1386 = AXIS2_PLACEMENT_3D('',#1387,#1388,#1389);
#1387 = CARTESIAN_POINT('',(-0.32,-7.3,-3.));
#1388 = DIRECTION('',(0.,1.,0.));
#1389 = DIRECTION('',(0.,-0.,1.));
#1390 = ADVANCED_FACE('',(#1391),#1409,.F.);
#1391 = FACE_BOUND('',#1392,.F.);
#1392 = EDGE_LOOP('',(#1393,#1401,#1407,#1408));
#1393 = ORIENTED_EDGE('',*,*,#1394,.F.);
#1394 = EDGE_CURVE('',#1395,#431,#1397,.T.);
#1395 = VERTEX_POINT('',#1396);
#1396 = CARTESIAN_POINT('',(-0.32,-7.94,-2.84));
#1397 = LINE('',#1398,#1399);
#1398 = CARTESIAN_POINT('',(-0.32,-7.94,-3.));
#1399 = VECTOR('',#1400,1.);
#1400 = DIRECTION('',(0.,0.,1.));
#1401 = ORIENTED_EDGE('',*,*,#1402,.T.);
#1402 = EDGE_CURVE('',#1395,#1372,#1403,.T.);
#1403 = LINE('',#1404,#1405);
#1404 = CARTESIAN_POINT('',(-0.32,-7.94,-2.84));
#1405 = VECTOR('',#1406,1.);
#1406 = DIRECTION('',(0.,1.,0.));
#1407 = ORIENTED_EDGE('',*,*,#1379,.T.);
#1408 = ORIENTED_EDGE('',*,*,#438,.F.);
#1409 = PLANE('',#1410);
#1410 = AXIS2_PLACEMENT_3D('',#1411,#1412,#1413);
#1411 = CARTESIAN_POINT('',(-0.32,-7.94,-3.));
#1412 = DIRECTION('',(1.,0.,0.));
#1413 = DIRECTION('',(0.,0.,1.));
#1414 = ADVANCED_FACE('',(#1415),#1426,.F.);
#1415 = FACE_BOUND('',#1416,.F.);
#1416 = EDGE_LOOP('',(#1417,#1418,#1424,#1425));
#1417 = ORIENTED_EDGE('',*,*,#1339,.F.);
#1418 = ORIENTED_EDGE('',*,*,#1419,.F.);
#1419 = EDGE_CURVE('',#1395,#1340,#1420,.T.);
#1420 = LINE('',#1421,#1422);
#1421 = CARTESIAN_POINT('',(-0.32,-7.94,-2.84));
#1422 = VECTOR('',#1423,1.);
#1423 = DIRECTION('',(1.,0.,0.));
#1424 = ORIENTED_EDGE('',*,*,#1394,.T.);
#1425 = ORIENTED_EDGE('',*,*,#430,.F.);
#1426 = PLANE('',#1427);
#1427 = AXIS2_PLACEMENT_3D('',#1428,#1429,#1430);
#1428 = CARTESIAN_POINT('',(-0.32,-7.94,-3.));
#1429 = DIRECTION('',(0.,1.,0.));
#1430 = DIRECTION('',(0.,-0.,1.));
#1431 = ADVANCED_FACE('',(#1432),#1457,.T.);
#1432 = FACE_BOUND('',#1433,.T.);
#1433 = EDGE_LOOP('',(#1434,#1442,#1450,#1456));
#1434 = ORIENTED_EDGE('',*,*,#1435,.F.);
#1435 = EDGE_CURVE('',#1436,#455,#1438,.T.);
#1436 = VERTEX_POINT('',#1437);
#1437 = CARTESIAN_POINT('',(0.32,-0.32,-2.84));
#1438 = LINE('',#1439,#1440);
#1439 = CARTESIAN_POINT('',(0.32,-0.32,-3.));
#1440 = VECTOR('',#1441,1.);
#1441 = DIRECTION('',(0.,0.,1.));
#1442 = ORIENTED_EDGE('',*,*,#1443,.T.);
#1443 = EDGE_CURVE('',#1436,#1444,#1446,.T.);
#1444 = VERTEX_POINT('',#1445);
#1445 = CARTESIAN_POINT('',(0.32,0.32,-2.84));
#1446 = LINE('',#1447,#1448);
#1447 = CARTESIAN_POINT('',(0.32,-0.32,-2.84));
#1448 = VECTOR('',#1449,1.);
#1449 = DIRECTION('',(0.,1.,0.));
#1450 = ORIENTED_EDGE('',*,*,#1451,.T.);
#1451 = EDGE_CURVE('',#1444,#457,#1452,.T.);
#1452 = LINE('',#1453,#1454);
#1453 = CARTESIAN_POINT('',(0.32,0.32,-3.));
#1454 = VECTOR('',#1455,1.);
#1455 = DIRECTION('',(0.,0.,1.));
#1456 = ORIENTED_EDGE('',*,*,#454,.F.);
#1457 = PLANE('',#1458);
#1458 = AXIS2_PLACEMENT_3D('',#1459,#1460,#1461);
#1459 = CARTESIAN_POINT('',(0.32,-0.32,-3.));
#1460 = DIRECTION('',(1.,0.,0.));
#1461 = DIRECTION('',(0.,0.,1.));
#1462 = ADVANCED_FACE('',(#1463),#1481,.T.);
#1463 = FACE_BOUND('',#1464,.T.);
#1464 = EDGE_LOOP('',(#1465,#1466,#1474,#1480));
#1465 = ORIENTED_EDGE('',*,*,#1451,.F.);
#1466 = ORIENTED_EDGE('',*,*,#1467,.F.);
#1467 = EDGE_CURVE('',#1468,#1444,#1470,.T.);
#1468 = VERTEX_POINT('',#1469);
#1469 = CARTESIAN_POINT('',(-0.32,0.32,-2.84));
#1470 = LINE('',#1471,#1472);
#1471 = CARTESIAN_POINT('',(-0.32,0.32,-2.84));
#1472 = VECTOR('',#1473,1.);
#1473 = DIRECTION('',(1.,0.,0.));
#1474 = ORIENTED_EDGE('',*,*,#1475,.T.);
#1475 = EDGE_CURVE('',#1468,#473,#1476,.T.);
#1476 = LINE('',#1477,#1478);
#1477 = CARTESIAN_POINT('',(-0.32,0.32,-3.));
#1478 = VECTOR('',#1479,1.);
#1479 = DIRECTION('',(0.,0.,1.));
#1480 = ORIENTED_EDGE('',*,*,#480,.F.);
#1481 = PLANE('',#1482);
#1482 = AXIS2_PLACEMENT_3D('',#1483,#1484,#1485);
#1483 = CARTESIAN_POINT('',(-0.32,0.32,-3.));
#1484 = DIRECTION('',(0.,1.,0.));
#1485 = DIRECTION('',(0.,-0.,1.));
#1486 = ADVANCED_FACE('',(#1487),#1505,.F.);
#1487 = FACE_BOUND('',#1488,.F.);
#1488 = EDGE_LOOP('',(#1489,#1497,#1503,#1504));
#1489 = ORIENTED_EDGE('',*,*,#1490,.F.);
#1490 = EDGE_CURVE('',#1491,#465,#1493,.T.);
#1491 = VERTEX_POINT('',#1492);
#1492 = CARTESIAN_POINT('',(-0.32,-0.32,-2.84));
#1493 = LINE('',#1494,#1495);
#1494 = CARTESIAN_POINT('',(-0.32,-0.32,-3.));
#1495 = VECTOR('',#1496,1.);
#1496 = DIRECTION('',(0.,0.,1.));
#1497 = ORIENTED_EDGE('',*,*,#1498,.T.);
#1498 = EDGE_CURVE('',#1491,#1468,#1499,.T.);
#1499 = LINE('',#1500,#1501);
#1500 = CARTESIAN_POINT('',(-0.32,-0.32,-2.84));
#1501 = VECTOR('',#1502,1.);
#1502 = DIRECTION('',(0.,1.,0.));
#1503 = ORIENTED_EDGE('',*,*,#1475,.T.);
#1504 = ORIENTED_EDGE('',*,*,#472,.F.);
#1505 = PLANE('',#1506);
#1506 = AXIS2_PLACEMENT_3D('',#1507,#1508,#1509);
#1507 = CARTESIAN_POINT('',(-0.32,-0.32,-3.));
#1508 = DIRECTION('',(1.,0.,0.));
#1509 = DIRECTION('',(0.,0.,1.));
#1510 = ADVANCED_FACE('',(#1511),#1522,.F.);
#1511 = FACE_BOUND('',#1512,.F.);
#1512 = EDGE_LOOP('',(#1513,#1514,#1520,#1521));
#1513 = ORIENTED_EDGE('',*,*,#1435,.F.);
#1514 = ORIENTED_EDGE('',*,*,#1515,.F.);
#1515 = EDGE_CURVE('',#1491,#1436,#1516,.T.);
#1516 = LINE('',#1517,#1518);
#1517 = CARTESIAN_POINT('',(-0.32,-0.32,-2.84));
#1518 = VECTOR('',#1519,1.);
#1519 = DIRECTION('',(1.,0.,0.));
#1520 = ORIENTED_EDGE('',*,*,#1490,.T.);
#1521 = ORIENTED_EDGE('',*,*,#464,.F.);
#1522 = PLANE('',#1523);
#1523 = AXIS2_PLACEMENT_3D('',#1524,#1525,#1526);
#1524 = CARTESIAN_POINT('',(-0.32,-0.32,-3.));
#1525 = DIRECTION('',(0.,1.,0.));
#1526 = DIRECTION('',(0.,-0.,1.));
#1527 = ADVANCED_FACE('',(#1528),#1553,.T.);
#1528 = FACE_BOUND('',#1529,.T.);
#1529 = EDGE_LOOP('',(#1530,#1538,#1546,#1552));
#1530 = ORIENTED_EDGE('',*,*,#1531,.F.);
#1531 = EDGE_CURVE('',#1532,#489,#1534,.T.);
#1532 = VERTEX_POINT('',#1533);
#1533 = CARTESIAN_POINT('',(0.32,-2.22,-2.84));
#1534 = LINE('',#1535,#1536);
#1535 = CARTESIAN_POINT('',(0.32,-2.22,-3.));
#1536 = VECTOR('',#1537,1.);
#1537 = DIRECTION('',(0.,0.,1.));
#1538 = ORIENTED_EDGE('',*,*,#1539,.F.);
#1539 = EDGE_CURVE('',#1540,#1532,#1542,.T.);
#1540 = VERTEX_POINT('',#1541);
#1541 = CARTESIAN_POINT('',(-0.32,-2.22,-2.84));
#1542 = LINE('',#1543,#1544);
#1543 = CARTESIAN_POINT('',(-0.32,-2.22,-2.84));
#1544 = VECTOR('',#1545,1.);
#1545 = DIRECTION('',(1.,0.,0.));
#1546 = ORIENTED_EDGE('',*,*,#1547,.T.);
#1547 = EDGE_CURVE('',#1540,#491,#1548,.T.);
#1548 = LINE('',#1549,#1550);
#1549 = CARTESIAN_POINT('',(-0.32,-2.22,-3.));
#1550 = VECTOR('',#1551,1.);
#1551 = DIRECTION('',(0.,0.,1.));
#1552 = ORIENTED_EDGE('',*,*,#488,.F.);
#1553 = PLANE('',#1554);
#1554 = AXIS2_PLACEMENT_3D('',#1555,#1556,#1557);
#1555 = CARTESIAN_POINT('',(-0.32,-2.22,-3.));
#1556 = DIRECTION('',(0.,1.,0.));
#1557 = DIRECTION('',(0.,-0.,1.));
#1558 = ADVANCED_FACE('',(#1559),#1577,.F.);
#1559 = FACE_BOUND('',#1560,.F.);
#1560 = EDGE_LOOP('',(#1561,#1569,#1575,#1576));
#1561 = ORIENTED_EDGE('',*,*,#1562,.F.);
#1562 = EDGE_CURVE('',#1563,#507,#1565,.T.);
#1563 = VERTEX_POINT('',#1564);
#1564 = CARTESIAN_POINT('',(-0.32,-2.86,-2.84));
#1565 = LINE('',#1566,#1567);
#1566 = CARTESIAN_POINT('',(-0.32,-2.86,-3.));
#1567 = VECTOR('',#1568,1.);
#1568 = DIRECTION('',(0.,0.,1.));
#1569 = ORIENTED_EDGE('',*,*,#1570,.T.);
#1570 = EDGE_CURVE('',#1563,#1540,#1571,.T.);
#1571 = LINE('',#1572,#1573);
#1572 = CARTESIAN_POINT('',(-0.32,-2.86,-2.84));
#1573 = VECTOR('',#1574,1.);
#1574 = DIRECTION('',(0.,1.,0.));
#1575 = ORIENTED_EDGE('',*,*,#1547,.T.);
#1576 = ORIENTED_EDGE('',*,*,#514,.F.);
#1577 = PLANE('',#1578);
#1578 = AXIS2_PLACEMENT_3D('',#1579,#1580,#1581);
#1579 = CARTESIAN_POINT('',(-0.32,-2.86,-3.));
#1580 = DIRECTION('',(1.,0.,0.));
#1581 = DIRECTION('',(0.,0.,1.));
#1582 = ADVANCED_FACE('',(#1583),#1601,.F.);
#1583 = FACE_BOUND('',#1584,.F.);
#1584 = EDGE_LOOP('',(#1585,#1593,#1599,#1600));
#1585 = ORIENTED_EDGE('',*,*,#1586,.F.);
#1586 = EDGE_CURVE('',#1587,#499,#1589,.T.);
#1587 = VERTEX_POINT('',#1588);
#1588 = CARTESIAN_POINT('',(0.32,-2.86,-2.84));
#1589 = LINE('',#1590,#1591);
#1590 = CARTESIAN_POINT('',(0.32,-2.86,-3.));
#1591 = VECTOR('',#1592,1.);
#1592 = DIRECTION('',(0.,0.,1.));
#1593 = ORIENTED_EDGE('',*,*,#1594,.F.);
#1594 = EDGE_CURVE('',#1563,#1587,#1595,.T.);
#1595 = LINE('',#1596,#1597);
#1596 = CARTESIAN_POINT('',(-0.32,-2.86,-2.84));
#1597 = VECTOR('',#1598,1.);
#1598 = DIRECTION('',(1.,0.,0.));
#1599 = ORIENTED_EDGE('',*,*,#1562,.T.);
#1600 = ORIENTED_EDGE('',*,*,#506,.F.);
#1601 = PLANE('',#1602);
#1602 = AXIS2_PLACEMENT_3D('',#1603,#1604,#1605);
#1603 = CARTESIAN_POINT('',(-0.32,-2.86,-3.));
#1604 = DIRECTION('',(0.,1.,0.));
#1605 = DIRECTION('',(0.,-0.,1.));
#1606 = ADVANCED_FACE('',(#1607),#1618,.T.);
#1607 = FACE_BOUND('',#1608,.T.);
#1608 = EDGE_LOOP('',(#1609,#1610,#1616,#1617));
#1609 = ORIENTED_EDGE('',*,*,#1586,.F.);
#1610 = ORIENTED_EDGE('',*,*,#1611,.T.);
#1611 = EDGE_CURVE('',#1587,#1532,#1612,.T.);
#1612 = LINE('',#1613,#1614);
#1613 = CARTESIAN_POINT('',(0.32,-2.86,-2.84));
#1614 = VECTOR('',#1615,1.);
#1615 = DIRECTION('',(0.,1.,0.));
#1616 = ORIENTED_EDGE('',*,*,#1531,.T.);
#1617 = ORIENTED_EDGE('',*,*,#498,.F.);
#1618 = PLANE('',#1619);
#1619 = AXIS2_PLACEMENT_3D('',#1620,#1621,#1622);
#1620 = CARTESIAN_POINT('',(0.32,-2.86,-3.));
#1621 = DIRECTION('',(1.,0.,0.));
#1622 = DIRECTION('',(0.,0.,1.));
#1623 = ADVANCED_FACE('',(#1624),#1649,.T.);
#1624 = FACE_BOUND('',#1625,.T.);
#1625 = EDGE_LOOP('',(#1626,#1634,#1635,#1643));
#1626 = ORIENTED_EDGE('',*,*,#1627,.F.);
#1627 = EDGE_CURVE('',#716,#1628,#1630,.T.);
#1628 = VERTEX_POINT('',#1629);
#1629 = CARTESIAN_POINT('',(0.32,-4.76,8.38));
#1630 = LINE('',#1631,#1632);
#1631 = CARTESIAN_POINT('',(0.32,-4.76,-3.));
#1632 = VECTOR('',#1633,1.);
#1633 = DIRECTION('',(0.,0.,1.));
#1634 = ORIENTED_EDGE('',*,*,#715,.T.);
#1635 = ORIENTED_EDGE('',*,*,#1636,.T.);
#1636 = EDGE_CURVE('',#718,#1637,#1639,.T.);
#1637 = VERTEX_POINT('',#1638);
#1638 = CARTESIAN_POINT('',(-0.32,-4.76,8.38));
#1639 = LINE('',#1640,#1641);
#1640 = CARTESIAN_POINT('',(-0.32,-4.76,-3.));
#1641 = VECTOR('',#1642,1.);
#1642 = DIRECTION('',(0.,0.,1.));
#1643 = ORIENTED_EDGE('',*,*,#1644,.T.);
#1644 = EDGE_CURVE('',#1637,#1628,#1645,.T.);
#1645 = LINE('',#1646,#1647);
#1646 = CARTESIAN_POINT('',(-0.32,-4.76,8.38));
#1647 = VECTOR('',#1648,1.);
#1648 = DIRECTION('',(1.,0.,0.));
#1649 = PLANE('',#1650);
#1650 = AXIS2_PLACEMENT_3D('',#1651,#1652,#1653);
#1651 = CARTESIAN_POINT('',(-0.32,-4.76,-3.));
#1652 = DIRECTION('',(0.,1.,0.));
#1653 = DIRECTION('',(0.,-0.,1.));
#1654 = ADVANCED_FACE('',(#1655),#1673,.F.);
#1655 = FACE_BOUND('',#1656,.F.);
#1656 = EDGE_LOOP('',(#1657,#1665,#1666,#1667));
#1657 = ORIENTED_EDGE('',*,*,#1658,.F.);
#1658 = EDGE_CURVE('',#734,#1659,#1661,.T.);
#1659 = VERTEX_POINT('',#1660);
#1660 = CARTESIAN_POINT('',(-0.32,-5.4,8.38));
#1661 = LINE('',#1662,#1663);
#1662 = CARTESIAN_POINT('',(-0.32,-5.4,-3.));
#1663 = VECTOR('',#1664,1.);
#1664 = DIRECTION('',(0.,0.,1.));
#1665 = ORIENTED_EDGE('',*,*,#741,.T.);
#1666 = ORIENTED_EDGE('',*,*,#1636,.T.);
#1667 = ORIENTED_EDGE('',*,*,#1668,.F.);
#1668 = EDGE_CURVE('',#1659,#1637,#1669,.T.);
#1669 = LINE('',#1670,#1671);
#1670 = CARTESIAN_POINT('',(-0.32,-5.4,8.38));
#1671 = VECTOR('',#1672,1.);
#1672 = DIRECTION('',(0.,1.,0.));
#1673 = PLANE('',#1674);
#1674 = AXIS2_PLACEMENT_3D('',#1675,#1676,#1677);
#1675 = CARTESIAN_POINT('',(-0.32,-5.4,-3.));
#1676 = DIRECTION('',(1.,0.,0.));
#1677 = DIRECTION('',(0.,0.,1.));
#1678 = ADVANCED_FACE('',(#1679),#1697,.F.);
#1679 = FACE_BOUND('',#1680,.F.);
#1680 = EDGE_LOOP('',(#1681,#1689,#1690,#1691));
#1681 = ORIENTED_EDGE('',*,*,#1682,.F.);
#1682 = EDGE_CURVE('',#726,#1683,#1685,.T.);
#1683 = VERTEX_POINT('',#1684);
#1684 = CARTESIAN_POINT('',(0.32,-5.4,8.38));
#1685 = LINE('',#1686,#1687);
#1686 = CARTESIAN_POINT('',(0.32,-5.4,-3.));
#1687 = VECTOR('',#1688,1.);
#1688 = DIRECTION('',(0.,0.,1.));
#1689 = ORIENTED_EDGE('',*,*,#733,.T.);
#1690 = ORIENTED_EDGE('',*,*,#1658,.T.);
#1691 = ORIENTED_EDGE('',*,*,#1692,.T.);
#1692 = EDGE_CURVE('',#1659,#1683,#1693,.T.);
#1693 = LINE('',#1694,#1695);
#1694 = CARTESIAN_POINT('',(-0.32,-5.4,8.38));
#1695 = VECTOR('',#1696,1.);
#1696 = DIRECTION('',(1.,0.,0.));
#1697 = PLANE('',#1698);
#1698 = AXIS2_PLACEMENT_3D('',#1699,#1700,#1701);
#1699 = CARTESIAN_POINT('',(-0.32,-5.4,-3.));
#1700 = DIRECTION('',(0.,1.,0.));
#1701 = DIRECTION('',(0.,-0.,1.));
#1702 = ADVANCED_FACE('',(#1703),#1714,.T.);
#1703 = FACE_BOUND('',#1704,.T.);
#1704 = EDGE_LOOP('',(#1705,#1706,#1707,#1708));
#1705 = ORIENTED_EDGE('',*,*,#1682,.F.);
#1706 = ORIENTED_EDGE('',*,*,#725,.T.);
#1707 = ORIENTED_EDGE('',*,*,#1627,.T.);
#1708 = ORIENTED_EDGE('',*,*,#1709,.F.);
#1709 = EDGE_CURVE('',#1683,#1628,#1710,.T.);
#1710 = LINE('',#1711,#1712);
#1711 = CARTESIAN_POINT('',(0.32,-5.4,8.38));
#1712 = VECTOR('',#1713,1.);
#1713 = DIRECTION('',(0.,1.,0.));
#1714 = PLANE('',#1715);
#1715 = AXIS2_PLACEMENT_3D('',#1716,#1717,#1718);
#1716 = CARTESIAN_POINT('',(0.32,-5.4,-3.));
#1717 = DIRECTION('',(1.,0.,0.));
#1718 = DIRECTION('',(0.,0.,1.));
#1719 = ADVANCED_FACE('',(#1720),#1745,.T.);
#1720 = FACE_BOUND('',#1721,.T.);
#1721 = EDGE_LOOP('',(#1722,#1730,#1731,#1739));
#1722 = ORIENTED_EDGE('',*,*,#1723,.F.);
#1723 = EDGE_CURVE('',#750,#1724,#1726,.T.);
#1724 = VERTEX_POINT('',#1725);
#1725 = CARTESIAN_POINT('',(0.32,-7.94,8.38));
#1726 = LINE('',#1727,#1728);
#1727 = CARTESIAN_POINT('',(0.32,-7.94,-3.));
#1728 = VECTOR('',#1729,1.);
#1729 = DIRECTION('',(0.,0.,1.));
#1730 = ORIENTED_EDGE('',*,*,#749,.T.);
#1731 = ORIENTED_EDGE('',*,*,#1732,.T.);
#1732 = EDGE_CURVE('',#752,#1733,#1735,.T.);
#1733 = VERTEX_POINT('',#1734);
#1734 = CARTESIAN_POINT('',(0.32,-7.3,8.38));
#1735 = LINE('',#1736,#1737);
#1736 = CARTESIAN_POINT('',(0.32,-7.3,-3.));
#1737 = VECTOR('',#1738,1.);
#1738 = DIRECTION('',(0.,0.,1.));
#1739 = ORIENTED_EDGE('',*,*,#1740,.F.);
#1740 = EDGE_CURVE('',#1724,#1733,#1741,.T.);
#1741 = LINE('',#1742,#1743);
#1742 = CARTESIAN_POINT('',(0.32,-7.94,8.38));
#1743 = VECTOR('',#1744,1.);
#1744 = DIRECTION('',(0.,1.,0.));
#1745 = PLANE('',#1746);
#1746 = AXIS2_PLACEMENT_3D('',#1747,#1748,#1749);
#1747 = CARTESIAN_POINT('',(0.32,-7.94,-3.));
#1748 = DIRECTION('',(1.,0.,0.));
#1749 = DIRECTION('',(0.,0.,1.));
#1750 = ADVANCED_FACE('',(#1751),#1769,.T.);
#1751 = FACE_BOUND('',#1752,.T.);
#1752 = EDGE_LOOP('',(#1753,#1754,#1755,#1763));
#1753 = ORIENTED_EDGE('',*,*,#1732,.F.);
#1754 = ORIENTED_EDGE('',*,*,#775,.T.);
#1755 = ORIENTED_EDGE('',*,*,#1756,.T.);
#1756 = EDGE_CURVE('',#768,#1757,#1759,.T.);
#1757 = VERTEX_POINT('',#1758);
#1758 = CARTESIAN_POINT('',(-0.32,-7.3,8.38));
#1759 = LINE('',#1760,#1761);
#1760 = CARTESIAN_POINT('',(-0.32,-7.3,-3.));
#1761 = VECTOR('',#1762,1.);
#1762 = DIRECTION('',(0.,0.,1.));
#1763 = ORIENTED_EDGE('',*,*,#1764,.T.);
#1764 = EDGE_CURVE('',#1757,#1733,#1765,.T.);
#1765 = LINE('',#1766,#1767);
#1766 = CARTESIAN_POINT('',(-0.32,-7.3,8.38));
#1767 = VECTOR('',#1768,1.);
#1768 = DIRECTION('',(1.,0.,0.));
#1769 = PLANE('',#1770);
#1770 = AXIS2_PLACEMENT_3D('',#1771,#1772,#1773);
#1771 = CARTESIAN_POINT('',(-0.32,-7.3,-3.));
#1772 = DIRECTION('',(0.,1.,0.));
#1773 = DIRECTION('',(0.,-0.,1.));
#1774 = ADVANCED_FACE('',(#1775),#1793,.F.);
#1775 = FACE_BOUND('',#1776,.F.);
#1776 = EDGE_LOOP('',(#1777,#1785,#1786,#1787));
#1777 = ORIENTED_EDGE('',*,*,#1778,.F.);
#1778 = EDGE_CURVE('',#760,#1779,#1781,.T.);
#1779 = VERTEX_POINT('',#1780);
#1780 = CARTESIAN_POINT('',(-0.32,-7.94,8.38));
#1781 = LINE('',#1782,#1783);
#1782 = CARTESIAN_POINT('',(-0.32,-7.94,-3.));
#1783 = VECTOR('',#1784,1.);
#1784 = DIRECTION('',(0.,0.,1.));
#1785 = ORIENTED_EDGE('',*,*,#767,.T.);
#1786 = ORIENTED_EDGE('',*,*,#1756,.T.);
#1787 = ORIENTED_EDGE('',*,*,#1788,.F.);
#1788 = EDGE_CURVE('',#1779,#1757,#1789,.T.);
#1789 = LINE('',#1790,#1791);
#1790 = CARTESIAN_POINT('',(-0.32,-7.94,8.38));
#1791 = VECTOR('',#1792,1.);
#1792 = DIRECTION('',(0.,1.,0.));
#1793 = PLANE('',#1794);
#1794 = AXIS2_PLACEMENT_3D('',#1795,#1796,#1797);
#1795 = CARTESIAN_POINT('',(-0.32,-7.94,-3.));
#1796 = DIRECTION('',(1.,0.,0.));
#1797 = DIRECTION('',(0.,0.,1.));
#1798 = ADVANCED_FACE('',(#1799),#1810,.F.);
#1799 = FACE_BOUND('',#1800,.F.);
#1800 = EDGE_LOOP('',(#1801,#1802,#1803,#1804));
#1801 = ORIENTED_EDGE('',*,*,#1723,.F.);
#1802 = ORIENTED_EDGE('',*,*,#759,.T.);
#1803 = ORIENTED_EDGE('',*,*,#1778,.T.);
#1804 = ORIENTED_EDGE('',*,*,#1805,.T.);
#1805 = EDGE_CURVE('',#1779,#1724,#1806,.T.);
#1806 = LINE('',#1807,#1808);
#1807 = CARTESIAN_POINT('',(-0.32,-7.94,8.38));
#1808 = VECTOR('',#1809,1.);
#1809 = DIRECTION('',(1.,0.,0.));
#1810 = PLANE('',#1811);
#1811 = AXIS2_PLACEMENT_3D('',#1812,#1813,#1814);
#1812 = CARTESIAN_POINT('',(-0.32,-7.94,-3.));
#1813 = DIRECTION('',(0.,1.,0.));
#1814 = DIRECTION('',(0.,-0.,1.));
#1815 = ADVANCED_FACE('',(#1816),#1841,.T.);
#1816 = FACE_BOUND('',#1817,.T.);
#1817 = EDGE_LOOP('',(#1818,#1826,#1827,#1835));
#1818 = ORIENTED_EDGE('',*,*,#1819,.F.);
#1819 = EDGE_CURVE('',#784,#1820,#1822,.T.);
#1820 = VERTEX_POINT('',#1821);
#1821 = CARTESIAN_POINT('',(0.32,-0.32,8.38));
#1822 = LINE('',#1823,#1824);
#1823 = CARTESIAN_POINT('',(0.32,-0.32,-3.));
#1824 = VECTOR('',#1825,1.);
#1825 = DIRECTION('',(0.,0.,1.));
#1826 = ORIENTED_EDGE('',*,*,#783,.T.);
#1827 = ORIENTED_EDGE('',*,*,#1828,.T.);
#1828 = EDGE_CURVE('',#786,#1829,#1831,.T.);
#1829 = VERTEX_POINT('',#1830);
#1830 = CARTESIAN_POINT('',(0.32,0.32,8.38));
#1831 = LINE('',#1832,#1833);
#1832 = CARTESIAN_POINT('',(0.32,0.32,-3.));
#1833 = VECTOR('',#1834,1.);
#1834 = DIRECTION('',(0.,0.,1.));
#1835 = ORIENTED_EDGE('',*,*,#1836,.F.);
#1836 = EDGE_CURVE('',#1820,#1829,#1837,.T.);
#1837 = LINE('',#1838,#1839);
#1838 = CARTESIAN_POINT('',(0.32,-0.32,8.38));
#1839 = VECTOR('',#1840,1.);
#1840 = DIRECTION('',(0.,1.,0.));
#1841 = PLANE('',#1842);
#1842 = AXIS2_PLACEMENT_3D('',#1843,#1844,#1845);
#1843 = CARTESIAN_POINT('',(0.32,-0.32,-3.));
#1844 = DIRECTION('',(1.,0.,0.));
#1845 = DIRECTION('',(0.,0.,1.));
#1846 = ADVANCED_FACE('',(#1847),#1865,.T.);
#1847 = FACE_BOUND('',#1848,.T.);
#1848 = EDGE_LOOP('',(#1849,#1850,#1851,#1859));
#1849 = ORIENTED_EDGE('',*,*,#1828,.F.);
#1850 = ORIENTED_EDGE('',*,*,#809,.T.);
#1851 = ORIENTED_EDGE('',*,*,#1852,.T.);
#1852 = EDGE_CURVE('',#802,#1853,#1855,.T.);
#1853 = VERTEX_POINT('',#1854);
#1854 = CARTESIAN_POINT('',(-0.32,0.32,8.38));
#1855 = LINE('',#1856,#1857);
#1856 = CARTESIAN_POINT('',(-0.32,0.32,-3.));
#1857 = VECTOR('',#1858,1.);
#1858 = DIRECTION('',(0.,0.,1.));
#1859 = ORIENTED_EDGE('',*,*,#1860,.T.);
#1860 = EDGE_CURVE('',#1853,#1829,#1861,.T.);
#1861 = LINE('',#1862,#1863);
#1862 = CARTESIAN_POINT('',(-0.32,0.32,8.38));
#1863 = VECTOR('',#1864,1.);
#1864 = DIRECTION('',(1.,0.,0.));
#1865 = PLANE('',#1866);
#1866 = AXIS2_PLACEMENT_3D('',#1867,#1868,#1869);
#1867 = CARTESIAN_POINT('',(-0.32,0.32,-3.));
#1868 = DIRECTION('',(0.,1.,0.));
#1869 = DIRECTION('',(0.,-0.,1.));
#1870 = ADVANCED_FACE('',(#1871),#1889,.F.);
#1871 = FACE_BOUND('',#1872,.F.);
#1872 = EDGE_LOOP('',(#1873,#1881,#1882,#1883));
#1873 = ORIENTED_EDGE('',*,*,#1874,.F.);
#1874 = EDGE_CURVE('',#794,#1875,#1877,.T.);
#1875 = VERTEX_POINT('',#1876);
#1876 = CARTESIAN_POINT('',(-0.32,-0.32,8.38));
#1877 = LINE('',#1878,#1879);
#1878 = CARTESIAN_POINT('',(-0.32,-0.32,-3.));
#1879 = VECTOR('',#1880,1.);
#1880 = DIRECTION('',(0.,0.,1.));
#1881 = ORIENTED_EDGE('',*,*,#801,.T.);
#1882 = ORIENTED_EDGE('',*,*,#1852,.T.);
#1883 = ORIENTED_EDGE('',*,*,#1884,.F.);
#1884 = EDGE_CURVE('',#1875,#1853,#1885,.T.);
#1885 = LINE('',#1886,#1887);
#1886 = CARTESIAN_POINT('',(-0.32,-0.32,8.38));
#1887 = VECTOR('',#1888,1.);
#1888 = DIRECTION('',(0.,1.,0.));
#1889 = PLANE('',#1890);
#1890 = AXIS2_PLACEMENT_3D('',#1891,#1892,#1893);
#1891 = CARTESIAN_POINT('',(-0.32,-0.32,-3.));
#1892 = DIRECTION('',(1.,0.,0.));
#1893 = DIRECTION('',(0.,0.,1.));
#1894 = ADVANCED_FACE('',(#1895),#1906,.F.);
#1895 = FACE_BOUND('',#1896,.F.);
#1896 = EDGE_LOOP('',(#1897,#1898,#1899,#1900));
#1897 = ORIENTED_EDGE('',*,*,#1819,.F.);
#1898 = ORIENTED_EDGE('',*,*,#793,.T.);
#1899 = ORIENTED_EDGE('',*,*,#1874,.T.);
#1900 = ORIENTED_EDGE('',*,*,#1901,.T.);
#1901 = EDGE_CURVE('',#1875,#1820,#1902,.T.);
#1902 = LINE('',#1903,#1904);
#1903 = CARTESIAN_POINT('',(-0.32,-0.32,8.38));
#1904 = VECTOR('',#1905,1.);
#1905 = DIRECTION('',(1.,0.,0.));
#1906 = PLANE('',#1907);
#1907 = AXIS2_PLACEMENT_3D('',#1908,#1909,#1910);
#1908 = CARTESIAN_POINT('',(-0.32,-0.32,-3.));
#1909 = DIRECTION('',(0.,1.,0.));
#1910 = DIRECTION('',(0.,-0.,1.));
#1911 = ADVANCED_FACE('',(#1912),#1937,.T.);
#1912 = FACE_BOUND('',#1913,.T.);
#1913 = EDGE_LOOP('',(#1914,#1922,#1923,#1931));
#1914 = ORIENTED_EDGE('',*,*,#1915,.F.);
#1915 = EDGE_CURVE('',#818,#1916,#1918,.T.);
#1916 = VERTEX_POINT('',#1917);
#1917 = CARTESIAN_POINT('',(0.32,-2.22,8.38));
#1918 = LINE('',#1919,#1920);
#1919 = CARTESIAN_POINT('',(0.32,-2.22,-3.));
#1920 = VECTOR('',#1921,1.);
#1921 = DIRECTION('',(0.,0.,1.));
#1922 = ORIENTED_EDGE('',*,*,#817,.T.);
#1923 = ORIENTED_EDGE('',*,*,#1924,.T.);
#1924 = EDGE_CURVE('',#820,#1925,#1927,.T.);
#1925 = VERTEX_POINT('',#1926);
#1926 = CARTESIAN_POINT('',(-0.32,-2.22,8.38));
#1927 = LINE('',#1928,#1929);
#1928 = CARTESIAN_POINT('',(-0.32,-2.22,-3.));
#1929 = VECTOR('',#1930,1.);
#1930 = DIRECTION('',(0.,0.,1.));
#1931 = ORIENTED_EDGE('',*,*,#1932,.T.);
#1932 = EDGE_CURVE('',#1925,#1916,#1933,.T.);
#1933 = LINE('',#1934,#1935);
#1934 = CARTESIAN_POINT('',(-0.32,-2.22,8.38));
#1935 = VECTOR('',#1936,1.);
#1936 = DIRECTION('',(1.,0.,0.));
#1937 = PLANE('',#1938);
#1938 = AXIS2_PLACEMENT_3D('',#1939,#1940,#1941);
#1939 = CARTESIAN_POINT('',(-0.32,-2.22,-3.));
#1940 = DIRECTION('',(0.,1.,0.));
#1941 = DIRECTION('',(0.,-0.,1.));
#1942 = ADVANCED_FACE('',(#1943),#1961,.F.);
#1943 = FACE_BOUND('',#1944,.F.);
#1944 = EDGE_LOOP('',(#1945,#1953,#1954,#1955));
#1945 = ORIENTED_EDGE('',*,*,#1946,.F.);
#1946 = EDGE_CURVE('',#836,#1947,#1949,.T.);
#1947 = VERTEX_POINT('',#1948);
#1948 = CARTESIAN_POINT('',(-0.32,-2.86,8.38));
#1949 = LINE('',#1950,#1951);
#1950 = CARTESIAN_POINT('',(-0.32,-2.86,-3.));
#1951 = VECTOR('',#1952,1.);
#1952 = DIRECTION('',(0.,0.,1.));
#1953 = ORIENTED_EDGE('',*,*,#843,.T.);
#1954 = ORIENTED_EDGE('',*,*,#1924,.T.);
#1955 = ORIENTED_EDGE('',*,*,#1956,.F.);
#1956 = EDGE_CURVE('',#1947,#1925,#1957,.T.);
#1957 = LINE('',#1958,#1959);
#1958 = CARTESIAN_POINT('',(-0.32,-2.86,8.38));
#1959 = VECTOR('',#1960,1.);
#1960 = DIRECTION('',(0.,1.,0.));
#1961 = PLANE('',#1962);
#1962 = AXIS2_PLACEMENT_3D('',#1963,#1964,#1965);
#1963 = CARTESIAN_POINT('',(-0.32,-2.86,-3.));
#1964 = DIRECTION('',(1.,0.,0.));
#1965 = DIRECTION('',(0.,0.,1.));
#1966 = ADVANCED_FACE('',(#1967),#1985,.F.);
#1967 = FACE_BOUND('',#1968,.F.);
#1968 = EDGE_LOOP('',(#1969,#1977,#1978,#1979));
#1969 = ORIENTED_EDGE('',*,*,#1970,.F.);
#1970 = EDGE_CURVE('',#828,#1971,#1973,.T.);
#1971 = VERTEX_POINT('',#1972);
#1972 = CARTESIAN_POINT('',(0.32,-2.86,8.38));
#1973 = LINE('',#1974,#1975);
#1974 = CARTESIAN_POINT('',(0.32,-2.86,-3.));
#1975 = VECTOR('',#1976,1.);
#1976 = DIRECTION('',(0.,0.,1.));
#1977 = ORIENTED_EDGE('',*,*,#835,.T.);
#1978 = ORIENTED_EDGE('',*,*,#1946,.T.);
#1979 = ORIENTED_EDGE('',*,*,#1980,.T.);
#1980 = EDGE_CURVE('',#1947,#1971,#1981,.T.);
#1981 = LINE('',#1982,#1983);
#1982 = CARTESIAN_POINT('',(-0.32,-2.86,8.38));
#1983 = VECTOR('',#1984,1.);
#1984 = DIRECTION('',(1.,0.,0.));
#1985 = PLANE('',#1986);
#1986 = AXIS2_PLACEMENT_3D('',#1987,#1988,#1989);
#1987 = CARTESIAN_POINT('',(-0.32,-2.86,-3.));
#1988 = DIRECTION('',(0.,1.,0.));
#1989 = DIRECTION('',(0.,-0.,1.));
#1990 = ADVANCED_FACE('',(#1991),#2002,.T.);
#1991 = FACE_BOUND('',#1992,.T.);
#1992 = EDGE_LOOP('',(#1993,#1994,#1995,#1996));
#1993 = ORIENTED_EDGE('',*,*,#1970,.F.);
#1994 = ORIENTED_EDGE('',*,*,#827,.T.);
#1995 = ORIENTED_EDGE('',*,*,#1915,.T.);
#1996 = ORIENTED_EDGE('',*,*,#1997,.F.);
#1997 = EDGE_CURVE('',#1971,#1916,#1998,.T.);
#1998 = LINE('',#1999,#2000);
#1999 = CARTESIAN_POINT('',(0.32,-2.86,8.38));
#2000 = VECTOR('',#2001,1.);
#2001 = DIRECTION('',(0.,1.,0.));
#2002 = PLANE('',#2003);
#2003 = AXIS2_PLACEMENT_3D('',#2004,#2005,#2006);
#2004 = CARTESIAN_POINT('',(0.32,-2.86,-3.));
#2005 = DIRECTION('',(1.,0.,0.));
#2006 = DIRECTION('',(0.,0.,1.));
#2007 = ADVANCED_FACE('',(#2008),#2033,.F.);
#2008 = FACE_BOUND('',#2009,.T.);
#2009 = EDGE_LOOP('',(#2010,#2018,#2019,#2027));
#2010 = ORIENTED_EDGE('',*,*,#2011,.F.);
#2011 = EDGE_CURVE('',#1252,#2012,#2014,.T.);
#2012 = VERTEX_POINT('',#2013);
#2013 = CARTESIAN_POINT('',(-0.16,-4.92,-3.));
#2014 = LINE('',#2015,#2016);
#2015 = CARTESIAN_POINT('',(-0.16,-4.92,-3.));
#2016 = VECTOR('',#2017,1.);
#2017 = DIRECTION('',(0.57735026919,-0.57735026919,-0.57735026919));
#2018 = ORIENTED_EDGE('',*,*,#1251,.T.);
#2019 = ORIENTED_EDGE('',*,*,#2020,.T.);
#2020 = EDGE_CURVE('',#1244,#2021,#2023,.T.);
#2021 = VERTEX_POINT('',#2022);
#2022 = CARTESIAN_POINT('',(0.16,-4.92,-3.));
#2023 = LINE('',#2024,#2025);
#2024 = CARTESIAN_POINT('',(5.333333333333E-02,-5.026666666667,
    -3.106666666667));
#2025 = VECTOR('',#2026,1.);
#2026 = DIRECTION('',(-0.57735026919,-0.57735026919,-0.57735026919));
#2027 = ORIENTED_EDGE('',*,*,#2028,.F.);
#2028 = EDGE_CURVE('',#2012,#2021,#2029,.T.);
#2029 = LINE('',#2030,#2031);
#2030 = CARTESIAN_POINT('',(-0.32,-4.92,-3.));
#2031 = VECTOR('',#2032,1.);
#2032 = DIRECTION('',(1.,0.,0.));
#2033 = PLANE('',#2034);
#2034 = AXIS2_PLACEMENT_3D('',#2035,#2036,#2037);
#2035 = CARTESIAN_POINT('',(-0.32,-4.84,-2.92));
#2036 = DIRECTION('',(-1.735167508356E-18,-0.707106781187,0.707106781187
    ));
#2037 = DIRECTION('',(-1.,1.226948711653E-18,-1.226948711653E-18));
#2038 = ADVANCED_FACE('',(#2039),#2057,.T.);
#2039 = FACE_BOUND('',#2040,.T.);
#2040 = EDGE_LOOP('',(#2041,#2049,#2050,#2051));
#2041 = ORIENTED_EDGE('',*,*,#2042,.F.);
#2042 = EDGE_CURVE('',#1275,#2043,#2045,.T.);
#2043 = VERTEX_POINT('',#2044);
#2044 = CARTESIAN_POINT('',(-0.16,-5.24,-3.));
#2045 = LINE('',#2046,#2047);
#2046 = CARTESIAN_POINT('',(-0.266666666667,-5.346666666667,
    -2.893333333333));
#2047 = VECTOR('',#2048,1.);
#2048 = DIRECTION('',(0.57735026919,0.57735026919,-0.57735026919));
#2049 = ORIENTED_EDGE('',*,*,#1282,.T.);
#2050 = ORIENTED_EDGE('',*,*,#2011,.T.);
#2051 = ORIENTED_EDGE('',*,*,#2052,.F.);
#2052 = EDGE_CURVE('',#2043,#2012,#2053,.T.);
#2053 = LINE('',#2054,#2055);
#2054 = CARTESIAN_POINT('',(-0.16,-5.4,-3.));
#2055 = VECTOR('',#2056,1.);
#2056 = DIRECTION('',(0.,1.,0.));
#2057 = PLANE('',#2058);
#2058 = AXIS2_PLACEMENT_3D('',#2059,#2060,#2061);
#2059 = CARTESIAN_POINT('',(-0.24,-5.4,-2.92));
#2060 = DIRECTION('',(-0.707106781187,-1.735167508356E-18,
    -0.707106781187));
#2061 = DIRECTION('',(-1.226948711653E-18,1.,-1.226948711653E-18));
#2062 = ADVANCED_FACE('',(#2063),#2081,.T.);
#2063 = FACE_BOUND('',#2064,.F.);
#2064 = EDGE_LOOP('',(#2065,#2066,#2067,#2075));
#2065 = ORIENTED_EDGE('',*,*,#2042,.F.);
#2066 = ORIENTED_EDGE('',*,*,#1306,.T.);
#2067 = ORIENTED_EDGE('',*,*,#2068,.T.);
#2068 = EDGE_CURVE('',#1299,#2069,#2071,.T.);
#2069 = VERTEX_POINT('',#2070);
#2070 = CARTESIAN_POINT('',(0.16,-5.24,-3.));
#2071 = LINE('',#2072,#2073);
#2072 = CARTESIAN_POINT('',(0.16,-5.24,-3.));
#2073 = VECTOR('',#2074,1.);
#2074 = DIRECTION('',(-0.57735026919,0.57735026919,-0.57735026919));
#2075 = ORIENTED_EDGE('',*,*,#2076,.F.);
#2076 = EDGE_CURVE('',#2043,#2069,#2077,.T.);
#2077 = LINE('',#2078,#2079);
#2078 = CARTESIAN_POINT('',(-0.32,-5.24,-3.));
#2079 = VECTOR('',#2080,1.);
#2080 = DIRECTION('',(1.,0.,0.));
#2081 = PLANE('',#2082);
#2082 = AXIS2_PLACEMENT_3D('',#2083,#2084,#2085);
#2083 = CARTESIAN_POINT('',(-0.32,-5.32,-2.92));
#2084 = DIRECTION('',(1.735167508356E-18,-0.707106781187,-0.707106781187
    ));
#2085 = DIRECTION('',(-1.,-1.226948711653E-18,-1.226948711653E-18));
#2086 = ADVANCED_FACE('',(#2087),#2098,.F.);
#2087 = FACE_BOUND('',#2088,.F.);
#2088 = EDGE_LOOP('',(#2089,#2090,#2091,#2092));
#2089 = ORIENTED_EDGE('',*,*,#2068,.F.);
#2090 = ORIENTED_EDGE('',*,*,#1323,.T.);
#2091 = ORIENTED_EDGE('',*,*,#2020,.T.);
#2092 = ORIENTED_EDGE('',*,*,#2093,.F.);
#2093 = EDGE_CURVE('',#2069,#2021,#2094,.T.);
#2094 = LINE('',#2095,#2096);
#2095 = CARTESIAN_POINT('',(0.16,-5.4,-3.));
#2096 = VECTOR('',#2097,1.);
#2097 = DIRECTION('',(0.,1.,0.));
#2098 = PLANE('',#2099);
#2099 = AXIS2_PLACEMENT_3D('',#2100,#2101,#2102);
#2100 = CARTESIAN_POINT('',(0.24,-5.4,-2.92));
#2101 = DIRECTION('',(-0.707106781187,1.735167508356E-18,0.707106781187)
  );
#2102 = DIRECTION('',(1.226948711653E-18,1.,-1.226948711653E-18));
#2103 = ADVANCED_FACE('',(#2104),#2129,.F.);
#2104 = FACE_BOUND('',#2105,.F.);
#2105 = EDGE_LOOP('',(#2106,#2114,#2115,#2123));
#2106 = ORIENTED_EDGE('',*,*,#2107,.F.);
#2107 = EDGE_CURVE('',#1340,#2108,#2110,.T.);
#2108 = VERTEX_POINT('',#2109);
#2109 = CARTESIAN_POINT('',(0.16,-7.78,-3.));
#2110 = LINE('',#2111,#2112);
#2111 = CARTESIAN_POINT('',(0.16,-7.78,-3.));
#2112 = VECTOR('',#2113,1.);
#2113 = DIRECTION('',(-0.57735026919,0.57735026919,-0.57735026919));
#2114 = ORIENTED_EDGE('',*,*,#1347,.T.);
#2115 = ORIENTED_EDGE('',*,*,#2116,.T.);
#2116 = EDGE_CURVE('',#1348,#2117,#2119,.T.);
#2117 = VERTEX_POINT('',#2118);
#2118 = CARTESIAN_POINT('',(0.16,-7.46,-3.));
#2119 = LINE('',#2120,#2121);
#2120 = CARTESIAN_POINT('',(5.333333333333E-02,-7.566666666667,
    -3.106666666667));
#2121 = VECTOR('',#2122,1.);
#2122 = DIRECTION('',(-0.57735026919,-0.57735026919,-0.57735026919));
#2123 = ORIENTED_EDGE('',*,*,#2124,.F.);
#2124 = EDGE_CURVE('',#2108,#2117,#2125,.T.);
#2125 = LINE('',#2126,#2127);
#2126 = CARTESIAN_POINT('',(0.16,-7.94,-3.));
#2127 = VECTOR('',#2128,1.);
#2128 = DIRECTION('',(0.,1.,0.));
#2129 = PLANE('',#2130);
#2130 = AXIS2_PLACEMENT_3D('',#2131,#2132,#2133);
#2131 = CARTESIAN_POINT('',(0.24,-7.94,-2.92));
#2132 = DIRECTION('',(-0.707106781187,1.735167508356E-18,0.707106781187)
  );
#2133 = DIRECTION('',(1.226948711653E-18,1.,-1.226948711653E-18));
#2134 = ADVANCED_FACE('',(#2135),#2153,.F.);
#2135 = FACE_BOUND('',#2136,.T.);
#2136 = EDGE_LOOP('',(#2137,#2145,#2146,#2147));
#2137 = ORIENTED_EDGE('',*,*,#2138,.F.);
#2138 = EDGE_CURVE('',#1372,#2139,#2141,.T.);
#2139 = VERTEX_POINT('',#2140);
#2140 = CARTESIAN_POINT('',(-0.16,-7.46,-3.));
#2141 = LINE('',#2142,#2143);
#2142 = CARTESIAN_POINT('',(-0.16,-7.46,-3.));
#2143 = VECTOR('',#2144,1.);
#2144 = DIRECTION('',(0.57735026919,-0.57735026919,-0.57735026919));
#2145 = ORIENTED_EDGE('',*,*,#1371,.T.);
#2146 = ORIENTED_EDGE('',*,*,#2116,.T.);
#2147 = ORIENTED_EDGE('',*,*,#2148,.F.);
#2148 = EDGE_CURVE('',#2139,#2117,#2149,.T.);
#2149 = LINE('',#2150,#2151);
#2150 = CARTESIAN_POINT('',(-0.32,-7.46,-3.));
#2151 = VECTOR('',#2152,1.);
#2152 = DIRECTION('',(1.,0.,0.));
#2153 = PLANE('',#2154);
#2154 = AXIS2_PLACEMENT_3D('',#2155,#2156,#2157);
#2155 = CARTESIAN_POINT('',(-0.32,-7.38,-2.92));
#2156 = DIRECTION('',(-1.735167508356E-18,-0.707106781187,0.707106781187
    ));
#2157 = DIRECTION('',(-1.,1.226948711653E-18,-1.226948711653E-18));
#2158 = ADVANCED_FACE('',(#2159),#2177,.T.);
#2159 = FACE_BOUND('',#2160,.T.);
#2160 = EDGE_LOOP('',(#2161,#2169,#2170,#2171));
#2161 = ORIENTED_EDGE('',*,*,#2162,.F.);
#2162 = EDGE_CURVE('',#1395,#2163,#2165,.T.);
#2163 = VERTEX_POINT('',#2164);
#2164 = CARTESIAN_POINT('',(-0.16,-7.78,-3.));
#2165 = LINE('',#2166,#2167);
#2166 = CARTESIAN_POINT('',(-0.266666666667,-7.886666666667,
    -2.893333333333));
#2167 = VECTOR('',#2168,1.);
#2168 = DIRECTION('',(0.57735026919,0.57735026919,-0.57735026919));
#2169 = ORIENTED_EDGE('',*,*,#1402,.T.);
#2170 = ORIENTED_EDGE('',*,*,#2138,.T.);
#2171 = ORIENTED_EDGE('',*,*,#2172,.F.);
#2172 = EDGE_CURVE('',#2163,#2139,#2173,.T.);
#2173 = LINE('',#2174,#2175);
#2174 = CARTESIAN_POINT('',(-0.16,-7.94,-3.));
#2175 = VECTOR('',#2176,1.);
#2176 = DIRECTION('',(0.,1.,0.));
#2177 = PLANE('',#2178);
#2178 = AXIS2_PLACEMENT_3D('',#2179,#2180,#2181);
#2179 = CARTESIAN_POINT('',(-0.24,-7.94,-2.92));
#2180 = DIRECTION('',(-0.707106781187,-1.735167508356E-18,
    -0.707106781187));
#2181 = DIRECTION('',(-1.226948711653E-18,1.,-1.226948711653E-18));
#2182 = ADVANCED_FACE('',(#2183),#2194,.T.);
#2183 = FACE_BOUND('',#2184,.F.);
#2184 = EDGE_LOOP('',(#2185,#2186,#2187,#2188));
#2185 = ORIENTED_EDGE('',*,*,#2162,.F.);
#2186 = ORIENTED_EDGE('',*,*,#1419,.T.);
#2187 = ORIENTED_EDGE('',*,*,#2107,.T.);
#2188 = ORIENTED_EDGE('',*,*,#2189,.F.);
#2189 = EDGE_CURVE('',#2163,#2108,#2190,.T.);
#2190 = LINE('',#2191,#2192);
#2191 = CARTESIAN_POINT('',(-0.32,-7.78,-3.));
#2192 = VECTOR('',#2193,1.);
#2193 = DIRECTION('',(1.,0.,0.));
#2194 = PLANE('',#2195);
#2195 = AXIS2_PLACEMENT_3D('',#2196,#2197,#2198);
#2196 = CARTESIAN_POINT('',(-0.32,-7.86,-2.92));
#2197 = DIRECTION('',(1.735167508356E-18,-0.707106781187,-0.707106781187
    ));
#2198 = DIRECTION('',(-1.,-1.226948711653E-18,-1.226948711653E-18));
#2199 = ADVANCED_FACE('',(#2200),#2225,.F.);
#2200 = FACE_BOUND('',#2201,.F.);
#2201 = EDGE_LOOP('',(#2202,#2210,#2211,#2219));
#2202 = ORIENTED_EDGE('',*,*,#2203,.F.);
#2203 = EDGE_CURVE('',#1436,#2204,#2206,.T.);
#2204 = VERTEX_POINT('',#2205);
#2205 = CARTESIAN_POINT('',(0.16,-0.16,-3.));
#2206 = LINE('',#2207,#2208);
#2207 = CARTESIAN_POINT('',(0.16,-0.16,-3.));
#2208 = VECTOR('',#2209,1.);
#2209 = DIRECTION('',(-0.57735026919,0.57735026919,-0.57735026919));
#2210 = ORIENTED_EDGE('',*,*,#1443,.T.);
#2211 = ORIENTED_EDGE('',*,*,#2212,.T.);
#2212 = EDGE_CURVE('',#1444,#2213,#2215,.T.);
#2213 = VERTEX_POINT('',#2214);
#2214 = CARTESIAN_POINT('',(0.16,0.16,-3.));
#2215 = LINE('',#2216,#2217);
#2216 = CARTESIAN_POINT('',(5.333333333333E-02,5.333333333333E-02,
    -3.106666666667));
#2217 = VECTOR('',#2218,1.);
#2218 = DIRECTION('',(-0.57735026919,-0.57735026919,-0.57735026919));
#2219 = ORIENTED_EDGE('',*,*,#2220,.F.);
#2220 = EDGE_CURVE('',#2204,#2213,#2221,.T.);
#2221 = LINE('',#2222,#2223);
#2222 = CARTESIAN_POINT('',(0.16,-0.32,-3.));
#2223 = VECTOR('',#2224,1.);
#2224 = DIRECTION('',(0.,1.,0.));
#2225 = PLANE('',#2226);
#2226 = AXIS2_PLACEMENT_3D('',#2227,#2228,#2229);
#2227 = CARTESIAN_POINT('',(0.24,-0.32,-2.92));
#2228 = DIRECTION('',(-0.707106781187,1.735167508356E-18,0.707106781187)
  );
#2229 = DIRECTION('',(1.226948711653E-18,1.,-1.226948711653E-18));
#2230 = ADVANCED_FACE('',(#2231),#2249,.F.);
#2231 = FACE_BOUND('',#2232,.T.);
#2232 = EDGE_LOOP('',(#2233,#2241,#2242,#2243));
#2233 = ORIENTED_EDGE('',*,*,#2234,.F.);
#2234 = EDGE_CURVE('',#1468,#2235,#2237,.T.);
#2235 = VERTEX_POINT('',#2236);
#2236 = CARTESIAN_POINT('',(-0.16,0.16,-3.));
#2237 = LINE('',#2238,#2239);
#2238 = CARTESIAN_POINT('',(-0.16,0.16,-3.));
#2239 = VECTOR('',#2240,1.);
#2240 = DIRECTION('',(0.57735026919,-0.57735026919,-0.57735026919));
#2241 = ORIENTED_EDGE('',*,*,#1467,.T.);
#2242 = ORIENTED_EDGE('',*,*,#2212,.T.);
#2243 = ORIENTED_EDGE('',*,*,#2244,.F.);
#2244 = EDGE_CURVE('',#2235,#2213,#2245,.T.);
#2245 = LINE('',#2246,#2247);
#2246 = CARTESIAN_POINT('',(-0.32,0.16,-3.));
#2247 = VECTOR('',#2248,1.);
#2248 = DIRECTION('',(1.,0.,0.));
#2249 = PLANE('',#2250);
#2250 = AXIS2_PLACEMENT_3D('',#2251,#2252,#2253);
#2251 = CARTESIAN_POINT('',(-0.32,0.24,-2.92));
#2252 = DIRECTION('',(-1.735167508356E-18,-0.707106781187,0.707106781187
    ));
#2253 = DIRECTION('',(-1.,1.226948711653E-18,-1.226948711653E-18));
#2254 = ADVANCED_FACE('',(#2255),#2273,.T.);
#2255 = FACE_BOUND('',#2256,.T.);
#2256 = EDGE_LOOP('',(#2257,#2265,#2266,#2267));
#2257 = ORIENTED_EDGE('',*,*,#2258,.F.);
#2258 = EDGE_CURVE('',#1491,#2259,#2261,.T.);
#2259 = VERTEX_POINT('',#2260);
#2260 = CARTESIAN_POINT('',(-0.16,-0.16,-3.));
#2261 = LINE('',#2262,#2263);
#2262 = CARTESIAN_POINT('',(-0.266666666667,-0.266666666667,
    -2.893333333333));
#2263 = VECTOR('',#2264,1.);
#2264 = DIRECTION('',(0.57735026919,0.57735026919,-0.57735026919));
#2265 = ORIENTED_EDGE('',*,*,#1498,.T.);
#2266 = ORIENTED_EDGE('',*,*,#2234,.T.);
#2267 = ORIENTED_EDGE('',*,*,#2268,.F.);
#2268 = EDGE_CURVE('',#2259,#2235,#2269,.T.);
#2269 = LINE('',#2270,#2271);
#2270 = CARTESIAN_POINT('',(-0.16,-0.32,-3.));
#2271 = VECTOR('',#2272,1.);
#2272 = DIRECTION('',(0.,1.,0.));
#2273 = PLANE('',#2274);
#2274 = AXIS2_PLACEMENT_3D('',#2275,#2276,#2277);
#2275 = CARTESIAN_POINT('',(-0.24,-0.32,-2.92));
#2276 = DIRECTION('',(-0.707106781187,-1.735167508356E-18,
    -0.707106781187));
#2277 = DIRECTION('',(-1.226948711653E-18,1.,-1.226948711653E-18));
#2278 = ADVANCED_FACE('',(#2279),#2290,.T.);
#2279 = FACE_BOUND('',#2280,.F.);
#2280 = EDGE_LOOP('',(#2281,#2282,#2283,#2284));
#2281 = ORIENTED_EDGE('',*,*,#2258,.F.);
#2282 = ORIENTED_EDGE('',*,*,#1515,.T.);
#2283 = ORIENTED_EDGE('',*,*,#2203,.T.);
#2284 = ORIENTED_EDGE('',*,*,#2285,.F.);
#2285 = EDGE_CURVE('',#2259,#2204,#2286,.T.);
#2286 = LINE('',#2287,#2288);
#2287 = CARTESIAN_POINT('',(-0.32,-0.16,-3.));
#2288 = VECTOR('',#2289,1.);
#2289 = DIRECTION('',(1.,0.,0.));
#2290 = PLANE('',#2291);
#2291 = AXIS2_PLACEMENT_3D('',#2292,#2293,#2294);
#2292 = CARTESIAN_POINT('',(-0.32,-0.24,-2.92));
#2293 = DIRECTION('',(1.735167508356E-18,-0.707106781187,-0.707106781187
    ));
#2294 = DIRECTION('',(-1.,-1.226948711653E-18,-1.226948711653E-18));
#2295 = ADVANCED_FACE('',(#2296),#2321,.F.);
#2296 = FACE_BOUND('',#2297,.T.);
#2297 = EDGE_LOOP('',(#2298,#2306,#2307,#2315));
#2298 = ORIENTED_EDGE('',*,*,#2299,.F.);
#2299 = EDGE_CURVE('',#1540,#2300,#2302,.T.);
#2300 = VERTEX_POINT('',#2301);
#2301 = CARTESIAN_POINT('',(-0.16,-2.38,-3.));
#2302 = LINE('',#2303,#2304);
#2303 = CARTESIAN_POINT('',(-0.16,-2.38,-3.));
#2304 = VECTOR('',#2305,1.);
#2305 = DIRECTION('',(0.57735026919,-0.57735026919,-0.57735026919));
#2306 = ORIENTED_EDGE('',*,*,#1539,.T.);
#2307 = ORIENTED_EDGE('',*,*,#2308,.T.);
#2308 = EDGE_CURVE('',#1532,#2309,#2311,.T.);
#2309 = VERTEX_POINT('',#2310);
#2310 = CARTESIAN_POINT('',(0.16,-2.38,-3.));
#2311 = LINE('',#2312,#2313);
#2312 = CARTESIAN_POINT('',(5.333333333333E-02,-2.486666666667,
    -3.106666666667));
#2313 = VECTOR('',#2314,1.);
#2314 = DIRECTION('',(-0.57735026919,-0.57735026919,-0.57735026919));
#2315 = ORIENTED_EDGE('',*,*,#2316,.F.);
#2316 = EDGE_CURVE('',#2300,#2309,#2317,.T.);
#2317 = LINE('',#2318,#2319);
#2318 = CARTESIAN_POINT('',(-0.32,-2.38,-3.));
#2319 = VECTOR('',#2320,1.);
#2320 = DIRECTION('',(1.,0.,0.));
#2321 = PLANE('',#2322);
#2322 = AXIS2_PLACEMENT_3D('',#2323,#2324,#2325);
#2323 = CARTESIAN_POINT('',(-0.32,-2.3,-2.92));
#2324 = DIRECTION('',(-1.735167508356E-18,-0.707106781187,0.707106781187
    ));
#2325 = DIRECTION('',(-1.,1.226948711653E-18,-1.226948711653E-18));
#2326 = ADVANCED_FACE('',(#2327),#2345,.T.);
#2327 = FACE_BOUND('',#2328,.T.);
#2328 = EDGE_LOOP('',(#2329,#2337,#2338,#2339));
#2329 = ORIENTED_EDGE('',*,*,#2330,.F.);
#2330 = EDGE_CURVE('',#1563,#2331,#2333,.T.);
#2331 = VERTEX_POINT('',#2332);
#2332 = CARTESIAN_POINT('',(-0.16,-2.7,-3.));
#2333 = LINE('',#2334,#2335);
#2334 = CARTESIAN_POINT('',(-0.266666666667,-2.806666666667,
    -2.893333333333));
#2335 = VECTOR('',#2336,1.);
#2336 = DIRECTION('',(0.57735026919,0.57735026919,-0.57735026919));
#2337 = ORIENTED_EDGE('',*,*,#1570,.T.);
#2338 = ORIENTED_EDGE('',*,*,#2299,.T.);
#2339 = ORIENTED_EDGE('',*,*,#2340,.F.);
#2340 = EDGE_CURVE('',#2331,#2300,#2341,.T.);
#2341 = LINE('',#2342,#2343);
#2342 = CARTESIAN_POINT('',(-0.16,-2.86,-3.));
#2343 = VECTOR('',#2344,1.);
#2344 = DIRECTION('',(0.,1.,0.));
#2345 = PLANE('',#2346);
#2346 = AXIS2_PLACEMENT_3D('',#2347,#2348,#2349);
#2347 = CARTESIAN_POINT('',(-0.24,-2.86,-2.92));
#2348 = DIRECTION('',(-0.707106781187,-1.735167508356E-18,
    -0.707106781187));
#2349 = DIRECTION('',(-1.226948711653E-18,1.,-1.226948711653E-18));
#2350 = ADVANCED_FACE('',(#2351),#2369,.T.);
#2351 = FACE_BOUND('',#2352,.F.);
#2352 = EDGE_LOOP('',(#2353,#2354,#2355,#2363));
#2353 = ORIENTED_EDGE('',*,*,#2330,.F.);
#2354 = ORIENTED_EDGE('',*,*,#1594,.T.);
#2355 = ORIENTED_EDGE('',*,*,#2356,.T.);
#2356 = EDGE_CURVE('',#1587,#2357,#2359,.T.);
#2357 = VERTEX_POINT('',#2358);
#2358 = CARTESIAN_POINT('',(0.16,-2.7,-3.));
#2359 = LINE('',#2360,#2361);
#2360 = CARTESIAN_POINT('',(0.16,-2.7,-3.));
#2361 = VECTOR('',#2362,1.);
#2362 = DIRECTION('',(-0.57735026919,0.57735026919,-0.57735026919));
#2363 = ORIENTED_EDGE('',*,*,#2364,.F.);
#2364 = EDGE_CURVE('',#2331,#2357,#2365,.T.);
#2365 = LINE('',#2366,#2367);
#2366 = CARTESIAN_POINT('',(-0.32,-2.7,-3.));
#2367 = VECTOR('',#2368,1.);
#2368 = DIRECTION('',(1.,0.,0.));
#2369 = PLANE('',#2370);
#2370 = AXIS2_PLACEMENT_3D('',#2371,#2372,#2373);
#2371 = CARTESIAN_POINT('',(-0.32,-2.78,-2.92));
#2372 = DIRECTION('',(1.735167508356E-18,-0.707106781187,-0.707106781187
    ));
#2373 = DIRECTION('',(-1.,-1.226948711653E-18,-1.226948711653E-18));
#2374 = ADVANCED_FACE('',(#2375),#2386,.F.);
#2375 = FACE_BOUND('',#2376,.F.);
#2376 = EDGE_LOOP('',(#2377,#2378,#2379,#2380));
#2377 = ORIENTED_EDGE('',*,*,#2356,.F.);
#2378 = ORIENTED_EDGE('',*,*,#1611,.T.);
#2379 = ORIENTED_EDGE('',*,*,#2308,.T.);
#2380 = ORIENTED_EDGE('',*,*,#2381,.F.);
#2381 = EDGE_CURVE('',#2357,#2309,#2382,.T.);
#2382 = LINE('',#2383,#2384);
#2383 = CARTESIAN_POINT('',(0.16,-2.86,-3.));
#2384 = VECTOR('',#2385,1.);
#2385 = DIRECTION('',(0.,1.,0.));
#2386 = PLANE('',#2387);
#2387 = AXIS2_PLACEMENT_3D('',#2388,#2389,#2390);
#2388 = CARTESIAN_POINT('',(0.24,-2.86,-2.92));
#2389 = DIRECTION('',(-0.707106781187,1.735167508356E-18,0.707106781187)
  );
#2390 = DIRECTION('',(1.226948711653E-18,1.,-1.226948711653E-18));
#2391 = ADVANCED_FACE('',(#2392),#2417,.T.);
#2392 = FACE_BOUND('',#2393,.F.);
#2393 = EDGE_LOOP('',(#2394,#2402,#2403,#2411));
#2394 = ORIENTED_EDGE('',*,*,#2395,.F.);
#2395 = EDGE_CURVE('',#1637,#2396,#2398,.T.);
#2396 = VERTEX_POINT('',#2397);
#2397 = CARTESIAN_POINT('',(-0.16,-4.92,8.54));
#2398 = LINE('',#2399,#2400);
#2399 = CARTESIAN_POINT('',(-0.16,-4.92,8.54));
#2400 = VECTOR('',#2401,1.);
#2401 = DIRECTION('',(0.57735026919,-0.57735026919,0.57735026919));
#2402 = ORIENTED_EDGE('',*,*,#1644,.T.);
#2403 = ORIENTED_EDGE('',*,*,#2404,.T.);
#2404 = EDGE_CURVE('',#1628,#2405,#2407,.T.);
#2405 = VERTEX_POINT('',#2406);
#2406 = CARTESIAN_POINT('',(0.16,-4.92,8.54));
#2407 = LINE('',#2408,#2409);
#2408 = CARTESIAN_POINT('',(5.333333333333E-02,-5.026666666667,
    8.646666666667));
#2409 = VECTOR('',#2410,1.);
#2410 = DIRECTION('',(-0.57735026919,-0.57735026919,0.57735026919));
#2411 = ORIENTED_EDGE('',*,*,#2412,.F.);
#2412 = EDGE_CURVE('',#2396,#2405,#2413,.T.);
#2413 = LINE('',#2414,#2415);
#2414 = CARTESIAN_POINT('',(-0.32,-4.92,8.54));
#2415 = VECTOR('',#2416,1.);
#2416 = DIRECTION('',(1.,0.,0.));
#2417 = PLANE('',#2418);
#2418 = AXIS2_PLACEMENT_3D('',#2419,#2420,#2421);
#2419 = CARTESIAN_POINT('',(-0.32,-4.84,8.46));
#2420 = DIRECTION('',(1.735167508356E-18,0.707106781187,0.707106781187)
  );
#2421 = DIRECTION('',(-1.,1.226948711653E-18,1.226948711653E-18));
#2422 = ADVANCED_FACE('',(#2423),#2441,.F.);
#2423 = FACE_BOUND('',#2424,.F.);
#2424 = EDGE_LOOP('',(#2425,#2433,#2434,#2435));
#2425 = ORIENTED_EDGE('',*,*,#2426,.F.);
#2426 = EDGE_CURVE('',#1659,#2427,#2429,.T.);
#2427 = VERTEX_POINT('',#2428);
#2428 = CARTESIAN_POINT('',(-0.16,-5.24,8.54));
#2429 = LINE('',#2430,#2431);
#2430 = CARTESIAN_POINT('',(-0.266666666667,-5.346666666667,
    8.433333333333));
#2431 = VECTOR('',#2432,1.);
#2432 = DIRECTION('',(0.57735026919,0.57735026919,0.57735026919));
#2433 = ORIENTED_EDGE('',*,*,#1668,.T.);
#2434 = ORIENTED_EDGE('',*,*,#2395,.T.);
#2435 = ORIENTED_EDGE('',*,*,#2436,.F.);
#2436 = EDGE_CURVE('',#2427,#2396,#2437,.T.);
#2437 = LINE('',#2438,#2439);
#2438 = CARTESIAN_POINT('',(-0.16,-5.4,8.54));
#2439 = VECTOR('',#2440,1.);
#2440 = DIRECTION('',(0.,1.,0.));
#2441 = PLANE('',#2442);
#2442 = AXIS2_PLACEMENT_3D('',#2443,#2444,#2445);
#2443 = CARTESIAN_POINT('',(-0.24,-5.4,8.46));
#2444 = DIRECTION('',(0.707106781187,1.735167508356E-18,-0.707106781187)
  );
#2445 = DIRECTION('',(-1.226948711653E-18,1.,1.226948711653E-18));
#2446 = ADVANCED_FACE('',(#2447),#2465,.F.);
#2447 = FACE_BOUND('',#2448,.T.);
#2448 = EDGE_LOOP('',(#2449,#2450,#2451,#2459));
#2449 = ORIENTED_EDGE('',*,*,#2426,.F.);
#2450 = ORIENTED_EDGE('',*,*,#1692,.T.);
#2451 = ORIENTED_EDGE('',*,*,#2452,.T.);
#2452 = EDGE_CURVE('',#1683,#2453,#2455,.T.);
#2453 = VERTEX_POINT('',#2454);
#2454 = CARTESIAN_POINT('',(0.16,-5.24,8.54));
#2455 = LINE('',#2456,#2457);
#2456 = CARTESIAN_POINT('',(0.16,-5.24,8.54));
#2457 = VECTOR('',#2458,1.);
#2458 = DIRECTION('',(-0.57735026919,0.57735026919,0.57735026919));
#2459 = ORIENTED_EDGE('',*,*,#2460,.F.);
#2460 = EDGE_CURVE('',#2427,#2453,#2461,.T.);
#2461 = LINE('',#2462,#2463);
#2462 = CARTESIAN_POINT('',(-0.32,-5.24,8.54));
#2463 = VECTOR('',#2464,1.);
#2464 = DIRECTION('',(1.,0.,0.));
#2465 = PLANE('',#2466);
#2466 = AXIS2_PLACEMENT_3D('',#2467,#2468,#2469);
#2467 = CARTESIAN_POINT('',(-0.32,-5.32,8.46));
#2468 = DIRECTION('',(-1.735167508356E-18,0.707106781187,-0.707106781187
    ));
#2469 = DIRECTION('',(-1.,-1.226948711653E-18,1.226948711653E-18));
#2470 = ADVANCED_FACE('',(#2471),#2482,.T.);
#2471 = FACE_BOUND('',#2472,.T.);
#2472 = EDGE_LOOP('',(#2473,#2474,#2475,#2476));
#2473 = ORIENTED_EDGE('',*,*,#2452,.F.);
#2474 = ORIENTED_EDGE('',*,*,#1709,.T.);
#2475 = ORIENTED_EDGE('',*,*,#2404,.T.);
#2476 = ORIENTED_EDGE('',*,*,#2477,.F.);
#2477 = EDGE_CURVE('',#2453,#2405,#2478,.T.);
#2478 = LINE('',#2479,#2480);
#2479 = CARTESIAN_POINT('',(0.16,-5.4,8.54));
#2480 = VECTOR('',#2481,1.);
#2481 = DIRECTION('',(0.,1.,0.));
#2482 = PLANE('',#2483);
#2483 = AXIS2_PLACEMENT_3D('',#2484,#2485,#2486);
#2484 = CARTESIAN_POINT('',(0.24,-5.4,8.46));
#2485 = DIRECTION('',(0.707106781187,-1.735167508356E-18,0.707106781187)
  );
#2486 = DIRECTION('',(1.226948711653E-18,1.,1.226948711653E-18));
#2487 = ADVANCED_FACE('',(#2488),#2513,.T.);
#2488 = FACE_BOUND('',#2489,.T.);
#2489 = EDGE_LOOP('',(#2490,#2498,#2499,#2507));
#2490 = ORIENTED_EDGE('',*,*,#2491,.F.);
#2491 = EDGE_CURVE('',#1724,#2492,#2494,.T.);
#2492 = VERTEX_POINT('',#2493);
#2493 = CARTESIAN_POINT('',(0.16,-7.78,8.54));
#2494 = LINE('',#2495,#2496);
#2495 = CARTESIAN_POINT('',(0.16,-7.78,8.54));
#2496 = VECTOR('',#2497,1.);
#2497 = DIRECTION('',(-0.57735026919,0.57735026919,0.57735026919));
#2498 = ORIENTED_EDGE('',*,*,#1740,.T.);
#2499 = ORIENTED_EDGE('',*,*,#2500,.T.);
#2500 = EDGE_CURVE('',#1733,#2501,#2503,.T.);
#2501 = VERTEX_POINT('',#2502);
#2502 = CARTESIAN_POINT('',(0.16,-7.46,8.54));
#2503 = LINE('',#2504,#2505);
#2504 = CARTESIAN_POINT('',(5.333333333333E-02,-7.566666666667,
    8.646666666667));
#2505 = VECTOR('',#2506,1.);
#2506 = DIRECTION('',(-0.57735026919,-0.57735026919,0.57735026919));
#2507 = ORIENTED_EDGE('',*,*,#2508,.F.);
#2508 = EDGE_CURVE('',#2492,#2501,#2509,.T.);
#2509 = LINE('',#2510,#2511);
#2510 = CARTESIAN_POINT('',(0.16,-7.94,8.54));
#2511 = VECTOR('',#2512,1.);
#2512 = DIRECTION('',(0.,1.,0.));
#2513 = PLANE('',#2514);
#2514 = AXIS2_PLACEMENT_3D('',#2515,#2516,#2517);
#2515 = CARTESIAN_POINT('',(0.24,-7.94,8.46));
#2516 = DIRECTION('',(0.707106781187,-1.735167508356E-18,0.707106781187)
  );
#2517 = DIRECTION('',(1.226948711653E-18,1.,1.226948711653E-18));
#2518 = ADVANCED_FACE('',(#2519),#2537,.T.);
#2519 = FACE_BOUND('',#2520,.F.);
#2520 = EDGE_LOOP('',(#2521,#2529,#2530,#2531));
#2521 = ORIENTED_EDGE('',*,*,#2522,.F.);
#2522 = EDGE_CURVE('',#1757,#2523,#2525,.T.);
#2523 = VERTEX_POINT('',#2524);
#2524 = CARTESIAN_POINT('',(-0.16,-7.46,8.54));
#2525 = LINE('',#2526,#2527);
#2526 = CARTESIAN_POINT('',(-0.16,-7.46,8.54));
#2527 = VECTOR('',#2528,1.);
#2528 = DIRECTION('',(0.57735026919,-0.57735026919,0.57735026919));
#2529 = ORIENTED_EDGE('',*,*,#1764,.T.);
#2530 = ORIENTED_EDGE('',*,*,#2500,.T.);
#2531 = ORIENTED_EDGE('',*,*,#2532,.F.);
#2532 = EDGE_CURVE('',#2523,#2501,#2533,.T.);
#2533 = LINE('',#2534,#2535);
#2534 = CARTESIAN_POINT('',(-0.32,-7.46,8.54));
#2535 = VECTOR('',#2536,1.);
#2536 = DIRECTION('',(1.,0.,0.));
#2537 = PLANE('',#2538);
#2538 = AXIS2_PLACEMENT_3D('',#2539,#2540,#2541);
#2539 = CARTESIAN_POINT('',(-0.32,-7.38,8.46));
#2540 = DIRECTION('',(1.735167508356E-18,0.707106781187,0.707106781187)
  );
#2541 = DIRECTION('',(-1.,1.226948711653E-18,1.226948711653E-18));
#2542 = ADVANCED_FACE('',(#2543),#2561,.F.);
#2543 = FACE_BOUND('',#2544,.F.);
#2544 = EDGE_LOOP('',(#2545,#2553,#2554,#2555));
#2545 = ORIENTED_EDGE('',*,*,#2546,.F.);
#2546 = EDGE_CURVE('',#1779,#2547,#2549,.T.);
#2547 = VERTEX_POINT('',#2548);
#2548 = CARTESIAN_POINT('',(-0.16,-7.78,8.54));
#2549 = LINE('',#2550,#2551);
#2550 = CARTESIAN_POINT('',(-0.266666666667,-7.886666666667,
    8.433333333333));
#2551 = VECTOR('',#2552,1.);
#2552 = DIRECTION('',(0.57735026919,0.57735026919,0.57735026919));
#2553 = ORIENTED_EDGE('',*,*,#1788,.T.);
#2554 = ORIENTED_EDGE('',*,*,#2522,.T.);
#2555 = ORIENTED_EDGE('',*,*,#2556,.F.);
#2556 = EDGE_CURVE('',#2547,#2523,#2557,.T.);
#2557 = LINE('',#2558,#2559);
#2558 = CARTESIAN_POINT('',(-0.16,-7.94,8.54));
#2559 = VECTOR('',#2560,1.);
#2560 = DIRECTION('',(0.,1.,0.));
#2561 = PLANE('',#2562);
#2562 = AXIS2_PLACEMENT_3D('',#2563,#2564,#2565);
#2563 = CARTESIAN_POINT('',(-0.24,-7.94,8.46));
#2564 = DIRECTION('',(0.707106781187,1.735167508356E-18,-0.707106781187)
  );
#2565 = DIRECTION('',(-1.226948711653E-18,1.,1.226948711653E-18));
#2566 = ADVANCED_FACE('',(#2567),#2578,.F.);
#2567 = FACE_BOUND('',#2568,.T.);
#2568 = EDGE_LOOP('',(#2569,#2570,#2571,#2572));
#2569 = ORIENTED_EDGE('',*,*,#2546,.F.);
#2570 = ORIENTED_EDGE('',*,*,#1805,.T.);
#2571 = ORIENTED_EDGE('',*,*,#2491,.T.);
#2572 = ORIENTED_EDGE('',*,*,#2573,.F.);
#2573 = EDGE_CURVE('',#2547,#2492,#2574,.T.);
#2574 = LINE('',#2575,#2576);
#2575 = CARTESIAN_POINT('',(-0.32,-7.78,8.54));
#2576 = VECTOR('',#2577,1.);
#2577 = DIRECTION('',(1.,0.,0.));
#2578 = PLANE('',#2579);
#2579 = AXIS2_PLACEMENT_3D('',#2580,#2581,#2582);
#2580 = CARTESIAN_POINT('',(-0.32,-7.86,8.46));
#2581 = DIRECTION('',(-1.735167508356E-18,0.707106781187,-0.707106781187
    ));
#2582 = DIRECTION('',(-1.,-1.226948711653E-18,1.226948711653E-18));
#2583 = ADVANCED_FACE('',(#2584),#2609,.T.);
#2584 = FACE_BOUND('',#2585,.T.);
#2585 = EDGE_LOOP('',(#2586,#2594,#2595,#2603));
#2586 = ORIENTED_EDGE('',*,*,#2587,.F.);
#2587 = EDGE_CURVE('',#1820,#2588,#2590,.T.);
#2588 = VERTEX_POINT('',#2589);
#2589 = CARTESIAN_POINT('',(0.16,-0.16,8.54));
#2590 = LINE('',#2591,#2592);
#2591 = CARTESIAN_POINT('',(0.16,-0.16,8.54));
#2592 = VECTOR('',#2593,1.);
#2593 = DIRECTION('',(-0.57735026919,0.57735026919,0.57735026919));
#2594 = ORIENTED_EDGE('',*,*,#1836,.T.);
#2595 = ORIENTED_EDGE('',*,*,#2596,.T.);
#2596 = EDGE_CURVE('',#1829,#2597,#2599,.T.);
#2597 = VERTEX_POINT('',#2598);
#2598 = CARTESIAN_POINT('',(0.16,0.16,8.54));
#2599 = LINE('',#2600,#2601);
#2600 = CARTESIAN_POINT('',(5.333333333333E-02,5.333333333333E-02,
    8.646666666667));
#2601 = VECTOR('',#2602,1.);
#2602 = DIRECTION('',(-0.57735026919,-0.57735026919,0.57735026919));
#2603 = ORIENTED_EDGE('',*,*,#2604,.F.);
#2604 = EDGE_CURVE('',#2588,#2597,#2605,.T.);
#2605 = LINE('',#2606,#2607);
#2606 = CARTESIAN_POINT('',(0.16,-0.32,8.54));
#2607 = VECTOR('',#2608,1.);
#2608 = DIRECTION('',(0.,1.,0.));
#2609 = PLANE('',#2610);
#2610 = AXIS2_PLACEMENT_3D('',#2611,#2612,#2613);
#2611 = CARTESIAN_POINT('',(0.24,-0.32,8.46));
#2612 = DIRECTION('',(0.707106781187,-1.735167508356E-18,0.707106781187)
  );
#2613 = DIRECTION('',(1.226948711653E-18,1.,1.226948711653E-18));
#2614 = ADVANCED_FACE('',(#2615),#2633,.T.);
#2615 = FACE_BOUND('',#2616,.F.);
#2616 = EDGE_LOOP('',(#2617,#2625,#2626,#2627));
#2617 = ORIENTED_EDGE('',*,*,#2618,.F.);
#2618 = EDGE_CURVE('',#1853,#2619,#2621,.T.);
#2619 = VERTEX_POINT('',#2620);
#2620 = CARTESIAN_POINT('',(-0.16,0.16,8.54));
#2621 = LINE('',#2622,#2623);
#2622 = CARTESIAN_POINT('',(-0.16,0.16,8.54));
#2623 = VECTOR('',#2624,1.);
#2624 = DIRECTION('',(0.57735026919,-0.57735026919,0.57735026919));
#2625 = ORIENTED_EDGE('',*,*,#1860,.T.);
#2626 = ORIENTED_EDGE('',*,*,#2596,.T.);
#2627 = ORIENTED_EDGE('',*,*,#2628,.F.);
#2628 = EDGE_CURVE('',#2619,#2597,#2629,.T.);
#2629 = LINE('',#2630,#2631);
#2630 = CARTESIAN_POINT('',(-0.32,0.16,8.54));
#2631 = VECTOR('',#2632,1.);
#2632 = DIRECTION('',(1.,0.,0.));
#2633 = PLANE('',#2634);
#2634 = AXIS2_PLACEMENT_3D('',#2635,#2636,#2637);
#2635 = CARTESIAN_POINT('',(-0.32,0.24,8.46));
#2636 = DIRECTION('',(1.735167508356E-18,0.707106781187,0.707106781187)
  );
#2637 = DIRECTION('',(-1.,1.226948711653E-18,1.226948711653E-18));
#2638 = ADVANCED_FACE('',(#2639),#2657,.F.);
#2639 = FACE_BOUND('',#2640,.F.);
#2640 = EDGE_LOOP('',(#2641,#2649,#2650,#2651));
#2641 = ORIENTED_EDGE('',*,*,#2642,.F.);
#2642 = EDGE_CURVE('',#1875,#2643,#2645,.T.);
#2643 = VERTEX_POINT('',#2644);
#2644 = CARTESIAN_POINT('',(-0.16,-0.16,8.54));
#2645 = LINE('',#2646,#2647);
#2646 = CARTESIAN_POINT('',(-0.266666666667,-0.266666666667,
    8.433333333333));
#2647 = VECTOR('',#2648,1.);
#2648 = DIRECTION('',(0.57735026919,0.57735026919,0.57735026919));
#2649 = ORIENTED_EDGE('',*,*,#1884,.T.);
#2650 = ORIENTED_EDGE('',*,*,#2618,.T.);
#2651 = ORIENTED_EDGE('',*,*,#2652,.F.);
#2652 = EDGE_CURVE('',#2643,#2619,#2653,.T.);
#2653 = LINE('',#2654,#2655);
#2654 = CARTESIAN_POINT('',(-0.16,-0.32,8.54));
#2655 = VECTOR('',#2656,1.);
#2656 = DIRECTION('',(0.,1.,0.));
#2657 = PLANE('',#2658);
#2658 = AXIS2_PLACEMENT_3D('',#2659,#2660,#2661);
#2659 = CARTESIAN_POINT('',(-0.24,-0.32,8.46));
#2660 = DIRECTION('',(0.707106781187,1.735167508356E-18,-0.707106781187)
  );
#2661 = DIRECTION('',(-1.226948711653E-18,1.,1.226948711653E-18));
#2662 = ADVANCED_FACE('',(#2663),#2674,.F.);
#2663 = FACE_BOUND('',#2664,.T.);
#2664 = EDGE_LOOP('',(#2665,#2666,#2667,#2668));
#2665 = ORIENTED_EDGE('',*,*,#2642,.F.);
#2666 = ORIENTED_EDGE('',*,*,#1901,.T.);
#2667 = ORIENTED_EDGE('',*,*,#2587,.T.);
#2668 = ORIENTED_EDGE('',*,*,#2669,.F.);
#2669 = EDGE_CURVE('',#2643,#2588,#2670,.T.);
#2670 = LINE('',#2671,#2672);
#2671 = CARTESIAN_POINT('',(-0.32,-0.16,8.54));
#2672 = VECTOR('',#2673,1.);
#2673 = DIRECTION('',(1.,0.,0.));
#2674 = PLANE('',#2675);
#2675 = AXIS2_PLACEMENT_3D('',#2676,#2677,#2678);
#2676 = CARTESIAN_POINT('',(-0.32,-0.24,8.46));
#2677 = DIRECTION('',(-1.735167508356E-18,0.707106781187,-0.707106781187
    ));
#2678 = DIRECTION('',(-1.,-1.226948711653E-18,1.226948711653E-18));
#2679 = ADVANCED_FACE('',(#2680),#2705,.T.);
#2680 = FACE_BOUND('',#2681,.F.);
#2681 = EDGE_LOOP('',(#2682,#2690,#2691,#2699));
#2682 = ORIENTED_EDGE('',*,*,#2683,.F.);
#2683 = EDGE_CURVE('',#1925,#2684,#2686,.T.);
#2684 = VERTEX_POINT('',#2685);
#2685 = CARTESIAN_POINT('',(-0.16,-2.38,8.54));
#2686 = LINE('',#2687,#2688);
#2687 = CARTESIAN_POINT('',(-0.16,-2.38,8.54));
#2688 = VECTOR('',#2689,1.);
#2689 = DIRECTION('',(0.57735026919,-0.57735026919,0.57735026919));
#2690 = ORIENTED_EDGE('',*,*,#1932,.T.);
#2691 = ORIENTED_EDGE('',*,*,#2692,.T.);
#2692 = EDGE_CURVE('',#1916,#2693,#2695,.T.);
#2693 = VERTEX_POINT('',#2694);
#2694 = CARTESIAN_POINT('',(0.16,-2.38,8.54));
#2695 = LINE('',#2696,#2697);
#2696 = CARTESIAN_POINT('',(5.333333333333E-02,-2.486666666667,
    8.646666666667));
#2697 = VECTOR('',#2698,1.);
#2698 = DIRECTION('',(-0.57735026919,-0.57735026919,0.57735026919));
#2699 = ORIENTED_EDGE('',*,*,#2700,.F.);
#2700 = EDGE_CURVE('',#2684,#2693,#2701,.T.);
#2701 = LINE('',#2702,#2703);
#2702 = CARTESIAN_POINT('',(-0.32,-2.38,8.54));
#2703 = VECTOR('',#2704,1.);
#2704 = DIRECTION('',(1.,0.,0.));
#2705 = PLANE('',#2706);
#2706 = AXIS2_PLACEMENT_3D('',#2707,#2708,#2709);
#2707 = CARTESIAN_POINT('',(-0.32,-2.3,8.46));
#2708 = DIRECTION('',(1.735167508356E-18,0.707106781187,0.707106781187)
  );
#2709 = DIRECTION('',(-1.,1.226948711653E-18,1.226948711653E-18));
#2710 = ADVANCED_FACE('',(#2711),#2729,.F.);
#2711 = FACE_BOUND('',#2712,.F.);
#2712 = EDGE_LOOP('',(#2713,#2721,#2722,#2723));
#2713 = ORIENTED_EDGE('',*,*,#2714,.F.);
#2714 = EDGE_CURVE('',#1947,#2715,#2717,.T.);
#2715 = VERTEX_POINT('',#2716);
#2716 = CARTESIAN_POINT('',(-0.16,-2.7,8.54));
#2717 = LINE('',#2718,#2719);
#2718 = CARTESIAN_POINT('',(-0.266666666667,-2.806666666667,
    8.433333333333));
#2719 = VECTOR('',#2720,1.);
#2720 = DIRECTION('',(0.57735026919,0.57735026919,0.57735026919));
#2721 = ORIENTED_EDGE('',*,*,#1956,.T.);
#2722 = ORIENTED_EDGE('',*,*,#2683,.T.);
#2723 = ORIENTED_EDGE('',*,*,#2724,.F.);
#2724 = EDGE_CURVE('',#2715,#2684,#2725,.T.);
#2725 = LINE('',#2726,#2727);
#2726 = CARTESIAN_POINT('',(-0.16,-2.86,8.54));
#2727 = VECTOR('',#2728,1.);
#2728 = DIRECTION('',(0.,1.,0.));
#2729 = PLANE('',#2730);
#2730 = AXIS2_PLACEMENT_3D('',#2731,#2732,#2733);
#2731 = CARTESIAN_POINT('',(-0.24,-2.86,8.46));
#2732 = DIRECTION('',(0.707106781187,1.735167508356E-18,-0.707106781187)
  );
#2733 = DIRECTION('',(-1.226948711653E-18,1.,1.226948711653E-18));
#2734 = ADVANCED_FACE('',(#2735),#2753,.F.);
#2735 = FACE_BOUND('',#2736,.T.);
#2736 = EDGE_LOOP('',(#2737,#2738,#2739,#2747));
#2737 = ORIENTED_EDGE('',*,*,#2714,.F.);
#2738 = ORIENTED_EDGE('',*,*,#1980,.T.);
#2739 = ORIENTED_EDGE('',*,*,#2740,.T.);
#2740 = EDGE_CURVE('',#1971,#2741,#2743,.T.);
#2741 = VERTEX_POINT('',#2742);
#2742 = CARTESIAN_POINT('',(0.16,-2.7,8.54));
#2743 = LINE('',#2744,#2745);
#2744 = CARTESIAN_POINT('',(0.16,-2.7,8.54));
#2745 = VECTOR('',#2746,1.);
#2746 = DIRECTION('',(-0.57735026919,0.57735026919,0.57735026919));
#2747 = ORIENTED_EDGE('',*,*,#2748,.F.);
#2748 = EDGE_CURVE('',#2715,#2741,#2749,.T.);
#2749 = LINE('',#2750,#2751);
#2750 = CARTESIAN_POINT('',(-0.32,-2.7,8.54));
#2751 = VECTOR('',#2752,1.);
#2752 = DIRECTION('',(1.,0.,0.));
#2753 = PLANE('',#2754);
#2754 = AXIS2_PLACEMENT_3D('',#2755,#2756,#2757);
#2755 = CARTESIAN_POINT('',(-0.32,-2.78,8.46));
#2756 = DIRECTION('',(-1.735167508356E-18,0.707106781187,-0.707106781187
    ));
#2757 = DIRECTION('',(-1.,-1.226948711653E-18,1.226948711653E-18));
#2758 = ADVANCED_FACE('',(#2759),#2770,.T.);
#2759 = FACE_BOUND('',#2760,.T.);
#2760 = EDGE_LOOP('',(#2761,#2762,#2763,#2764));
#2761 = ORIENTED_EDGE('',*,*,#2740,.F.);
#2762 = ORIENTED_EDGE('',*,*,#1997,.T.);
#2763 = ORIENTED_EDGE('',*,*,#2692,.T.);
#2764 = ORIENTED_EDGE('',*,*,#2765,.F.);
#2765 = EDGE_CURVE('',#2741,#2693,#2766,.T.);
#2766 = LINE('',#2767,#2768);
#2767 = CARTESIAN_POINT('',(0.16,-2.86,8.54));
#2768 = VECTOR('',#2769,1.);
#2769 = DIRECTION('',(0.,1.,0.));
#2770 = PLANE('',#2771);
#2771 = AXIS2_PLACEMENT_3D('',#2772,#2773,#2774);
#2772 = CARTESIAN_POINT('',(0.24,-2.86,8.46));
#2773 = DIRECTION('',(0.707106781187,-1.735167508356E-18,0.707106781187)
  );
#2774 = DIRECTION('',(1.226948711653E-18,1.,1.226948711653E-18));
#2775 = ADVANCED_FACE('',(#2776),#2782,.F.);
#2776 = FACE_BOUND('',#2777,.F.);
#2777 = EDGE_LOOP('',(#2778,#2779,#2780,#2781));
#2778 = ORIENTED_EDGE('',*,*,#2093,.T.);
#2779 = ORIENTED_EDGE('',*,*,#2028,.F.);
#2780 = ORIENTED_EDGE('',*,*,#2052,.F.);
#2781 = ORIENTED_EDGE('',*,*,#2076,.T.);
#2782 = PLANE('',#2783);
#2783 = AXIS2_PLACEMENT_3D('',#2784,#2785,#2786);
#2784 = CARTESIAN_POINT('',(-0.32,-5.4,-3.));
#2785 = DIRECTION('',(0.,0.,1.));
#2786 = DIRECTION('',(1.,0.,-0.));
#2787 = ADVANCED_FACE('',(#2788),#2794,.F.);
#2788 = FACE_BOUND('',#2789,.F.);
#2789 = EDGE_LOOP('',(#2790,#2791,#2792,#2793));
#2790 = ORIENTED_EDGE('',*,*,#2124,.T.);
#2791 = ORIENTED_EDGE('',*,*,#2148,.F.);
#2792 = ORIENTED_EDGE('',*,*,#2172,.F.);
#2793 = ORIENTED_EDGE('',*,*,#2189,.T.);
#2794 = PLANE('',#2795);
#2795 = AXIS2_PLACEMENT_3D('',#2796,#2797,#2798);
#2796 = CARTESIAN_POINT('',(-0.32,-7.94,-3.));
#2797 = DIRECTION('',(0.,0.,1.));
#2798 = DIRECTION('',(1.,0.,-0.));
#2799 = ADVANCED_FACE('',(#2800),#2806,.F.);
#2800 = FACE_BOUND('',#2801,.F.);
#2801 = EDGE_LOOP('',(#2802,#2803,#2804,#2805));
#2802 = ORIENTED_EDGE('',*,*,#2220,.T.);
#2803 = ORIENTED_EDGE('',*,*,#2244,.F.);
#2804 = ORIENTED_EDGE('',*,*,#2268,.F.);
#2805 = ORIENTED_EDGE('',*,*,#2285,.T.);
#2806 = PLANE('',#2807);
#2807 = AXIS2_PLACEMENT_3D('',#2808,#2809,#2810);
#2808 = CARTESIAN_POINT('',(-0.32,-0.32,-3.));
#2809 = DIRECTION('',(0.,0.,1.));
#2810 = DIRECTION('',(1.,0.,-0.));
#2811 = ADVANCED_FACE('',(#2812),#2818,.F.);
#2812 = FACE_BOUND('',#2813,.F.);
#2813 = EDGE_LOOP('',(#2814,#2815,#2816,#2817));
#2814 = ORIENTED_EDGE('',*,*,#2381,.T.);
#2815 = ORIENTED_EDGE('',*,*,#2316,.F.);
#2816 = ORIENTED_EDGE('',*,*,#2340,.F.);
#2817 = ORIENTED_EDGE('',*,*,#2364,.T.);
#2818 = PLANE('',#2819);
#2819 = AXIS2_PLACEMENT_3D('',#2820,#2821,#2822);
#2820 = CARTESIAN_POINT('',(-0.32,-2.86,-3.));
#2821 = DIRECTION('',(0.,0.,1.));
#2822 = DIRECTION('',(1.,0.,-0.));
#2823 = ADVANCED_FACE('',(#2824),#2830,.T.);
#2824 = FACE_BOUND('',#2825,.T.);
#2825 = EDGE_LOOP('',(#2826,#2827,#2828,#2829));
#2826 = ORIENTED_EDGE('',*,*,#2477,.T.);
#2827 = ORIENTED_EDGE('',*,*,#2412,.F.);
#2828 = ORIENTED_EDGE('',*,*,#2436,.F.);
#2829 = ORIENTED_EDGE('',*,*,#2460,.T.);
#2830 = PLANE('',#2831);
#2831 = AXIS2_PLACEMENT_3D('',#2832,#2833,#2834);
#2832 = CARTESIAN_POINT('',(-0.32,-5.4,8.54));
#2833 = DIRECTION('',(0.,0.,1.));
#2834 = DIRECTION('',(1.,0.,-0.));
#2835 = ADVANCED_FACE('',(#2836),#2842,.T.);
#2836 = FACE_BOUND('',#2837,.T.);
#2837 = EDGE_LOOP('',(#2838,#2839,#2840,#2841));
#2838 = ORIENTED_EDGE('',*,*,#2508,.T.);
#2839 = ORIENTED_EDGE('',*,*,#2532,.F.);
#2840 = ORIENTED_EDGE('',*,*,#2556,.F.);
#2841 = ORIENTED_EDGE('',*,*,#2573,.T.);
#2842 = PLANE('',#2843);
#2843 = AXIS2_PLACEMENT_3D('',#2844,#2845,#2846);
#2844 = CARTESIAN_POINT('',(-0.32,-7.94,8.54));
#2845 = DIRECTION('',(0.,0.,1.));
#2846 = DIRECTION('',(1.,0.,-0.));
#2847 = ADVANCED_FACE('',(#2848),#2854,.T.);
#2848 = FACE_BOUND('',#2849,.T.);
#2849 = EDGE_LOOP('',(#2850,#2851,#2852,#2853));
#2850 = ORIENTED_EDGE('',*,*,#2604,.T.);
#2851 = ORIENTED_EDGE('',*,*,#2628,.F.);
#2852 = ORIENTED_EDGE('',*,*,#2652,.F.);
#2853 = ORIENTED_EDGE('',*,*,#2669,.T.);
#2854 = PLANE('',#2855);
#2855 = AXIS2_PLACEMENT_3D('',#2856,#2857,#2858);
#2856 = CARTESIAN_POINT('',(-0.32,-0.32,8.54));
#2857 = DIRECTION('',(0.,0.,1.));
#2858 = DIRECTION('',(1.,0.,-0.));
#2859 = ADVANCED_FACE('',(#2860),#2866,.T.);
#2860 = FACE_BOUND('',#2861,.T.);
#2861 = EDGE_LOOP('',(#2862,#2863,#2864,#2865));
#2862 = ORIENTED_EDGE('',*,*,#2765,.T.);
#2863 = ORIENTED_EDGE('',*,*,#2700,.F.);
#2864 = ORIENTED_EDGE('',*,*,#2724,.F.);
#2865 = ORIENTED_EDGE('',*,*,#2748,.T.);
#2866 = PLANE('',#2867);
#2867 = AXIS2_PLACEMENT_3D('',#2868,#2869,#2870);
#2868 = CARTESIAN_POINT('',(-0.32,-2.86,8.54));
#2869 = DIRECTION('',(0.,0.,1.));
#2870 = DIRECTION('',(1.,0.,-0.));
#2871 = ( GEOMETRIC_REPRESENTATION_CONTEXT(3) 
GLOBAL_UNCERTAINTY_ASSIGNED_CONTEXT((#2875)) 
GLOBAL_UNIT_ASSIGNED_CONTEXT((#2872,#2873,#2874)) REPRESENTATION_CONTEXT
('Context #1','3D Context with UNIT and UNCERTAINTY') );
#2872 = ( LENGTH_UNIT() NAMED_UNIT(*) SI_UNIT(.MILLI.,.METRE.) );
#2873 = ( NAMED_UNIT(*) PLANE_ANGLE_UNIT() SI_UNIT($,.RADIAN.) );
#2874 = ( NAMED_UNIT(*) SI_UNIT($,.STERADIAN.) SOLID_ANGLE_UNIT() );
#2875 = UNCERTAINTY_MEASURE_WITH_UNIT(LENGTH_MEASURE(1.E-07),#2872,
  'distance_accuracy_value','confusion accuracy');
#2876 = CONTEXT_DEPENDENT_SHAPE_REPRESENTATION(#2877,#2879);
#2877 = ( REPRESENTATION_RELATIONSHIP('','',#90,#67) 
REPRESENTATION_RELATIONSHIP_WITH_TRANSFORMATION(#2878) 
SHAPE_REPRESENTATION_RELATIONSHIP() );
#2878 = ITEM_DEFINED_TRANSFORMATION('','',#11,#68);
#2879 = PRODUCT_DEFINITION_SHAPE('Placement','Placement of an item',
  #2880);
#2880 = NEXT_ASSEMBLY_USAGE_OCCURRENCE('1',
  'PinHeader_1x04_P254mm_Vertical','',#62,#85,$);
#2881 = PRODUCT_RELATED_PRODUCT_CATEGORY('part',$,(#87));
#2882 = SHAPE_DEFINITION_REPRESENTATION(#2883,#2889);
#2883 = PRODUCT_DEFINITION_SHAPE('','',#2884);
#2884 = PRODUCT_DEFINITION('design','',#2885,#2888);
#2885 = PRODUCT_DEFINITION_FORMATION('','',#2886);
#2886 = PRODUCT('astrapad_PCB','astrapad_PCB','',(#2887));
#2887 = PRODUCT_CONTEXT('',#2,'mechanical');
#2888 = PRODUCT_DEFINITION_CONTEXT('part definition',#2,'design');
#2889 = ADVANCED_BREP_SHAPE_REPRESENTATION('',(#11,#2890),#5628);
#2890 = MANIFOLD_SOLID_BREP('',#2891);
#2891 = CLOSED_SHELL('',(#2892,#2932,#2963,#2994,#3727,#4460,#4472,#4489
    ,#4506,#4523,#4540,#4557,#4574,#4591,#4608,#4625,#4642,#4659,#4676,
    #4693,#4710,#4727,#4744,#4761,#4778,#4800,#4817,#4834,#4846,#4863,
    #4880,#4897,#4914,#4931,#4948,#4970,#4987,#5004,#5016,#5033,#5050,
    #5067,#5084,#5101,#5118,#5135,#5152,#5169,#5186,#5203,#5220,#5237,
    #5254,#5271,#5288,#5305,#5327,#5344,#5361,#5373,#5390,#5407,#5424,
    #5441,#5458,#5475,#5492,#5509,#5526,#5543,#5565,#5582,#5599,#5611));
#2892 = ADVANCED_FACE('',(#2893),#2927,.T.);
#2893 = FACE_BOUND('',#2894,.T.);
#2894 = EDGE_LOOP('',(#2895,#2905,#2913,#2921));
#2895 = ORIENTED_EDGE('',*,*,#2896,.T.);
#2896 = EDGE_CURVE('',#2897,#2899,#2901,.T.);
#2897 = VERTEX_POINT('',#2898);
#2898 = CARTESIAN_POINT('',(195.5,-128.,0.));
#2899 = VERTEX_POINT('',#2900);
#2900 = CARTESIAN_POINT('',(195.5,-128.,1.51));
#2901 = LINE('',#2902,#2903);
#2902 = CARTESIAN_POINT('',(195.5,-128.,0.));
#2903 = VECTOR('',#2904,1.);
#2904 = DIRECTION('',(0.,0.,1.));
#2905 = ORIENTED_EDGE('',*,*,#2906,.T.);
#2906 = EDGE_CURVE('',#2899,#2907,#2909,.T.);
#2907 = VERTEX_POINT('',#2908);
#2908 = CARTESIAN_POINT('',(105.5,-128.,1.51));
#2909 = LINE('',#2910,#2911);
#2910 = CARTESIAN_POINT('',(195.5,-128.,1.51));
#2911 = VECTOR('',#2912,1.);
#2912 = DIRECTION('',(-1.,0.,0.));
#2913 = ORIENTED_EDGE('',*,*,#2914,.F.);
#2914 = EDGE_CURVE('',#2915,#2907,#2917,.T.);
#2915 = VERTEX_POINT('',#2916);
#2916 = CARTESIAN_POINT('',(105.5,-128.,0.));
#2917 = LINE('',#2918,#2919);
#2918 = CARTESIAN_POINT('',(105.5,-128.,0.));
#2919 = VECTOR('',#2920,1.);
#2920 = DIRECTION('',(0.,0.,1.));
#2921 = ORIENTED_EDGE('',*,*,#2922,.F.);
#2922 = EDGE_CURVE('',#2897,#2915,#2923,.T.);
#2923 = LINE('',#2924,#2925);
#2924 = CARTESIAN_POINT('',(195.5,-128.,0.));
#2925 = VECTOR('',#2926,1.);
#2926 = DIRECTION('',(-1.,0.,0.));
#2927 = PLANE('',#2928);
#2928 = AXIS2_PLACEMENT_3D('',#2929,#2930,#2931);
#2929 = CARTESIAN_POINT('',(195.5,-128.,0.));
#2930 = DIRECTION('',(0.,-1.,0.));
#2931 = DIRECTION('',(-1.,0.,0.));
#2932 = ADVANCED_FACE('',(#2933),#2958,.T.);
#2933 = FACE_BOUND('',#2934,.T.);
#2934 = EDGE_LOOP('',(#2935,#2945,#2951,#2952));
#2935 = ORIENTED_EDGE('',*,*,#2936,.T.);
#2936 = EDGE_CURVE('',#2937,#2939,#2941,.T.);
#2937 = VERTEX_POINT('',#2938);
#2938 = CARTESIAN_POINT('',(195.5,-73.,0.));
#2939 = VERTEX_POINT('',#2940);
#2940 = CARTESIAN_POINT('',(195.5,-73.,1.51));
#2941 = LINE('',#2942,#2943);
#2942 = CARTESIAN_POINT('',(195.5,-73.,0.));
#2943 = VECTOR('',#2944,1.);
#2944 = DIRECTION('',(0.,0.,1.));
#2945 = ORIENTED_EDGE('',*,*,#2946,.T.);
#2946 = EDGE_CURVE('',#2939,#2899,#2947,.T.);
#2947 = LINE('',#2948,#2949);
#2948 = CARTESIAN_POINT('',(195.5,-73.,1.51));
#2949 = VECTOR('',#2950,1.);
#2950 = DIRECTION('',(0.,-1.,0.));
#2951 = ORIENTED_EDGE('',*,*,#2896,.F.);
#2952 = ORIENTED_EDGE('',*,*,#2953,.F.);
#2953 = EDGE_CURVE('',#2937,#2897,#2954,.T.);
#2954 = LINE('',#2955,#2956);
#2955 = CARTESIAN_POINT('',(195.5,-73.,0.));
#2956 = VECTOR('',#2957,1.);
#2957 = DIRECTION('',(0.,-1.,0.));
#2958 = PLANE('',#2959);
#2959 = AXIS2_PLACEMENT_3D('',#2960,#2961,#2962);
#2960 = CARTESIAN_POINT('',(195.5,-73.,0.));
#2961 = DIRECTION('',(1.,0.,-0.));
#2962 = DIRECTION('',(0.,-1.,0.));
#2963 = ADVANCED_FACE('',(#2964),#2989,.T.);
#2964 = FACE_BOUND('',#2965,.T.);
#2965 = EDGE_LOOP('',(#2966,#2967,#2975,#2983));
#2966 = ORIENTED_EDGE('',*,*,#2914,.T.);
#2967 = ORIENTED_EDGE('',*,*,#2968,.T.);
#2968 = EDGE_CURVE('',#2907,#2969,#2971,.T.);
#2969 = VERTEX_POINT('',#2970);
#2970 = CARTESIAN_POINT('',(105.5,-73.,1.51));
#2971 = LINE('',#2972,#2973);
#2972 = CARTESIAN_POINT('',(105.5,-128.,1.51));
#2973 = VECTOR('',#2974,1.);
#2974 = DIRECTION('',(0.,1.,0.));
#2975 = ORIENTED_EDGE('',*,*,#2976,.F.);
#2976 = EDGE_CURVE('',#2977,#2969,#2979,.T.);
#2977 = VERTEX_POINT('',#2978);
#2978 = CARTESIAN_POINT('',(105.5,-73.,0.));
#2979 = LINE('',#2980,#2981);
#2980 = CARTESIAN_POINT('',(105.5,-73.,0.));
#2981 = VECTOR('',#2982,1.);
#2982 = DIRECTION('',(0.,0.,1.));
#2983 = ORIENTED_EDGE('',*,*,#2984,.F.);
#2984 = EDGE_CURVE('',#2915,#2977,#2985,.T.);
#2985 = LINE('',#2986,#2987);
#2986 = CARTESIAN_POINT('',(105.5,-128.,0.));
#2987 = VECTOR('',#2988,1.);
#2988 = DIRECTION('',(0.,1.,0.));
#2989 = PLANE('',#2990);
#2990 = AXIS2_PLACEMENT_3D('',#2991,#2992,#2993);
#2991 = CARTESIAN_POINT('',(105.5,-128.,0.));
#2992 = DIRECTION('',(-1.,0.,0.));
#2993 = DIRECTION('',(0.,1.,0.));
#2994 = ADVANCED_FACE('',(#2995,#3006,#3017,#3028,#3039,#3050,#3061,
    #3072,#3083,#3094,#3105,#3116,#3127,#3138,#3149,#3160,#3171,#3182,
    #3193,#3204,#3240,#3251,#3262,#3273,#3284,#3295,#3306,#3342,#3353,
    #3364,#3375,#3386,#3397,#3408,#3419,#3430,#3441,#3452,#3463,#3474,
    #3485,#3496,#3507,#3518,#3529,#3565,#3576,#3587,#3598,#3609,#3620,
    #3631,#3642,#3653,#3664,#3675,#3711),#3722,.F.);
#2995 = FACE_BOUND('',#2996,.F.);
#2996 = EDGE_LOOP('',(#2997,#2998,#2999,#3005));
#2997 = ORIENTED_EDGE('',*,*,#2922,.F.);
#2998 = ORIENTED_EDGE('',*,*,#2953,.F.);
#2999 = ORIENTED_EDGE('',*,*,#3000,.F.);
#3000 = EDGE_CURVE('',#2977,#2937,#3001,.T.);
#3001 = LINE('',#3002,#3003);
#3002 = CARTESIAN_POINT('',(105.5,-73.,0.));
#3003 = VECTOR('',#3004,1.);
#3004 = DIRECTION('',(1.,0.,0.));
#3005 = ORIENTED_EDGE('',*,*,#2984,.F.);
#3006 = FACE_BOUND('',#3007,.F.);
#3007 = EDGE_LOOP('',(#3008));
#3008 = ORIENTED_EDGE('',*,*,#3009,.T.);
#3009 = EDGE_CURVE('',#3010,#3010,#3012,.T.);
#3010 = VERTEX_POINT('',#3011);
#3011 = CARTESIAN_POINT('',(120.5,-125.6,0.));
#3012 = CIRCLE('',#3013,1.6);
#3013 = AXIS2_PLACEMENT_3D('',#3014,#3015,#3016);
#3014 = CARTESIAN_POINT('',(120.5,-124.,0.));
#3015 = DIRECTION('',(-0.,0.,-1.));
#3016 = DIRECTION('',(-0.,-1.,0.));
#3017 = FACE_BOUND('',#3018,.F.);
#3018 = EDGE_LOOP('',(#3019));
#3019 = ORIENTED_EDGE('',*,*,#3020,.T.);
#3020 = EDGE_CURVE('',#3021,#3021,#3023,.T.);
#3021 = VERTEX_POINT('',#3022);
#3022 = CARTESIAN_POINT('',(110.592015,-116.2355,0.));
#3023 = CIRCLE('',#3024,0.5);
#3024 = AXIS2_PLACEMENT_3D('',#3025,#3026,#3027);
#3025 = CARTESIAN_POINT('',(110.592015,-115.7355,0.));
#3026 = DIRECTION('',(-0.,0.,-1.));
#3027 = DIRECTION('',(-0.,-1.,0.));
#3028 = FACE_BOUND('',#3029,.F.);
#3029 = EDGE_LOOP('',(#3030));
#3030 = ORIENTED_EDGE('',*,*,#3031,.T.);
#3031 = EDGE_CURVE('',#3032,#3032,#3034,.T.);
#3032 = VERTEX_POINT('',#3033);
#3033 = CARTESIAN_POINT('',(113.132015,-116.2355,0.));
#3034 = CIRCLE('',#3035,0.5);
#3035 = AXIS2_PLACEMENT_3D('',#3036,#3037,#3038);
#3036 = CARTESIAN_POINT('',(113.132015,-115.7355,0.));
#3037 = DIRECTION('',(-0.,0.,-1.));
#3038 = DIRECTION('',(-0.,-1.,0.));
#3039 = FACE_BOUND('',#3040,.F.);
#3040 = EDGE_LOOP('',(#3041));
#3041 = ORIENTED_EDGE('',*,*,#3042,.T.);
#3042 = EDGE_CURVE('',#3043,#3043,#3045,.T.);
#3043 = VERTEX_POINT('',#3044);
#3044 = CARTESIAN_POINT('',(115.672015,-116.2355,0.));
#3045 = CIRCLE('',#3046,0.5);
#3046 = AXIS2_PLACEMENT_3D('',#3047,#3048,#3049);
#3047 = CARTESIAN_POINT('',(115.672015,-115.7355,0.));
#3048 = DIRECTION('',(-0.,0.,-1.));
#3049 = DIRECTION('',(-0.,-1.,0.));
#3050 = FACE_BOUND('',#3051,.F.);
#3051 = EDGE_LOOP('',(#3052));
#3052 = ORIENTED_EDGE('',*,*,#3053,.T.);
#3053 = EDGE_CURVE('',#3054,#3054,#3056,.T.);
#3054 = VERTEX_POINT('',#3055);
#3055 = CARTESIAN_POINT('',(118.212015,-116.2355,0.));
#3056 = CIRCLE('',#3057,0.5);
#3057 = AXIS2_PLACEMENT_3D('',#3058,#3059,#3060);
#3058 = CARTESIAN_POINT('',(118.212015,-115.7355,0.));
#3059 = DIRECTION('',(-0.,0.,-1.));
#3060 = DIRECTION('',(-0.,-1.,0.));
#3061 = FACE_BOUND('',#3062,.F.);
#3062 = EDGE_LOOP('',(#3063));
#3063 = ORIENTED_EDGE('',*,*,#3064,.T.);
#3064 = EDGE_CURVE('',#3065,#3065,#3067,.T.);
#3065 = VERTEX_POINT('',#3066);
#3066 = CARTESIAN_POINT('',(120.752015,-116.2355,0.));
#3067 = CIRCLE('',#3068,0.5);
#3068 = AXIS2_PLACEMENT_3D('',#3069,#3070,#3071);
#3069 = CARTESIAN_POINT('',(120.752015,-115.7355,0.));
#3070 = DIRECTION('',(-0.,0.,-1.));
#3071 = DIRECTION('',(-0.,-1.,0.));
#3072 = FACE_BOUND('',#3073,.F.);
#3073 = EDGE_LOOP('',(#3074));
#3074 = ORIENTED_EDGE('',*,*,#3075,.T.);
#3075 = EDGE_CURVE('',#3076,#3076,#3078,.T.);
#3076 = VERTEX_POINT('',#3077);
#3077 = CARTESIAN_POINT('',(123.292015,-116.2355,0.));
#3078 = CIRCLE('',#3079,0.5);
#3079 = AXIS2_PLACEMENT_3D('',#3080,#3081,#3082);
#3080 = CARTESIAN_POINT('',(123.292015,-115.7355,0.));
#3081 = DIRECTION('',(-0.,0.,-1.));
#3082 = DIRECTION('',(-0.,-1.,0.));
#3083 = FACE_BOUND('',#3084,.F.);
#3084 = EDGE_LOOP('',(#3085));
#3085 = ORIENTED_EDGE('',*,*,#3086,.T.);
#3086 = EDGE_CURVE('',#3087,#3087,#3089,.T.);
#3087 = VERTEX_POINT('',#3088);
#3088 = CARTESIAN_POINT('',(125.832015,-116.2355,0.));
#3089 = CIRCLE('',#3090,0.5);
#3090 = AXIS2_PLACEMENT_3D('',#3091,#3092,#3093);
#3091 = CARTESIAN_POINT('',(125.832015,-115.7355,0.));
#3092 = DIRECTION('',(-0.,0.,-1.));
#3093 = DIRECTION('',(-0.,-1.,0.));
#3094 = FACE_BOUND('',#3095,.F.);
#3095 = EDGE_LOOP('',(#3096));
#3096 = ORIENTED_EDGE('',*,*,#3097,.T.);
#3097 = EDGE_CURVE('',#3098,#3098,#3100,.T.);
#3098 = VERTEX_POINT('',#3099);
#3099 = CARTESIAN_POINT('',(136.42,-114.35,0.));
#3100 = CIRCLE('',#3101,0.85);
#3101 = AXIS2_PLACEMENT_3D('',#3102,#3103,#3104);
#3102 = CARTESIAN_POINT('',(136.42,-113.5,0.));
#3103 = DIRECTION('',(-0.,0.,-1.));
#3104 = DIRECTION('',(-3.343730521224E-14,-1.,0.));
#3105 = FACE_BOUND('',#3106,.F.);
#3106 = EDGE_LOOP('',(#3107));
#3107 = ORIENTED_EDGE('',*,*,#3108,.T.);
#3108 = EDGE_CURVE('',#3109,#3109,#3111,.T.);
#3109 = VERTEX_POINT('',#3110);
#3110 = CARTESIAN_POINT('',(141.5,-115.5,0.));
#3111 = CIRCLE('',#3112,2.);
#3112 = AXIS2_PLACEMENT_3D('',#3113,#3114,#3115);
#3113 = CARTESIAN_POINT('',(141.5,-113.5,0.));
#3114 = DIRECTION('',(-0.,0.,-1.));
#3115 = DIRECTION('',(-0.,-1.,0.));
#3116 = FACE_BOUND('',#3117,.F.);
#3117 = EDGE_LOOP('',(#3118));
#3118 = ORIENTED_EDGE('',*,*,#3119,.T.);
#3119 = EDGE_CURVE('',#3120,#3120,#3122,.T.);
#3120 = VERTEX_POINT('',#3121);
#3121 = CARTESIAN_POINT('',(146.58,-114.35,0.));
#3122 = CIRCLE('',#3123,0.85);
#3123 = AXIS2_PLACEMENT_3D('',#3124,#3125,#3126);
#3124 = CARTESIAN_POINT('',(146.58,-113.5,0.));
#3125 = DIRECTION('',(-0.,0.,-1.));
#3126 = DIRECTION('',(3.343730521224E-14,-1.,-0.));
#3127 = FACE_BOUND('',#3128,.F.);
#3128 = EDGE_LOOP('',(#3129));
#3129 = ORIENTED_EDGE('',*,*,#3130,.T.);
#3130 = EDGE_CURVE('',#3131,#3131,#3133,.T.);
#3131 = VERTEX_POINT('',#3132);
#3132 = CARTESIAN_POINT('',(137.69,-111.71,0.));
#3133 = CIRCLE('',#3134,0.75);
#3134 = AXIS2_PLACEMENT_3D('',#3135,#3136,#3137);
#3135 = CARTESIAN_POINT('',(137.69,-110.96,0.));
#3136 = DIRECTION('',(-0.,0.,-1.));
#3137 = DIRECTION('',(-0.,-1.,0.));
#3138 = FACE_BOUND('',#3139,.F.);
#3139 = EDGE_LOOP('',(#3140));
#3140 = ORIENTED_EDGE('',*,*,#3141,.T.);
#3141 = EDGE_CURVE('',#3142,#3142,#3144,.T.);
#3142 = VERTEX_POINT('',#3143);
#3143 = CARTESIAN_POINT('',(144.04,-109.17,0.));
#3144 = CIRCLE('',#3145,0.75);
#3145 = AXIS2_PLACEMENT_3D('',#3146,#3147,#3148);
#3146 = CARTESIAN_POINT('',(144.04,-108.42,0.));
#3147 = DIRECTION('',(-0.,0.,-1.));
#3148 = DIRECTION('',(-0.,-1.,0.));
#3149 = FACE_BOUND('',#3150,.F.);
#3150 = EDGE_LOOP('',(#3151));
#3151 = ORIENTED_EDGE('',*,*,#3152,.T.);
#3152 = EDGE_CURVE('',#3153,#3153,#3155,.T.);
#3153 = VERTEX_POINT('',#3154);
#3154 = CARTESIAN_POINT('',(157.42,-114.35,0.));
#3155 = CIRCLE('',#3156,0.85);
#3156 = AXIS2_PLACEMENT_3D('',#3157,#3158,#3159);
#3157 = CARTESIAN_POINT('',(157.42,-113.5,0.));
#3158 = DIRECTION('',(-0.,0.,-1.));
#3159 = DIRECTION('',(-3.343730521224E-14,-1.,0.));
#3160 = FACE_BOUND('',#3161,.F.);
#3161 = EDGE_LOOP('',(#3162));
#3162 = ORIENTED_EDGE('',*,*,#3163,.T.);
#3163 = EDGE_CURVE('',#3164,#3164,#3166,.T.);
#3164 = VERTEX_POINT('',#3165);
#3165 = CARTESIAN_POINT('',(162.5,-115.5,0.));
#3166 = CIRCLE('',#3167,2.);
#3167 = AXIS2_PLACEMENT_3D('',#3168,#3169,#3170);
#3168 = CARTESIAN_POINT('',(162.5,-113.5,0.));
#3169 = DIRECTION('',(-0.,0.,-1.));
#3170 = DIRECTION('',(-0.,-1.,0.));
#3171 = FACE_BOUND('',#3172,.F.);
#3172 = EDGE_LOOP('',(#3173));
#3173 = ORIENTED_EDGE('',*,*,#3174,.T.);
#3174 = EDGE_CURVE('',#3175,#3175,#3177,.T.);
#3175 = VERTEX_POINT('',#3176);
#3176 = CARTESIAN_POINT('',(167.58,-114.35,0.));
#3177 = CIRCLE('',#3178,0.85);
#3178 = AXIS2_PLACEMENT_3D('',#3179,#3180,#3181);
#3179 = CARTESIAN_POINT('',(167.58,-113.5,0.));
#3180 = DIRECTION('',(-0.,0.,-1.));
#3181 = DIRECTION('',(3.343730521224E-14,-1.,-0.));
#3182 = FACE_BOUND('',#3183,.F.);
#3183 = EDGE_LOOP('',(#3184));
#3184 = ORIENTED_EDGE('',*,*,#3185,.T.);
#3185 = EDGE_CURVE('',#3186,#3186,#3188,.T.);
#3186 = VERTEX_POINT('',#3187);
#3187 = CARTESIAN_POINT('',(189.,-124.1,0.));
#3188 = CIRCLE('',#3189,1.6);
#3189 = AXIS2_PLACEMENT_3D('',#3190,#3191,#3192);
#3190 = CARTESIAN_POINT('',(189.,-122.5,0.));
#3191 = DIRECTION('',(-0.,0.,-1.));
#3192 = DIRECTION('',(-0.,-1.,0.));
#3193 = FACE_BOUND('',#3194,.F.);
#3194 = EDGE_LOOP('',(#3195));
#3195 = ORIENTED_EDGE('',*,*,#3196,.T.);
#3196 = EDGE_CURVE('',#3197,#3197,#3199,.T.);
#3197 = VERTEX_POINT('',#3198);
#3198 = CARTESIAN_POINT('',(177.25,-114.,0.));
#3199 = CIRCLE('',#3200,0.5);
#3200 = AXIS2_PLACEMENT_3D('',#3201,#3202,#3203);
#3201 = CARTESIAN_POINT('',(177.25,-113.5,0.));
#3202 = DIRECTION('',(-0.,0.,-1.));
#3203 = DIRECTION('',(-0.,-1.,0.));
#3204 = FACE_BOUND('',#3205,.F.);
#3205 = EDGE_LOOP('',(#3206,#3217,#3225,#3234));
#3206 = ORIENTED_EDGE('',*,*,#3207,.T.);
#3207 = EDGE_CURVE('',#3208,#3210,#3212,.T.);
#3208 = VERTEX_POINT('',#3209);
#3209 = CARTESIAN_POINT('',(185.4,-115.85,0.));
#3210 = VERTEX_POINT('',#3211);
#3211 = CARTESIAN_POINT('',(185.4,-117.35,0.));
#3212 = CIRCLE('',#3213,0.75);
#3213 = AXIS2_PLACEMENT_3D('',#3214,#3215,#3216);
#3214 = CARTESIAN_POINT('',(185.4,-116.6,0.));
#3215 = DIRECTION('',(-0.,0.,-1.));
#3216 = DIRECTION('',(-0.,-1.,0.));
#3217 = ORIENTED_EDGE('',*,*,#3218,.T.);
#3218 = EDGE_CURVE('',#3210,#3219,#3221,.T.);
#3219 = VERTEX_POINT('',#3220);
#3220 = CARTESIAN_POINT('',(184.1,-117.35,0.));
#3221 = LINE('',#3222,#3223);
#3222 = CARTESIAN_POINT('',(92.05,-117.35,0.));
#3223 = VECTOR('',#3224,1.);
#3224 = DIRECTION('',(-1.,0.,0.));
#3225 = ORIENTED_EDGE('',*,*,#3226,.T.);
#3226 = EDGE_CURVE('',#3219,#3227,#3229,.T.);
#3227 = VERTEX_POINT('',#3228);
#3228 = CARTESIAN_POINT('',(184.1,-115.85,0.));
#3229 = CIRCLE('',#3230,0.75);
#3230 = AXIS2_PLACEMENT_3D('',#3231,#3232,#3233);
#3231 = CARTESIAN_POINT('',(184.1,-116.6,0.));
#3232 = DIRECTION('',(-0.,0.,-1.));
#3233 = DIRECTION('',(0.,1.,0.));
#3234 = ORIENTED_EDGE('',*,*,#3235,.T.);
#3235 = EDGE_CURVE('',#3227,#3208,#3236,.T.);
#3236 = LINE('',#3237,#3238);
#3237 = CARTESIAN_POINT('',(92.7,-115.85,0.));
#3238 = VECTOR('',#3239,1.);
#3239 = DIRECTION('',(1.,0.,-0.));
#3240 = FACE_BOUND('',#3241,.F.);
#3241 = EDGE_LOOP('',(#3242));
#3242 = ORIENTED_EDGE('',*,*,#3243,.T.);
#3243 = EDGE_CURVE('',#3244,#3244,#3246,.T.);
#3244 = VERTEX_POINT('',#3245);
#3245 = CARTESIAN_POINT('',(191.75,-114.,0.));
#3246 = CIRCLE('',#3247,0.5);
#3247 = AXIS2_PLACEMENT_3D('',#3248,#3249,#3250);
#3248 = CARTESIAN_POINT('',(191.75,-113.5,0.));
#3249 = DIRECTION('',(-0.,0.,-1.));
#3250 = DIRECTION('',(-0.,-1.,0.));
#3251 = FACE_BOUND('',#3252,.F.);
#3252 = EDGE_LOOP('',(#3253));
#3253 = ORIENTED_EDGE('',*,*,#3254,.T.);
#3254 = EDGE_CURVE('',#3255,#3255,#3257,.T.);
#3255 = VERTEX_POINT('',#3256);
#3256 = CARTESIAN_POINT('',(158.69,-111.71,0.));
#3257 = CIRCLE('',#3258,0.75);
#3258 = AXIS2_PLACEMENT_3D('',#3259,#3260,#3261);
#3259 = CARTESIAN_POINT('',(158.69,-110.96,0.));
#3260 = DIRECTION('',(-0.,0.,-1.));
#3261 = DIRECTION('',(-0.,-1.,0.));
#3262 = FACE_BOUND('',#3263,.F.);
#3263 = EDGE_LOOP('',(#3264));
#3264 = ORIENTED_EDGE('',*,*,#3265,.T.);
#3265 = EDGE_CURVE('',#3266,#3266,#3268,.T.);
#3266 = VERTEX_POINT('',#3267);
#3267 = CARTESIAN_POINT('',(165.04,-109.17,0.));
#3268 = CIRCLE('',#3269,0.75);
#3269 = AXIS2_PLACEMENT_3D('',#3270,#3271,#3272);
#3270 = CARTESIAN_POINT('',(165.04,-108.42,0.));
#3271 = DIRECTION('',(-0.,0.,-1.));
#3272 = DIRECTION('',(-0.,-1.,0.));
#3273 = FACE_BOUND('',#3274,.F.);
#3274 = EDGE_LOOP('',(#3275));
#3275 = ORIENTED_EDGE('',*,*,#3276,.T.);
#3276 = EDGE_CURVE('',#3277,#3277,#3279,.T.);
#3277 = VERTEX_POINT('',#3278);
#3278 = CARTESIAN_POINT('',(177.25,-111.5,0.));
#3279 = CIRCLE('',#3280,0.5);
#3280 = AXIS2_PLACEMENT_3D('',#3281,#3282,#3283);
#3281 = CARTESIAN_POINT('',(177.25,-111.,0.));
#3282 = DIRECTION('',(-0.,0.,-1.));
#3283 = DIRECTION('',(-0.,-1.,0.));
#3284 = FACE_BOUND('',#3285,.F.);
#3285 = EDGE_LOOP('',(#3286));
#3286 = ORIENTED_EDGE('',*,*,#3287,.T.);
#3287 = EDGE_CURVE('',#3288,#3288,#3290,.T.);
#3288 = VERTEX_POINT('',#3289);
#3289 = CARTESIAN_POINT('',(177.25,-109.,0.));
#3290 = CIRCLE('',#3291,0.5);
#3291 = AXIS2_PLACEMENT_3D('',#3292,#3293,#3294);
#3292 = CARTESIAN_POINT('',(177.25,-108.5,0.));
#3293 = DIRECTION('',(-0.,0.,-1.));
#3294 = DIRECTION('',(-0.,-1.,0.));
#3295 = FACE_BOUND('',#3296,.F.);
#3296 = EDGE_LOOP('',(#3297));
#3297 = ORIENTED_EDGE('',*,*,#3298,.T.);
#3298 = EDGE_CURVE('',#3299,#3299,#3301,.T.);
#3299 = VERTEX_POINT('',#3300);
#3300 = CARTESIAN_POINT('',(191.75,-109.,0.));
#3301 = CIRCLE('',#3302,0.5);
#3302 = AXIS2_PLACEMENT_3D('',#3303,#3304,#3305);
#3303 = CARTESIAN_POINT('',(191.75,-108.5,0.));
#3304 = DIRECTION('',(-0.,0.,-1.));
#3305 = DIRECTION('',(-0.,-1.,0.));
#3306 = FACE_BOUND('',#3307,.F.);
#3307 = EDGE_LOOP('',(#3308,#3319,#3327,#3336));
#3308 = ORIENTED_EDGE('',*,*,#3309,.T.);
#3309 = EDGE_CURVE('',#3310,#3312,#3314,.T.);
#3310 = VERTEX_POINT('',#3311);
#3311 = CARTESIAN_POINT('',(185.4,-104.65,0.));
#3312 = VERTEX_POINT('',#3313);
#3313 = CARTESIAN_POINT('',(185.4,-106.15,0.));
#3314 = CIRCLE('',#3315,0.75);
#3315 = AXIS2_PLACEMENT_3D('',#3316,#3317,#3318);
#3316 = CARTESIAN_POINT('',(185.4,-105.4,0.));
#3317 = DIRECTION('',(-0.,0.,-1.));
#3318 = DIRECTION('',(-0.,-1.,0.));
#3319 = ORIENTED_EDGE('',*,*,#3320,.T.);
#3320 = EDGE_CURVE('',#3312,#3321,#3323,.T.);
#3321 = VERTEX_POINT('',#3322);
#3322 = CARTESIAN_POINT('',(184.1,-106.15,0.));
#3323 = LINE('',#3324,#3325);
#3324 = CARTESIAN_POINT('',(92.05,-106.15,0.));
#3325 = VECTOR('',#3326,1.);
#3326 = DIRECTION('',(-1.,0.,0.));
#3327 = ORIENTED_EDGE('',*,*,#3328,.T.);
#3328 = EDGE_CURVE('',#3321,#3329,#3331,.T.);
#3329 = VERTEX_POINT('',#3330);
#3330 = CARTESIAN_POINT('',(184.1,-104.65,0.));
#3331 = CIRCLE('',#3332,0.75);
#3332 = AXIS2_PLACEMENT_3D('',#3333,#3334,#3335);
#3333 = CARTESIAN_POINT('',(184.1,-105.4,0.));
#3334 = DIRECTION('',(-0.,0.,-1.));
#3335 = DIRECTION('',(0.,1.,0.));
#3336 = ORIENTED_EDGE('',*,*,#3337,.T.);
#3337 = EDGE_CURVE('',#3329,#3310,#3338,.T.);
#3338 = LINE('',#3339,#3340);
#3339 = CARTESIAN_POINT('',(92.7,-104.65,0.));
#3340 = VECTOR('',#3341,1.);
#3341 = DIRECTION('',(1.,0.,-0.));
#3342 = FACE_BOUND('',#3343,.F.);
#3343 = EDGE_LOOP('',(#3344));
#3344 = ORIENTED_EDGE('',*,*,#3345,.T.);
#3345 = EDGE_CURVE('',#3346,#3346,#3348,.T.);
#3346 = VERTEX_POINT('',#3347);
#3347 = CARTESIAN_POINT('',(110.592015,-100.9855,0.));
#3348 = CIRCLE('',#3349,0.5);
#3349 = AXIS2_PLACEMENT_3D('',#3350,#3351,#3352);
#3350 = CARTESIAN_POINT('',(110.592015,-100.4855,0.));
#3351 = DIRECTION('',(-0.,0.,-1.));
#3352 = DIRECTION('',(-0.,-1.,0.));
#3353 = FACE_BOUND('',#3354,.F.);
#3354 = EDGE_LOOP('',(#3355));
#3355 = ORIENTED_EDGE('',*,*,#3356,.T.);
#3356 = EDGE_CURVE('',#3357,#3357,#3359,.T.);
#3357 = VERTEX_POINT('',#3358);
#3358 = CARTESIAN_POINT('',(113.132015,-100.9855,0.));
#3359 = CIRCLE('',#3360,0.5);
#3360 = AXIS2_PLACEMENT_3D('',#3361,#3362,#3363);
#3361 = CARTESIAN_POINT('',(113.132015,-100.4855,0.));
#3362 = DIRECTION('',(-0.,0.,-1.));
#3363 = DIRECTION('',(-0.,-1.,0.));
#3364 = FACE_BOUND('',#3365,.F.);
#3365 = EDGE_LOOP('',(#3366));
#3366 = ORIENTED_EDGE('',*,*,#3367,.T.);
#3367 = EDGE_CURVE('',#3368,#3368,#3370,.T.);
#3368 = VERTEX_POINT('',#3369);
#3369 = CARTESIAN_POINT('',(115.672015,-100.9855,0.));
#3370 = CIRCLE('',#3371,0.5);
#3371 = AXIS2_PLACEMENT_3D('',#3372,#3373,#3374);
#3372 = CARTESIAN_POINT('',(115.672015,-100.4855,0.));
#3373 = DIRECTION('',(-0.,0.,-1.));
#3374 = DIRECTION('',(-0.,-1.,0.));
#3375 = FACE_BOUND('',#3376,.F.);
#3376 = EDGE_LOOP('',(#3377));
#3377 = ORIENTED_EDGE('',*,*,#3378,.T.);
#3378 = EDGE_CURVE('',#3379,#3379,#3381,.T.);
#3379 = VERTEX_POINT('',#3380);
#3380 = CARTESIAN_POINT('',(118.212015,-100.9855,0.));
#3381 = CIRCLE('',#3382,0.5);
#3382 = AXIS2_PLACEMENT_3D('',#3383,#3384,#3385);
#3383 = CARTESIAN_POINT('',(118.212015,-100.4855,0.));
#3384 = DIRECTION('',(-0.,0.,-1.));
#3385 = DIRECTION('',(-0.,-1.,0.));
#3386 = FACE_BOUND('',#3387,.F.);
#3387 = EDGE_LOOP('',(#3388));
#3388 = ORIENTED_EDGE('',*,*,#3389,.T.);
#3389 = EDGE_CURVE('',#3390,#3390,#3392,.T.);
#3390 = VERTEX_POINT('',#3391);
#3391 = CARTESIAN_POINT('',(120.752015,-100.9855,0.));
#3392 = CIRCLE('',#3393,0.5);
#3393 = AXIS2_PLACEMENT_3D('',#3394,#3395,#3396);
#3394 = CARTESIAN_POINT('',(120.752015,-100.4855,0.));
#3395 = DIRECTION('',(-0.,0.,-1.));
#3396 = DIRECTION('',(-0.,-1.,0.));
#3397 = FACE_BOUND('',#3398,.F.);
#3398 = EDGE_LOOP('',(#3399));
#3399 = ORIENTED_EDGE('',*,*,#3400,.T.);
#3400 = EDGE_CURVE('',#3401,#3401,#3403,.T.);
#3401 = VERTEX_POINT('',#3402);
#3402 = CARTESIAN_POINT('',(123.292015,-100.9855,0.));
#3403 = CIRCLE('',#3404,0.5);
#3404 = AXIS2_PLACEMENT_3D('',#3405,#3406,#3407);
#3405 = CARTESIAN_POINT('',(123.292015,-100.4855,0.));
#3406 = DIRECTION('',(-0.,0.,-1.));
#3407 = DIRECTION('',(-0.,-1.,0.));
#3408 = FACE_BOUND('',#3409,.F.);
#3409 = EDGE_LOOP('',(#3410));
#3410 = ORIENTED_EDGE('',*,*,#3411,.T.);
#3411 = EDGE_CURVE('',#3412,#3412,#3414,.T.);
#3412 = VERTEX_POINT('',#3413);
#3413 = CARTESIAN_POINT('',(125.832015,-100.9855,0.));
#3414 = CIRCLE('',#3415,0.5);
#3415 = AXIS2_PLACEMENT_3D('',#3416,#3417,#3418);
#3416 = CARTESIAN_POINT('',(125.832015,-100.4855,0.));
#3417 = DIRECTION('',(-0.,0.,-1.));
#3418 = DIRECTION('',(-0.,-1.,0.));
#3419 = FACE_BOUND('',#3420,.F.);
#3420 = EDGE_LOOP('',(#3421));
#3421 = ORIENTED_EDGE('',*,*,#3422,.T.);
#3422 = EDGE_CURVE('',#3423,#3423,#3425,.T.);
#3423 = VERTEX_POINT('',#3424);
#3424 = CARTESIAN_POINT('',(118.,-88.6,0.));
#3425 = CIRCLE('',#3426,1.6);
#3426 = AXIS2_PLACEMENT_3D('',#3427,#3428,#3429);
#3427 = CARTESIAN_POINT('',(118.,-87.,0.));
#3428 = DIRECTION('',(-0.,0.,-1.));
#3429 = DIRECTION('',(-0.,-1.,0.));
#3430 = FACE_BOUND('',#3431,.F.);
#3431 = EDGE_LOOP('',(#3432));
#3432 = ORIENTED_EDGE('',*,*,#3433,.T.);
#3433 = EDGE_CURVE('',#3434,#3434,#3436,.T.);
#3434 = VERTEX_POINT('',#3435);
#3435 = CARTESIAN_POINT('',(111.5,-79.,0.));
#3436 = CIRCLE('',#3437,0.5);
#3437 = AXIS2_PLACEMENT_3D('',#3438,#3439,#3440);
#3438 = CARTESIAN_POINT('',(111.5,-78.5,0.));
#3439 = DIRECTION('',(-0.,0.,-1.));
#3440 = DIRECTION('',(-0.,-1.,0.));
#3441 = FACE_BOUND('',#3442,.F.);
#3442 = EDGE_LOOP('',(#3443));
#3443 = ORIENTED_EDGE('',*,*,#3444,.T.);
#3444 = EDGE_CURVE('',#3445,#3445,#3447,.T.);
#3445 = VERTEX_POINT('',#3446);
#3446 = CARTESIAN_POINT('',(114.04,-79.,0.));
#3447 = CIRCLE('',#3448,0.5);
#3448 = AXIS2_PLACEMENT_3D('',#3449,#3450,#3451);
#3449 = CARTESIAN_POINT('',(114.04,-78.5,0.));
#3450 = DIRECTION('',(-0.,0.,-1.));
#3451 = DIRECTION('',(-0.,-1.,0.));
#3452 = FACE_BOUND('',#3453,.F.);
#3453 = EDGE_LOOP('',(#3454));
#3454 = ORIENTED_EDGE('',*,*,#3455,.T.);
#3455 = EDGE_CURVE('',#3456,#3456,#3458,.T.);
#3456 = VERTEX_POINT('',#3457);
#3457 = CARTESIAN_POINT('',(116.58,-79.,0.));
#3458 = CIRCLE('',#3459,0.5);
#3459 = AXIS2_PLACEMENT_3D('',#3460,#3461,#3462);
#3460 = CARTESIAN_POINT('',(116.58,-78.5,0.));
#3461 = DIRECTION('',(-0.,0.,-1.));
#3462 = DIRECTION('',(-0.,-1.,0.));
#3463 = FACE_BOUND('',#3464,.F.);
#3464 = EDGE_LOOP('',(#3465));
#3465 = ORIENTED_EDGE('',*,*,#3466,.T.);
#3466 = EDGE_CURVE('',#3467,#3467,#3469,.T.);
#3467 = VERTEX_POINT('',#3468);
#3468 = CARTESIAN_POINT('',(119.12,-79.,0.));
#3469 = CIRCLE('',#3470,0.5);
#3470 = AXIS2_PLACEMENT_3D('',#3471,#3472,#3473);
#3471 = CARTESIAN_POINT('',(119.12,-78.5,0.));
#3472 = DIRECTION('',(-0.,0.,-1.));
#3473 = DIRECTION('',(-0.,-1.,0.));
#3474 = FACE_BOUND('',#3475,.F.);
#3475 = EDGE_LOOP('',(#3476));
#3476 = ORIENTED_EDGE('',*,*,#3477,.T.);
#3477 = EDGE_CURVE('',#3478,#3478,#3480,.T.);
#3478 = VERTEX_POINT('',#3479);
#3479 = CARTESIAN_POINT('',(136.42,-89.35,0.));
#3480 = CIRCLE('',#3481,0.85);
#3481 = AXIS2_PLACEMENT_3D('',#3482,#3483,#3484);
#3482 = CARTESIAN_POINT('',(136.42,-88.5,0.));
#3483 = DIRECTION('',(-0.,0.,-1.));
#3484 = DIRECTION('',(-3.343730521224E-14,-1.,0.));
#3485 = FACE_BOUND('',#3486,.F.);
#3486 = EDGE_LOOP('',(#3487));
#3487 = ORIENTED_EDGE('',*,*,#3488,.T.);
#3488 = EDGE_CURVE('',#3489,#3489,#3491,.T.);
#3489 = VERTEX_POINT('',#3490);
#3490 = CARTESIAN_POINT('',(137.69,-86.71,0.));
#3491 = CIRCLE('',#3492,0.75);
#3492 = AXIS2_PLACEMENT_3D('',#3493,#3494,#3495);
#3493 = CARTESIAN_POINT('',(137.69,-85.96,0.));
#3494 = DIRECTION('',(-0.,0.,-1.));
#3495 = DIRECTION('',(-0.,-1.,0.));
#3496 = FACE_BOUND('',#3497,.F.);
#3497 = EDGE_LOOP('',(#3498));
#3498 = ORIENTED_EDGE('',*,*,#3499,.T.);
#3499 = EDGE_CURVE('',#3500,#3500,#3502,.T.);
#3500 = VERTEX_POINT('',#3501);
#3501 = CARTESIAN_POINT('',(141.5,-90.5,0.));
#3502 = CIRCLE('',#3503,2.);
#3503 = AXIS2_PLACEMENT_3D('',#3504,#3505,#3506);
#3504 = CARTESIAN_POINT('',(141.5,-88.5,0.));
#3505 = DIRECTION('',(-0.,0.,-1.));
#3506 = DIRECTION('',(-0.,-1.,0.));
#3507 = FACE_BOUND('',#3508,.F.);
#3508 = EDGE_LOOP('',(#3509));
#3509 = ORIENTED_EDGE('',*,*,#3510,.T.);
#3510 = EDGE_CURVE('',#3511,#3511,#3513,.T.);
#3511 = VERTEX_POINT('',#3512);
#3512 = CARTESIAN_POINT('',(146.58,-89.35,0.));
#3513 = CIRCLE('',#3514,0.85);
#3514 = AXIS2_PLACEMENT_3D('',#3515,#3516,#3517);
#3515 = CARTESIAN_POINT('',(146.58,-88.5,0.));
#3516 = DIRECTION('',(-0.,0.,-1.));
#3517 = DIRECTION('',(3.343730521224E-14,-1.,-0.));
#3518 = FACE_BOUND('',#3519,.F.);
#3519 = EDGE_LOOP('',(#3520));
#3520 = ORIENTED_EDGE('',*,*,#3521,.T.);
#3521 = EDGE_CURVE('',#3522,#3522,#3524,.T.);
#3522 = VERTEX_POINT('',#3523);
#3523 = CARTESIAN_POINT('',(144.04,-84.17,0.));
#3524 = CIRCLE('',#3525,0.75);
#3525 = AXIS2_PLACEMENT_3D('',#3526,#3527,#3528);
#3526 = CARTESIAN_POINT('',(144.04,-83.42,0.));
#3527 = DIRECTION('',(-0.,0.,-1.));
#3528 = DIRECTION('',(-0.,-1.,0.));
#3529 = FACE_BOUND('',#3530,.F.);
#3530 = EDGE_LOOP('',(#3531,#3542,#3550,#3559));
#3531 = ORIENTED_EDGE('',*,*,#3532,.T.);
#3532 = EDGE_CURVE('',#3533,#3535,#3537,.T.);
#3533 = VERTEX_POINT('',#3534);
#3534 = CARTESIAN_POINT('',(185.4,-95.85,0.));
#3535 = VERTEX_POINT('',#3536);
#3536 = CARTESIAN_POINT('',(185.4,-97.35,0.));
#3537 = CIRCLE('',#3538,0.75);
#3538 = AXIS2_PLACEMENT_3D('',#3539,#3540,#3541);
#3539 = CARTESIAN_POINT('',(185.4,-96.6,0.));
#3540 = DIRECTION('',(-0.,0.,-1.));
#3541 = DIRECTION('',(-0.,-1.,0.));
#3542 = ORIENTED_EDGE('',*,*,#3543,.T.);
#3543 = EDGE_CURVE('',#3535,#3544,#3546,.T.);
#3544 = VERTEX_POINT('',#3545);
#3545 = CARTESIAN_POINT('',(184.1,-97.35,0.));
#3546 = LINE('',#3547,#3548);
#3547 = CARTESIAN_POINT('',(92.05,-97.35,0.));
#3548 = VECTOR('',#3549,1.);
#3549 = DIRECTION('',(-1.,0.,0.));
#3550 = ORIENTED_EDGE('',*,*,#3551,.T.);
#3551 = EDGE_CURVE('',#3544,#3552,#3554,.T.);
#3552 = VERTEX_POINT('',#3553);
#3553 = CARTESIAN_POINT('',(184.1,-95.85,0.));
#3554 = CIRCLE('',#3555,0.75);
#3555 = AXIS2_PLACEMENT_3D('',#3556,#3557,#3558);
#3556 = CARTESIAN_POINT('',(184.1,-96.6,0.));
#3557 = DIRECTION('',(-0.,0.,-1.));
#3558 = DIRECTION('',(0.,1.,0.));
#3559 = ORIENTED_EDGE('',*,*,#3560,.T.);
#3560 = EDGE_CURVE('',#3552,#3533,#3561,.T.);
#3561 = LINE('',#3562,#3563);
#3562 = CARTESIAN_POINT('',(92.7,-95.85,0.));
#3563 = VECTOR('',#3564,1.);
#3564 = DIRECTION('',(1.,0.,-0.));
#3565 = FACE_BOUND('',#3566,.F.);
#3566 = EDGE_LOOP('',(#3567));
#3567 = ORIENTED_EDGE('',*,*,#3568,.T.);
#3568 = EDGE_CURVE('',#3569,#3569,#3571,.T.);
#3569 = VERTEX_POINT('',#3570);
#3570 = CARTESIAN_POINT('',(177.25,-94.,0.));
#3571 = CIRCLE('',#3572,0.5);
#3572 = AXIS2_PLACEMENT_3D('',#3573,#3574,#3575);
#3573 = CARTESIAN_POINT('',(177.25,-93.5,0.));
#3574 = DIRECTION('',(-0.,0.,-1.));
#3575 = DIRECTION('',(-0.,-1.,0.));
#3576 = FACE_BOUND('',#3577,.F.);
#3577 = EDGE_LOOP('',(#3578));
#3578 = ORIENTED_EDGE('',*,*,#3579,.T.);
#3579 = EDGE_CURVE('',#3580,#3580,#3582,.T.);
#3580 = VERTEX_POINT('',#3581);
#3581 = CARTESIAN_POINT('',(177.25,-91.5,0.));
#3582 = CIRCLE('',#3583,0.5);
#3583 = AXIS2_PLACEMENT_3D('',#3584,#3585,#3586);
#3584 = CARTESIAN_POINT('',(177.25,-91.,0.));
#3585 = DIRECTION('',(-0.,0.,-1.));
#3586 = DIRECTION('',(-0.,-1.,0.));
#3587 = FACE_BOUND('',#3588,.F.);
#3588 = EDGE_LOOP('',(#3589));
#3589 = ORIENTED_EDGE('',*,*,#3590,.T.);
#3590 = EDGE_CURVE('',#3591,#3591,#3593,.T.);
#3591 = VERTEX_POINT('',#3592);
#3592 = CARTESIAN_POINT('',(191.75,-94.,0.));
#3593 = CIRCLE('',#3594,0.5);
#3594 = AXIS2_PLACEMENT_3D('',#3595,#3596,#3597);
#3595 = CARTESIAN_POINT('',(191.75,-93.5,0.));
#3596 = DIRECTION('',(-0.,0.,-1.));
#3597 = DIRECTION('',(-0.,-1.,0.));
#3598 = FACE_BOUND('',#3599,.F.);
#3599 = EDGE_LOOP('',(#3600));
#3600 = ORIENTED_EDGE('',*,*,#3601,.T.);
#3601 = EDGE_CURVE('',#3602,#3602,#3604,.T.);
#3602 = VERTEX_POINT('',#3603);
#3603 = CARTESIAN_POINT('',(157.42,-89.35,0.));
#3604 = CIRCLE('',#3605,0.85);
#3605 = AXIS2_PLACEMENT_3D('',#3606,#3607,#3608);
#3606 = CARTESIAN_POINT('',(157.42,-88.5,0.));
#3607 = DIRECTION('',(-0.,0.,-1.));
#3608 = DIRECTION('',(-3.343730521224E-14,-1.,0.));
#3609 = FACE_BOUND('',#3610,.F.);
#3610 = EDGE_LOOP('',(#3611));
#3611 = ORIENTED_EDGE('',*,*,#3612,.T.);
#3612 = EDGE_CURVE('',#3613,#3613,#3615,.T.);
#3613 = VERTEX_POINT('',#3614);
#3614 = CARTESIAN_POINT('',(158.69,-86.71,0.));
#3615 = CIRCLE('',#3616,0.75);
#3616 = AXIS2_PLACEMENT_3D('',#3617,#3618,#3619);
#3617 = CARTESIAN_POINT('',(158.69,-85.96,0.));
#3618 = DIRECTION('',(-0.,0.,-1.));
#3619 = DIRECTION('',(-0.,-1.,0.));
#3620 = FACE_BOUND('',#3621,.F.);
#3621 = EDGE_LOOP('',(#3622));
#3622 = ORIENTED_EDGE('',*,*,#3623,.T.);
#3623 = EDGE_CURVE('',#3624,#3624,#3626,.T.);
#3624 = VERTEX_POINT('',#3625);
#3625 = CARTESIAN_POINT('',(162.5,-90.5,0.));
#3626 = CIRCLE('',#3627,2.);
#3627 = AXIS2_PLACEMENT_3D('',#3628,#3629,#3630);
#3628 = CARTESIAN_POINT('',(162.5,-88.5,0.));
#3629 = DIRECTION('',(-0.,0.,-1.));
#3630 = DIRECTION('',(-0.,-1.,0.));
#3631 = FACE_BOUND('',#3632,.F.);
#3632 = EDGE_LOOP('',(#3633));
#3633 = ORIENTED_EDGE('',*,*,#3634,.T.);
#3634 = EDGE_CURVE('',#3635,#3635,#3637,.T.);
#3635 = VERTEX_POINT('',#3636);
#3636 = CARTESIAN_POINT('',(167.58,-89.35,0.));
#3637 = CIRCLE('',#3638,0.85);
#3638 = AXIS2_PLACEMENT_3D('',#3639,#3640,#3641);
#3639 = CARTESIAN_POINT('',(167.58,-88.5,0.));
#3640 = DIRECTION('',(-0.,0.,-1.));
#3641 = DIRECTION('',(3.343730521224E-14,-1.,-0.));
#3642 = FACE_BOUND('',#3643,.F.);
#3643 = EDGE_LOOP('',(#3644));
#3644 = ORIENTED_EDGE('',*,*,#3645,.T.);
#3645 = EDGE_CURVE('',#3646,#3646,#3648,.T.);
#3646 = VERTEX_POINT('',#3647);
#3647 = CARTESIAN_POINT('',(165.04,-84.17,0.));
#3648 = CIRCLE('',#3649,0.75);
#3649 = AXIS2_PLACEMENT_3D('',#3650,#3651,#3652);
#3650 = CARTESIAN_POINT('',(165.04,-83.42,0.));
#3651 = DIRECTION('',(-0.,0.,-1.));
#3652 = DIRECTION('',(-0.,-1.,0.));
#3653 = FACE_BOUND('',#3654,.F.);
#3654 = EDGE_LOOP('',(#3655));
#3655 = ORIENTED_EDGE('',*,*,#3656,.T.);
#3656 = EDGE_CURVE('',#3657,#3657,#3659,.T.);
#3657 = VERTEX_POINT('',#3658);
#3658 = CARTESIAN_POINT('',(177.25,-89.,0.));
#3659 = CIRCLE('',#3660,0.5);
#3660 = AXIS2_PLACEMENT_3D('',#3661,#3662,#3663);
#3661 = CARTESIAN_POINT('',(177.25,-88.5,0.));
#3662 = DIRECTION('',(-0.,0.,-1.));
#3663 = DIRECTION('',(-0.,-1.,0.));
#3664 = FACE_BOUND('',#3665,.F.);
#3665 = EDGE_LOOP('',(#3666));
#3666 = ORIENTED_EDGE('',*,*,#3667,.T.);
#3667 = EDGE_CURVE('',#3668,#3668,#3670,.T.);
#3668 = VERTEX_POINT('',#3669);
#3669 = CARTESIAN_POINT('',(191.75,-89.,0.));
#3670 = CIRCLE('',#3671,0.5);
#3671 = AXIS2_PLACEMENT_3D('',#3672,#3673,#3674);
#3672 = CARTESIAN_POINT('',(191.75,-88.5,0.));
#3673 = DIRECTION('',(-0.,0.,-1.));
#3674 = DIRECTION('',(-0.,-1.,0.));
#3675 = FACE_BOUND('',#3676,.F.);
#3676 = EDGE_LOOP('',(#3677,#3688,#3696,#3705));
#3677 = ORIENTED_EDGE('',*,*,#3678,.T.);
#3678 = EDGE_CURVE('',#3679,#3681,#3683,.T.);
#3679 = VERTEX_POINT('',#3680);
#3680 = CARTESIAN_POINT('',(185.4,-84.65,0.));
#3681 = VERTEX_POINT('',#3682);
#3682 = CARTESIAN_POINT('',(185.4,-86.15,0.));
#3683 = CIRCLE('',#3684,0.75);
#3684 = AXIS2_PLACEMENT_3D('',#3685,#3686,#3687);
#3685 = CARTESIAN_POINT('',(185.4,-85.4,0.));
#3686 = DIRECTION('',(-0.,0.,-1.));
#3687 = DIRECTION('',(-0.,-1.,0.));
#3688 = ORIENTED_EDGE('',*,*,#3689,.T.);
#3689 = EDGE_CURVE('',#3681,#3690,#3692,.T.);
#3690 = VERTEX_POINT('',#3691);
#3691 = CARTESIAN_POINT('',(184.1,-86.15,0.));
#3692 = LINE('',#3693,#3694);
#3693 = CARTESIAN_POINT('',(92.05,-86.15,0.));
#3694 = VECTOR('',#3695,1.);
#3695 = DIRECTION('',(-1.,0.,0.));
#3696 = ORIENTED_EDGE('',*,*,#3697,.T.);
#3697 = EDGE_CURVE('',#3690,#3698,#3700,.T.);
#3698 = VERTEX_POINT('',#3699);
#3699 = CARTESIAN_POINT('',(184.1,-84.65,0.));
#3700 = CIRCLE('',#3701,0.75);
#3701 = AXIS2_PLACEMENT_3D('',#3702,#3703,#3704);
#3702 = CARTESIAN_POINT('',(184.1,-85.4,0.));
#3703 = DIRECTION('',(-0.,0.,-1.));
#3704 = DIRECTION('',(0.,1.,0.));
#3705 = ORIENTED_EDGE('',*,*,#3706,.T.);
#3706 = EDGE_CURVE('',#3698,#3679,#3707,.T.);
#3707 = LINE('',#3708,#3709);
#3708 = CARTESIAN_POINT('',(92.7,-84.65,0.));
#3709 = VECTOR('',#3710,1.);
#3710 = DIRECTION('',(1.,0.,-0.));
#3711 = FACE_BOUND('',#3712,.F.);
#3712 = EDGE_LOOP('',(#3713));
#3713 = ORIENTED_EDGE('',*,*,#3714,.T.);
#3714 = EDGE_CURVE('',#3715,#3715,#3717,.T.);
#3715 = VERTEX_POINT('',#3716);
#3716 = CARTESIAN_POINT('',(189.,-80.1,0.));
#3717 = CIRCLE('',#3718,1.6);
#3718 = AXIS2_PLACEMENT_3D('',#3719,#3720,#3721);
#3719 = CARTESIAN_POINT('',(189.,-78.5,0.));
#3720 = DIRECTION('',(-0.,0.,-1.));
#3721 = DIRECTION('',(-0.,-1.,0.));
#3722 = PLANE('',#3723);
#3723 = AXIS2_PLACEMENT_3D('',#3724,#3725,#3726);
#3724 = CARTESIAN_POINT('',(0.,0.,0.));
#3725 = DIRECTION('',(0.,0.,1.));
#3726 = DIRECTION('',(1.,0.,-0.));
#3727 = ADVANCED_FACE('',(#3728,#3739,#3750,#3761,#3772,#3783,#3794,
    #3805,#3816,#3827,#3838,#3849,#3860,#3871,#3882,#3893,#3904,#3915,
    #3926,#3937,#3973,#3984,#3995,#4006,#4017,#4028,#4039,#4075,#4086,
    #4097,#4108,#4119,#4130,#4141,#4152,#4163,#4174,#4185,#4196,#4207,
    #4218,#4229,#4240,#4251,#4262,#4298,#4309,#4320,#4331,#4342,#4353,
    #4364,#4375,#4386,#4397,#4408,#4444),#4455,.T.);
#3728 = FACE_BOUND('',#3729,.T.);
#3729 = EDGE_LOOP('',(#3730,#3731,#3732,#3738));
#3730 = ORIENTED_EDGE('',*,*,#2906,.F.);
#3731 = ORIENTED_EDGE('',*,*,#2946,.F.);
#3732 = ORIENTED_EDGE('',*,*,#3733,.F.);
#3733 = EDGE_CURVE('',#2969,#2939,#3734,.T.);
#3734 = LINE('',#3735,#3736);
#3735 = CARTESIAN_POINT('',(105.5,-73.,1.51));
#3736 = VECTOR('',#3737,1.);
#3737 = DIRECTION('',(1.,0.,0.));
#3738 = ORIENTED_EDGE('',*,*,#2968,.F.);
#3739 = FACE_BOUND('',#3740,.T.);
#3740 = EDGE_LOOP('',(#3741));
#3741 = ORIENTED_EDGE('',*,*,#3742,.T.);
#3742 = EDGE_CURVE('',#3743,#3743,#3745,.T.);
#3743 = VERTEX_POINT('',#3744);
#3744 = CARTESIAN_POINT('',(120.5,-125.6,1.51));
#3745 = CIRCLE('',#3746,1.6);
#3746 = AXIS2_PLACEMENT_3D('',#3747,#3748,#3749);
#3747 = CARTESIAN_POINT('',(120.5,-124.,1.51));
#3748 = DIRECTION('',(-0.,0.,-1.));
#3749 = DIRECTION('',(-0.,-1.,0.));
#3750 = FACE_BOUND('',#3751,.T.);
#3751 = EDGE_LOOP('',(#3752));
#3752 = ORIENTED_EDGE('',*,*,#3753,.T.);
#3753 = EDGE_CURVE('',#3754,#3754,#3756,.T.);
#3754 = VERTEX_POINT('',#3755);
#3755 = CARTESIAN_POINT('',(110.592015,-116.2355,1.51));
#3756 = CIRCLE('',#3757,0.5);
#3757 = AXIS2_PLACEMENT_3D('',#3758,#3759,#3760);
#3758 = CARTESIAN_POINT('',(110.592015,-115.7355,1.51));
#3759 = DIRECTION('',(-0.,0.,-1.));
#3760 = DIRECTION('',(-0.,-1.,0.));
#3761 = FACE_BOUND('',#3762,.T.);
#3762 = EDGE_LOOP('',(#3763));
#3763 = ORIENTED_EDGE('',*,*,#3764,.T.);
#3764 = EDGE_CURVE('',#3765,#3765,#3767,.T.);
#3765 = VERTEX_POINT('',#3766);
#3766 = CARTESIAN_POINT('',(113.132015,-116.2355,1.51));
#3767 = CIRCLE('',#3768,0.5);
#3768 = AXIS2_PLACEMENT_3D('',#3769,#3770,#3771);
#3769 = CARTESIAN_POINT('',(113.132015,-115.7355,1.51));
#3770 = DIRECTION('',(-0.,0.,-1.));
#3771 = DIRECTION('',(-0.,-1.,0.));
#3772 = FACE_BOUND('',#3773,.T.);
#3773 = EDGE_LOOP('',(#3774));
#3774 = ORIENTED_EDGE('',*,*,#3775,.T.);
#3775 = EDGE_CURVE('',#3776,#3776,#3778,.T.);
#3776 = VERTEX_POINT('',#3777);
#3777 = CARTESIAN_POINT('',(115.672015,-116.2355,1.51));
#3778 = CIRCLE('',#3779,0.5);
#3779 = AXIS2_PLACEMENT_3D('',#3780,#3781,#3782);
#3780 = CARTESIAN_POINT('',(115.672015,-115.7355,1.51));
#3781 = DIRECTION('',(-0.,0.,-1.));
#3782 = DIRECTION('',(-0.,-1.,0.));
#3783 = FACE_BOUND('',#3784,.T.);
#3784 = EDGE_LOOP('',(#3785));
#3785 = ORIENTED_EDGE('',*,*,#3786,.T.);
#3786 = EDGE_CURVE('',#3787,#3787,#3789,.T.);
#3787 = VERTEX_POINT('',#3788);
#3788 = CARTESIAN_POINT('',(118.212015,-116.2355,1.51));
#3789 = CIRCLE('',#3790,0.5);
#3790 = AXIS2_PLACEMENT_3D('',#3791,#3792,#3793);
#3791 = CARTESIAN_POINT('',(118.212015,-115.7355,1.51));
#3792 = DIRECTION('',(-0.,0.,-1.));
#3793 = DIRECTION('',(-0.,-1.,0.));
#3794 = FACE_BOUND('',#3795,.T.);
#3795 = EDGE_LOOP('',(#3796));
#3796 = ORIENTED_EDGE('',*,*,#3797,.T.);
#3797 = EDGE_CURVE('',#3798,#3798,#3800,.T.);
#3798 = VERTEX_POINT('',#3799);
#3799 = CARTESIAN_POINT('',(120.752015,-116.2355,1.51));
#3800 = CIRCLE('',#3801,0.5);
#3801 = AXIS2_PLACEMENT_3D('',#3802,#3803,#3804);
#3802 = CARTESIAN_POINT('',(120.752015,-115.7355,1.51));
#3803 = DIRECTION('',(-0.,0.,-1.));
#3804 = DIRECTION('',(-0.,-1.,0.));
#3805 = FACE_BOUND('',#3806,.T.);
#3806 = EDGE_LOOP('',(#3807));
#3807 = ORIENTED_EDGE('',*,*,#3808,.T.);
#3808 = EDGE_CURVE('',#3809,#3809,#3811,.T.);
#3809 = VERTEX_POINT('',#3810);
#3810 = CARTESIAN_POINT('',(123.292015,-116.2355,1.51));
#3811 = CIRCLE('',#3812,0.5);
#3812 = AXIS2_PLACEMENT_3D('',#3813,#3814,#3815);
#3813 = CARTESIAN_POINT('',(123.292015,-115.7355,1.51));
#3814 = DIRECTION('',(-0.,0.,-1.));
#3815 = DIRECTION('',(-0.,-1.,0.));
#3816 = FACE_BOUND('',#3817,.T.);
#3817 = EDGE_LOOP('',(#3818));
#3818 = ORIENTED_EDGE('',*,*,#3819,.T.);
#3819 = EDGE_CURVE('',#3820,#3820,#3822,.T.);
#3820 = VERTEX_POINT('',#3821);
#3821 = CARTESIAN_POINT('',(125.832015,-116.2355,1.51));
#3822 = CIRCLE('',#3823,0.5);
#3823 = AXIS2_PLACEMENT_3D('',#3824,#3825,#3826);
#3824 = CARTESIAN_POINT('',(125.832015,-115.7355,1.51));
#3825 = DIRECTION('',(-0.,0.,-1.));
#3826 = DIRECTION('',(-0.,-1.,0.));
#3827 = FACE_BOUND('',#3828,.T.);
#3828 = EDGE_LOOP('',(#3829));
#3829 = ORIENTED_EDGE('',*,*,#3830,.T.);
#3830 = EDGE_CURVE('',#3831,#3831,#3833,.T.);
#3831 = VERTEX_POINT('',#3832);
#3832 = CARTESIAN_POINT('',(136.42,-114.35,1.51));
#3833 = CIRCLE('',#3834,0.85);
#3834 = AXIS2_PLACEMENT_3D('',#3835,#3836,#3837);
#3835 = CARTESIAN_POINT('',(136.42,-113.5,1.51));
#3836 = DIRECTION('',(-0.,0.,-1.));
#3837 = DIRECTION('',(-3.343730521224E-14,-1.,0.));
#3838 = FACE_BOUND('',#3839,.T.);
#3839 = EDGE_LOOP('',(#3840));
#3840 = ORIENTED_EDGE('',*,*,#3841,.T.);
#3841 = EDGE_CURVE('',#3842,#3842,#3844,.T.);
#3842 = VERTEX_POINT('',#3843);
#3843 = CARTESIAN_POINT('',(141.5,-115.5,1.51));
#3844 = CIRCLE('',#3845,2.);
#3845 = AXIS2_PLACEMENT_3D('',#3846,#3847,#3848);
#3846 = CARTESIAN_POINT('',(141.5,-113.5,1.51));
#3847 = DIRECTION('',(-0.,0.,-1.));
#3848 = DIRECTION('',(-0.,-1.,0.));
#3849 = FACE_BOUND('',#3850,.T.);
#3850 = EDGE_LOOP('',(#3851));
#3851 = ORIENTED_EDGE('',*,*,#3852,.T.);
#3852 = EDGE_CURVE('',#3853,#3853,#3855,.T.);
#3853 = VERTEX_POINT('',#3854);
#3854 = CARTESIAN_POINT('',(146.58,-114.35,1.51));
#3855 = CIRCLE('',#3856,0.85);
#3856 = AXIS2_PLACEMENT_3D('',#3857,#3858,#3859);
#3857 = CARTESIAN_POINT('',(146.58,-113.5,1.51));
#3858 = DIRECTION('',(-0.,0.,-1.));
#3859 = DIRECTION('',(3.343730521224E-14,-1.,-0.));
#3860 = FACE_BOUND('',#3861,.T.);
#3861 = EDGE_LOOP('',(#3862));
#3862 = ORIENTED_EDGE('',*,*,#3863,.T.);
#3863 = EDGE_CURVE('',#3864,#3864,#3866,.T.);
#3864 = VERTEX_POINT('',#3865);
#3865 = CARTESIAN_POINT('',(137.69,-111.71,1.51));
#3866 = CIRCLE('',#3867,0.75);
#3867 = AXIS2_PLACEMENT_3D('',#3868,#3869,#3870);
#3868 = CARTESIAN_POINT('',(137.69,-110.96,1.51));
#3869 = DIRECTION('',(-0.,0.,-1.));
#3870 = DIRECTION('',(-0.,-1.,0.));
#3871 = FACE_BOUND('',#3872,.T.);
#3872 = EDGE_LOOP('',(#3873));
#3873 = ORIENTED_EDGE('',*,*,#3874,.T.);
#3874 = EDGE_CURVE('',#3875,#3875,#3877,.T.);
#3875 = VERTEX_POINT('',#3876);
#3876 = CARTESIAN_POINT('',(144.04,-109.17,1.51));
#3877 = CIRCLE('',#3878,0.75);
#3878 = AXIS2_PLACEMENT_3D('',#3879,#3880,#3881);
#3879 = CARTESIAN_POINT('',(144.04,-108.42,1.51));
#3880 = DIRECTION('',(-0.,0.,-1.));
#3881 = DIRECTION('',(-0.,-1.,0.));
#3882 = FACE_BOUND('',#3883,.T.);
#3883 = EDGE_LOOP('',(#3884));
#3884 = ORIENTED_EDGE('',*,*,#3885,.T.);
#3885 = EDGE_CURVE('',#3886,#3886,#3888,.T.);
#3886 = VERTEX_POINT('',#3887);
#3887 = CARTESIAN_POINT('',(157.42,-114.35,1.51));
#3888 = CIRCLE('',#3889,0.85);
#3889 = AXIS2_PLACEMENT_3D('',#3890,#3891,#3892);
#3890 = CARTESIAN_POINT('',(157.42,-113.5,1.51));
#3891 = DIRECTION('',(-0.,0.,-1.));
#3892 = DIRECTION('',(-3.343730521224E-14,-1.,0.));
#3893 = FACE_BOUND('',#3894,.T.);
#3894 = EDGE_LOOP('',(#3895));
#3895 = ORIENTED_EDGE('',*,*,#3896,.T.);
#3896 = EDGE_CURVE('',#3897,#3897,#3899,.T.);
#3897 = VERTEX_POINT('',#3898);
#3898 = CARTESIAN_POINT('',(162.5,-115.5,1.51));
#3899 = CIRCLE('',#3900,2.);
#3900 = AXIS2_PLACEMENT_3D('',#3901,#3902,#3903);
#3901 = CARTESIAN_POINT('',(162.5,-113.5,1.51));
#3902 = DIRECTION('',(-0.,0.,-1.));
#3903 = DIRECTION('',(-0.,-1.,0.));
#3904 = FACE_BOUND('',#3905,.T.);
#3905 = EDGE_LOOP('',(#3906));
#3906 = ORIENTED_EDGE('',*,*,#3907,.T.);
#3907 = EDGE_CURVE('',#3908,#3908,#3910,.T.);
#3908 = VERTEX_POINT('',#3909);
#3909 = CARTESIAN_POINT('',(167.58,-114.35,1.51));
#3910 = CIRCLE('',#3911,0.85);
#3911 = AXIS2_PLACEMENT_3D('',#3912,#3913,#3914);
#3912 = CARTESIAN_POINT('',(167.58,-113.5,1.51));
#3913 = DIRECTION('',(-0.,0.,-1.));
#3914 = DIRECTION('',(3.343730521224E-14,-1.,-0.));
#3915 = FACE_BOUND('',#3916,.T.);
#3916 = EDGE_LOOP('',(#3917));
#3917 = ORIENTED_EDGE('',*,*,#3918,.T.);
#3918 = EDGE_CURVE('',#3919,#3919,#3921,.T.);
#3919 = VERTEX_POINT('',#3920);
#3920 = CARTESIAN_POINT('',(189.,-124.1,1.51));
#3921 = CIRCLE('',#3922,1.6);
#3922 = AXIS2_PLACEMENT_3D('',#3923,#3924,#3925);
#3923 = CARTESIAN_POINT('',(189.,-122.5,1.51));
#3924 = DIRECTION('',(-0.,0.,-1.));
#3925 = DIRECTION('',(-0.,-1.,0.));
#3926 = FACE_BOUND('',#3927,.T.);
#3927 = EDGE_LOOP('',(#3928));
#3928 = ORIENTED_EDGE('',*,*,#3929,.T.);
#3929 = EDGE_CURVE('',#3930,#3930,#3932,.T.);
#3930 = VERTEX_POINT('',#3931);
#3931 = CARTESIAN_POINT('',(177.25,-114.,1.51));
#3932 = CIRCLE('',#3933,0.5);
#3933 = AXIS2_PLACEMENT_3D('',#3934,#3935,#3936);
#3934 = CARTESIAN_POINT('',(177.25,-113.5,1.51));
#3935 = DIRECTION('',(-0.,0.,-1.));
#3936 = DIRECTION('',(-0.,-1.,0.));
#3937 = FACE_BOUND('',#3938,.T.);
#3938 = EDGE_LOOP('',(#3939,#3950,#3958,#3967));
#3939 = ORIENTED_EDGE('',*,*,#3940,.T.);
#3940 = EDGE_CURVE('',#3941,#3943,#3945,.T.);
#3941 = VERTEX_POINT('',#3942);
#3942 = CARTESIAN_POINT('',(185.4,-115.85,1.51));
#3943 = VERTEX_POINT('',#3944);
#3944 = CARTESIAN_POINT('',(185.4,-117.35,1.51));
#3945 = CIRCLE('',#3946,0.75);
#3946 = AXIS2_PLACEMENT_3D('',#3947,#3948,#3949);
#3947 = CARTESIAN_POINT('',(185.4,-116.6,1.51));
#3948 = DIRECTION('',(-0.,0.,-1.));
#3949 = DIRECTION('',(-0.,-1.,0.));
#3950 = ORIENTED_EDGE('',*,*,#3951,.T.);
#3951 = EDGE_CURVE('',#3943,#3952,#3954,.T.);
#3952 = VERTEX_POINT('',#3953);
#3953 = CARTESIAN_POINT('',(184.1,-117.35,1.51));
#3954 = LINE('',#3955,#3956);
#3955 = CARTESIAN_POINT('',(92.05,-117.35,1.51));
#3956 = VECTOR('',#3957,1.);
#3957 = DIRECTION('',(-1.,0.,0.));
#3958 = ORIENTED_EDGE('',*,*,#3959,.T.);
#3959 = EDGE_CURVE('',#3952,#3960,#3962,.T.);
#3960 = VERTEX_POINT('',#3961);
#3961 = CARTESIAN_POINT('',(184.1,-115.85,1.51));
#3962 = CIRCLE('',#3963,0.75);
#3963 = AXIS2_PLACEMENT_3D('',#3964,#3965,#3966);
#3964 = CARTESIAN_POINT('',(184.1,-116.6,1.51));
#3965 = DIRECTION('',(-0.,0.,-1.));
#3966 = DIRECTION('',(0.,1.,0.));
#3967 = ORIENTED_EDGE('',*,*,#3968,.T.);
#3968 = EDGE_CURVE('',#3960,#3941,#3969,.T.);
#3969 = LINE('',#3970,#3971);
#3970 = CARTESIAN_POINT('',(92.7,-115.85,1.51));
#3971 = VECTOR('',#3972,1.);
#3972 = DIRECTION('',(1.,0.,-0.));
#3973 = FACE_BOUND('',#3974,.T.);
#3974 = EDGE_LOOP('',(#3975));
#3975 = ORIENTED_EDGE('',*,*,#3976,.T.);
#3976 = EDGE_CURVE('',#3977,#3977,#3979,.T.);
#3977 = VERTEX_POINT('',#3978);
#3978 = CARTESIAN_POINT('',(191.75,-114.,1.51));
#3979 = CIRCLE('',#3980,0.5);
#3980 = AXIS2_PLACEMENT_3D('',#3981,#3982,#3983);
#3981 = CARTESIAN_POINT('',(191.75,-113.5,1.51));
#3982 = DIRECTION('',(-0.,0.,-1.));
#3983 = DIRECTION('',(-0.,-1.,0.));
#3984 = FACE_BOUND('',#3985,.T.);
#3985 = EDGE_LOOP('',(#3986));
#3986 = ORIENTED_EDGE('',*,*,#3987,.T.);
#3987 = EDGE_CURVE('',#3988,#3988,#3990,.T.);
#3988 = VERTEX_POINT('',#3989);
#3989 = CARTESIAN_POINT('',(158.69,-111.71,1.51));
#3990 = CIRCLE('',#3991,0.75);
#3991 = AXIS2_PLACEMENT_3D('',#3992,#3993,#3994);
#3992 = CARTESIAN_POINT('',(158.69,-110.96,1.51));
#3993 = DIRECTION('',(-0.,0.,-1.));
#3994 = DIRECTION('',(-0.,-1.,0.));
#3995 = FACE_BOUND('',#3996,.T.);
#3996 = EDGE_LOOP('',(#3997));
#3997 = ORIENTED_EDGE('',*,*,#3998,.T.);
#3998 = EDGE_CURVE('',#3999,#3999,#4001,.T.);
#3999 = VERTEX_POINT('',#4000);
#4000 = CARTESIAN_POINT('',(165.04,-109.17,1.51));
#4001 = CIRCLE('',#4002,0.75);
#4002 = AXIS2_PLACEMENT_3D('',#4003,#4004,#4005);
#4003 = CARTESIAN_POINT('',(165.04,-108.42,1.51));
#4004 = DIRECTION('',(-0.,0.,-1.));
#4005 = DIRECTION('',(-0.,-1.,0.));
#4006 = FACE_BOUND('',#4007,.T.);
#4007 = EDGE_LOOP('',(#4008));
#4008 = ORIENTED_EDGE('',*,*,#4009,.T.);
#4009 = EDGE_CURVE('',#4010,#4010,#4012,.T.);
#4010 = VERTEX_POINT('',#4011);
#4011 = CARTESIAN_POINT('',(177.25,-111.5,1.51));
#4012 = CIRCLE('',#4013,0.5);
#4013 = AXIS2_PLACEMENT_3D('',#4014,#4015,#4016);
#4014 = CARTESIAN_POINT('',(177.25,-111.,1.51));
#4015 = DIRECTION('',(-0.,0.,-1.));
#4016 = DIRECTION('',(-0.,-1.,0.));
#4017 = FACE_BOUND('',#4018,.T.);
#4018 = EDGE_LOOP('',(#4019));
#4019 = ORIENTED_EDGE('',*,*,#4020,.T.);
#4020 = EDGE_CURVE('',#4021,#4021,#4023,.T.);
#4021 = VERTEX_POINT('',#4022);
#4022 = CARTESIAN_POINT('',(177.25,-109.,1.51));
#4023 = CIRCLE('',#4024,0.5);
#4024 = AXIS2_PLACEMENT_3D('',#4025,#4026,#4027);
#4025 = CARTESIAN_POINT('',(177.25,-108.5,1.51));
#4026 = DIRECTION('',(-0.,0.,-1.));
#4027 = DIRECTION('',(-0.,-1.,0.));
#4028 = FACE_BOUND('',#4029,.T.);
#4029 = EDGE_LOOP('',(#4030));
#4030 = ORIENTED_EDGE('',*,*,#4031,.T.);
#4031 = EDGE_CURVE('',#4032,#4032,#4034,.T.);
#4032 = VERTEX_POINT('',#4033);
#4033 = CARTESIAN_POINT('',(191.75,-109.,1.51));
#4034 = CIRCLE('',#4035,0.5);
#4035 = AXIS2_PLACEMENT_3D('',#4036,#4037,#4038);
#4036 = CARTESIAN_POINT('',(191.75,-108.5,1.51));
#4037 = DIRECTION('',(-0.,0.,-1.));
#4038 = DIRECTION('',(-0.,-1.,0.));
#4039 = FACE_BOUND('',#4040,.T.);
#4040 = EDGE_LOOP('',(#4041,#4052,#4060,#4069));
#4041 = ORIENTED_EDGE('',*,*,#4042,.T.);
#4042 = EDGE_CURVE('',#4043,#4045,#4047,.T.);
#4043 = VERTEX_POINT('',#4044);
#4044 = CARTESIAN_POINT('',(185.4,-104.65,1.51));
#4045 = VERTEX_POINT('',#4046);
#4046 = CARTESIAN_POINT('',(185.4,-106.15,1.51));
#4047 = CIRCLE('',#4048,0.75);
#4048 = AXIS2_PLACEMENT_3D('',#4049,#4050,#4051);
#4049 = CARTESIAN_POINT('',(185.4,-105.4,1.51));
#4050 = DIRECTION('',(-0.,0.,-1.));
#4051 = DIRECTION('',(-0.,-1.,0.));
#4052 = ORIENTED_EDGE('',*,*,#4053,.T.);
#4053 = EDGE_CURVE('',#4045,#4054,#4056,.T.);
#4054 = VERTEX_POINT('',#4055);
#4055 = CARTESIAN_POINT('',(184.1,-106.15,1.51));
#4056 = LINE('',#4057,#4058);
#4057 = CARTESIAN_POINT('',(92.05,-106.15,1.51));
#4058 = VECTOR('',#4059,1.);
#4059 = DIRECTION('',(-1.,0.,0.));
#4060 = ORIENTED_EDGE('',*,*,#4061,.T.);
#4061 = EDGE_CURVE('',#4054,#4062,#4064,.T.);
#4062 = VERTEX_POINT('',#4063);
#4063 = CARTESIAN_POINT('',(184.1,-104.65,1.51));
#4064 = CIRCLE('',#4065,0.75);
#4065 = AXIS2_PLACEMENT_3D('',#4066,#4067,#4068);
#4066 = CARTESIAN_POINT('',(184.1,-105.4,1.51));
#4067 = DIRECTION('',(-0.,0.,-1.));
#4068 = DIRECTION('',(0.,1.,0.));
#4069 = ORIENTED_EDGE('',*,*,#4070,.T.);
#4070 = EDGE_CURVE('',#4062,#4043,#4071,.T.);
#4071 = LINE('',#4072,#4073);
#4072 = CARTESIAN_POINT('',(92.7,-104.65,1.51));
#4073 = VECTOR('',#4074,1.);
#4074 = DIRECTION('',(1.,0.,-0.));
#4075 = FACE_BOUND('',#4076,.T.);
#4076 = EDGE_LOOP('',(#4077));
#4077 = ORIENTED_EDGE('',*,*,#4078,.T.);
#4078 = EDGE_CURVE('',#4079,#4079,#4081,.T.);
#4079 = VERTEX_POINT('',#4080);
#4080 = CARTESIAN_POINT('',(110.592015,-100.9855,1.51));
#4081 = CIRCLE('',#4082,0.5);
#4082 = AXIS2_PLACEMENT_3D('',#4083,#4084,#4085);
#4083 = CARTESIAN_POINT('',(110.592015,-100.4855,1.51));
#4084 = DIRECTION('',(-0.,0.,-1.));
#4085 = DIRECTION('',(-0.,-1.,0.));
#4086 = FACE_BOUND('',#4087,.T.);
#4087 = EDGE_LOOP('',(#4088));
#4088 = ORIENTED_EDGE('',*,*,#4089,.T.);
#4089 = EDGE_CURVE('',#4090,#4090,#4092,.T.);
#4090 = VERTEX_POINT('',#4091);
#4091 = CARTESIAN_POINT('',(113.132015,-100.9855,1.51));
#4092 = CIRCLE('',#4093,0.5);
#4093 = AXIS2_PLACEMENT_3D('',#4094,#4095,#4096);
#4094 = CARTESIAN_POINT('',(113.132015,-100.4855,1.51));
#4095 = DIRECTION('',(-0.,0.,-1.));
#4096 = DIRECTION('',(-0.,-1.,0.));
#4097 = FACE_BOUND('',#4098,.T.);
#4098 = EDGE_LOOP('',(#4099));
#4099 = ORIENTED_EDGE('',*,*,#4100,.T.);
#4100 = EDGE_CURVE('',#4101,#4101,#4103,.T.);
#4101 = VERTEX_POINT('',#4102);
#4102 = CARTESIAN_POINT('',(115.672015,-100.9855,1.51));
#4103 = CIRCLE('',#4104,0.5);
#4104 = AXIS2_PLACEMENT_3D('',#4105,#4106,#4107);
#4105 = CARTESIAN_POINT('',(115.672015,-100.4855,1.51));
#4106 = DIRECTION('',(-0.,0.,-1.));
#4107 = DIRECTION('',(-0.,-1.,0.));
#4108 = FACE_BOUND('',#4109,.T.);
#4109 = EDGE_LOOP('',(#4110));
#4110 = ORIENTED_EDGE('',*,*,#4111,.T.);
#4111 = EDGE_CURVE('',#4112,#4112,#4114,.T.);
#4112 = VERTEX_POINT('',#4113);
#4113 = CARTESIAN_POINT('',(118.212015,-100.9855,1.51));
#4114 = CIRCLE('',#4115,0.5);
#4115 = AXIS2_PLACEMENT_3D('',#4116,#4117,#4118);
#4116 = CARTESIAN_POINT('',(118.212015,-100.4855,1.51));
#4117 = DIRECTION('',(-0.,0.,-1.));
#4118 = DIRECTION('',(-0.,-1.,0.));
#4119 = FACE_BOUND('',#4120,.T.);
#4120 = EDGE_LOOP('',(#4121));
#4121 = ORIENTED_EDGE('',*,*,#4122,.T.);
#4122 = EDGE_CURVE('',#4123,#4123,#4125,.T.);
#4123 = VERTEX_POINT('',#4124);
#4124 = CARTESIAN_POINT('',(120.752015,-100.9855,1.51));
#4125 = CIRCLE('',#4126,0.5);
#4126 = AXIS2_PLACEMENT_3D('',#4127,#4128,#4129);
#4127 = CARTESIAN_POINT('',(120.752015,-100.4855,1.51));
#4128 = DIRECTION('',(-0.,0.,-1.));
#4129 = DIRECTION('',(-0.,-1.,0.));
#4130 = FACE_BOUND('',#4131,.T.);
#4131 = EDGE_LOOP('',(#4132));
#4132 = ORIENTED_EDGE('',*,*,#4133,.T.);
#4133 = EDGE_CURVE('',#4134,#4134,#4136,.T.);
#4134 = VERTEX_POINT('',#4135);
#4135 = CARTESIAN_POINT('',(123.292015,-100.9855,1.51));
#4136 = CIRCLE('',#4137,0.5);
#4137 = AXIS2_PLACEMENT_3D('',#4138,#4139,#4140);
#4138 = CARTESIAN_POINT('',(123.292015,-100.4855,1.51));
#4139 = DIRECTION('',(-0.,0.,-1.));
#4140 = DIRECTION('',(-0.,-1.,0.));
#4141 = FACE_BOUND('',#4142,.T.);
#4142 = EDGE_LOOP('',(#4143));
#4143 = ORIENTED_EDGE('',*,*,#4144,.T.);
#4144 = EDGE_CURVE('',#4145,#4145,#4147,.T.);
#4145 = VERTEX_POINT('',#4146);
#4146 = CARTESIAN_POINT('',(125.832015,-100.9855,1.51));
#4147 = CIRCLE('',#4148,0.5);
#4148 = AXIS2_PLACEMENT_3D('',#4149,#4150,#4151);
#4149 = CARTESIAN_POINT('',(125.832015,-100.4855,1.51));
#4150 = DIRECTION('',(-0.,0.,-1.));
#4151 = DIRECTION('',(-0.,-1.,0.));
#4152 = FACE_BOUND('',#4153,.T.);
#4153 = EDGE_LOOP('',(#4154));
#4154 = ORIENTED_EDGE('',*,*,#4155,.T.);
#4155 = EDGE_CURVE('',#4156,#4156,#4158,.T.);
#4156 = VERTEX_POINT('',#4157);
#4157 = CARTESIAN_POINT('',(118.,-88.6,1.51));
#4158 = CIRCLE('',#4159,1.6);
#4159 = AXIS2_PLACEMENT_3D('',#4160,#4161,#4162);
#4160 = CARTESIAN_POINT('',(118.,-87.,1.51));
#4161 = DIRECTION('',(-0.,0.,-1.));
#4162 = DIRECTION('',(-0.,-1.,0.));
#4163 = FACE_BOUND('',#4164,.T.);
#4164 = EDGE_LOOP('',(#4165));
#4165 = ORIENTED_EDGE('',*,*,#4166,.T.);
#4166 = EDGE_CURVE('',#4167,#4167,#4169,.T.);
#4167 = VERTEX_POINT('',#4168);
#4168 = CARTESIAN_POINT('',(111.5,-79.,1.51));
#4169 = CIRCLE('',#4170,0.5);
#4170 = AXIS2_PLACEMENT_3D('',#4171,#4172,#4173);
#4171 = CARTESIAN_POINT('',(111.5,-78.5,1.51));
#4172 = DIRECTION('',(-0.,0.,-1.));
#4173 = DIRECTION('',(-0.,-1.,0.));
#4174 = FACE_BOUND('',#4175,.T.);
#4175 = EDGE_LOOP('',(#4176));
#4176 = ORIENTED_EDGE('',*,*,#4177,.T.);
#4177 = EDGE_CURVE('',#4178,#4178,#4180,.T.);
#4178 = VERTEX_POINT('',#4179);
#4179 = CARTESIAN_POINT('',(114.04,-79.,1.51));
#4180 = CIRCLE('',#4181,0.5);
#4181 = AXIS2_PLACEMENT_3D('',#4182,#4183,#4184);
#4182 = CARTESIAN_POINT('',(114.04,-78.5,1.51));
#4183 = DIRECTION('',(-0.,0.,-1.));
#4184 = DIRECTION('',(-0.,-1.,0.));
#4185 = FACE_BOUND('',#4186,.T.);
#4186 = EDGE_LOOP('',(#4187));
#4187 = ORIENTED_EDGE('',*,*,#4188,.T.);
#4188 = EDGE_CURVE('',#4189,#4189,#4191,.T.);
#4189 = VERTEX_POINT('',#4190);
#4190 = CARTESIAN_POINT('',(116.58,-79.,1.51));
#4191 = CIRCLE('',#4192,0.5);
#4192 = AXIS2_PLACEMENT_3D('',#4193,#4194,#4195);
#4193 = CARTESIAN_POINT('',(116.58,-78.5,1.51));
#4194 = DIRECTION('',(-0.,0.,-1.));
#4195 = DIRECTION('',(-0.,-1.,0.));
#4196 = FACE_BOUND('',#4197,.T.);
#4197 = EDGE_LOOP('',(#4198));
#4198 = ORIENTED_EDGE('',*,*,#4199,.T.);
#4199 = EDGE_CURVE('',#4200,#4200,#4202,.T.);
#4200 = VERTEX_POINT('',#4201);
#4201 = CARTESIAN_POINT('',(119.12,-79.,1.51));
#4202 = CIRCLE('',#4203,0.5);
#4203 = AXIS2_PLACEMENT_3D('',#4204,#4205,#4206);
#4204 = CARTESIAN_POINT('',(119.12,-78.5,1.51));
#4205 = DIRECTION('',(-0.,0.,-1.));
#4206 = DIRECTION('',(-0.,-1.,0.));
#4207 = FACE_BOUND('',#4208,.T.);
#4208 = EDGE_LOOP('',(#4209));
#4209 = ORIENTED_EDGE('',*,*,#4210,.T.);
#4210 = EDGE_CURVE('',#4211,#4211,#4213,.T.);
#4211 = VERTEX_POINT('',#4212);
#4212 = CARTESIAN_POINT('',(136.42,-89.35,1.51));
#4213 = CIRCLE('',#4214,0.85);
#4214 = AXIS2_PLACEMENT_3D('',#4215,#4216,#4217);
#4215 = CARTESIAN_POINT('',(136.42,-88.5,1.51));
#4216 = DIRECTION('',(-0.,0.,-1.));
#4217 = DIRECTION('',(-3.343730521224E-14,-1.,0.));
#4218 = FACE_BOUND('',#4219,.T.);
#4219 = EDGE_LOOP('',(#4220));
#4220 = ORIENTED_EDGE('',*,*,#4221,.T.);
#4221 = EDGE_CURVE('',#4222,#4222,#4224,.T.);
#4222 = VERTEX_POINT('',#4223);
#4223 = CARTESIAN_POINT('',(137.69,-86.71,1.51));
#4224 = CIRCLE('',#4225,0.75);
#4225 = AXIS2_PLACEMENT_3D('',#4226,#4227,#4228);
#4226 = CARTESIAN_POINT('',(137.69,-85.96,1.51));
#4227 = DIRECTION('',(-0.,0.,-1.));
#4228 = DIRECTION('',(-0.,-1.,0.));
#4229 = FACE_BOUND('',#4230,.T.);
#4230 = EDGE_LOOP('',(#4231));
#4231 = ORIENTED_EDGE('',*,*,#4232,.T.);
#4232 = EDGE_CURVE('',#4233,#4233,#4235,.T.);
#4233 = VERTEX_POINT('',#4234);
#4234 = CARTESIAN_POINT('',(141.5,-90.5,1.51));
#4235 = CIRCLE('',#4236,2.);
#4236 = AXIS2_PLACEMENT_3D('',#4237,#4238,#4239);
#4237 = CARTESIAN_POINT('',(141.5,-88.5,1.51));
#4238 = DIRECTION('',(-0.,0.,-1.));
#4239 = DIRECTION('',(-0.,-1.,0.));
#4240 = FACE_BOUND('',#4241,.T.);
#4241 = EDGE_LOOP('',(#4242));
#4242 = ORIENTED_EDGE('',*,*,#4243,.T.);
#4243 = EDGE_CURVE('',#4244,#4244,#4246,.T.);
#4244 = VERTEX_POINT('',#4245);
#4245 = CARTESIAN_POINT('',(146.58,-89.35,1.51));
#4246 = CIRCLE('',#4247,0.85);
#4247 = AXIS2_PLACEMENT_3D('',#4248,#4249,#4250);
#4248 = CARTESIAN_POINT('',(146.58,-88.5,1.51));
#4249 = DIRECTION('',(-0.,0.,-1.));
#4250 = DIRECTION('',(3.343730521224E-14,-1.,-0.));
#4251 = FACE_BOUND('',#4252,.T.);
#4252 = EDGE_LOOP('',(#4253));
#4253 = ORIENTED_EDGE('',*,*,#4254,.T.);
#4254 = EDGE_CURVE('',#4255,#4255,#4257,.T.);
#4255 = VERTEX_POINT('',#4256);
#4256 = CARTESIAN_POINT('',(144.04,-84.17,1.51));
#4257 = CIRCLE('',#4258,0.75);
#4258 = AXIS2_PLACEMENT_3D('',#4259,#4260,#4261);
#4259 = CARTESIAN_POINT('',(144.04,-83.42,1.51));
#4260 = DIRECTION('',(-0.,0.,-1.));
#4261 = DIRECTION('',(-0.,-1.,0.));
#4262 = FACE_BOUND('',#4263,.T.);
#4263 = EDGE_LOOP('',(#4264,#4275,#4283,#4292));
#4264 = ORIENTED_EDGE('',*,*,#4265,.T.);
#4265 = EDGE_CURVE('',#4266,#4268,#4270,.T.);
#4266 = VERTEX_POINT('',#4267);
#4267 = CARTESIAN_POINT('',(185.4,-95.85,1.51));
#4268 = VERTEX_POINT('',#4269);
#4269 = CARTESIAN_POINT('',(185.4,-97.35,1.51));
#4270 = CIRCLE('',#4271,0.75);
#4271 = AXIS2_PLACEMENT_3D('',#4272,#4273,#4274);
#4272 = CARTESIAN_POINT('',(185.4,-96.6,1.51));
#4273 = DIRECTION('',(-0.,0.,-1.));
#4274 = DIRECTION('',(-0.,-1.,0.));
#4275 = ORIENTED_EDGE('',*,*,#4276,.T.);
#4276 = EDGE_CURVE('',#4268,#4277,#4279,.T.);
#4277 = VERTEX_POINT('',#4278);
#4278 = CARTESIAN_POINT('',(184.1,-97.35,1.51));
#4279 = LINE('',#4280,#4281);
#4280 = CARTESIAN_POINT('',(92.05,-97.35,1.51));
#4281 = VECTOR('',#4282,1.);
#4282 = DIRECTION('',(-1.,0.,0.));
#4283 = ORIENTED_EDGE('',*,*,#4284,.T.);
#4284 = EDGE_CURVE('',#4277,#4285,#4287,.T.);
#4285 = VERTEX_POINT('',#4286);
#4286 = CARTESIAN_POINT('',(184.1,-95.85,1.51));
#4287 = CIRCLE('',#4288,0.75);
#4288 = AXIS2_PLACEMENT_3D('',#4289,#4290,#4291);
#4289 = CARTESIAN_POINT('',(184.1,-96.6,1.51));
#4290 = DIRECTION('',(-0.,0.,-1.));
#4291 = DIRECTION('',(0.,1.,0.));
#4292 = ORIENTED_EDGE('',*,*,#4293,.T.);
#4293 = EDGE_CURVE('',#4285,#4266,#4294,.T.);
#4294 = LINE('',#4295,#4296);
#4295 = CARTESIAN_POINT('',(92.7,-95.85,1.51));
#4296 = VECTOR('',#4297,1.);
#4297 = DIRECTION('',(1.,0.,-0.));
#4298 = FACE_BOUND('',#4299,.T.);
#4299 = EDGE_LOOP('',(#4300));
#4300 = ORIENTED_EDGE('',*,*,#4301,.T.);
#4301 = EDGE_CURVE('',#4302,#4302,#4304,.T.);
#4302 = VERTEX_POINT('',#4303);
#4303 = CARTESIAN_POINT('',(177.25,-94.,1.51));
#4304 = CIRCLE('',#4305,0.5);
#4305 = AXIS2_PLACEMENT_3D('',#4306,#4307,#4308);
#4306 = CARTESIAN_POINT('',(177.25,-93.5,1.51));
#4307 = DIRECTION('',(-0.,0.,-1.));
#4308 = DIRECTION('',(-0.,-1.,0.));
#4309 = FACE_BOUND('',#4310,.T.);
#4310 = EDGE_LOOP('',(#4311));
#4311 = ORIENTED_EDGE('',*,*,#4312,.T.);
#4312 = EDGE_CURVE('',#4313,#4313,#4315,.T.);
#4313 = VERTEX_POINT('',#4314);
#4314 = CARTESIAN_POINT('',(177.25,-91.5,1.51));
#4315 = CIRCLE('',#4316,0.5);
#4316 = AXIS2_PLACEMENT_3D('',#4317,#4318,#4319);
#4317 = CARTESIAN_POINT('',(177.25,-91.,1.51));
#4318 = DIRECTION('',(-0.,0.,-1.));
#4319 = DIRECTION('',(-0.,-1.,0.));
#4320 = FACE_BOUND('',#4321,.T.);
#4321 = EDGE_LOOP('',(#4322));
#4322 = ORIENTED_EDGE('',*,*,#4323,.T.);
#4323 = EDGE_CURVE('',#4324,#4324,#4326,.T.);
#4324 = VERTEX_POINT('',#4325);
#4325 = CARTESIAN_POINT('',(191.75,-94.,1.51));
#4326 = CIRCLE('',#4327,0.5);
#4327 = AXIS2_PLACEMENT_3D('',#4328,#4329,#4330);
#4328 = CARTESIAN_POINT('',(191.75,-93.5,1.51));
#4329 = DIRECTION('',(-0.,0.,-1.));
#4330 = DIRECTION('',(-0.,-1.,0.));
#4331 = FACE_BOUND('',#4332,.T.);
#4332 = EDGE_LOOP('',(#4333));
#4333 = ORIENTED_EDGE('',*,*,#4334,.T.);
#4334 = EDGE_CURVE('',#4335,#4335,#4337,.T.);
#4335 = VERTEX_POINT('',#4336);
#4336 = CARTESIAN_POINT('',(157.42,-89.35,1.51));
#4337 = CIRCLE('',#4338,0.85);
#4338 = AXIS2_PLACEMENT_3D('',#4339,#4340,#4341);
#4339 = CARTESIAN_POINT('',(157.42,-88.5,1.51));
#4340 = DIRECTION('',(-0.,0.,-1.));
#4341 = DIRECTION('',(-3.343730521224E-14,-1.,0.));
#4342 = FACE_BOUND('',#4343,.T.);
#4343 = EDGE_LOOP('',(#4344));
#4344 = ORIENTED_EDGE('',*,*,#4345,.T.);
#4345 = EDGE_CURVE('',#4346,#4346,#4348,.T.);
#4346 = VERTEX_POINT('',#4347);
#4347 = CARTESIAN_POINT('',(158.69,-86.71,1.51));
#4348 = CIRCLE('',#4349,0.75);
#4349 = AXIS2_PLACEMENT_3D('',#4350,#4351,#4352);
#4350 = CARTESIAN_POINT('',(158.69,-85.96,1.51));
#4351 = DIRECTION('',(-0.,0.,-1.));
#4352 = DIRECTION('',(-0.,-1.,0.));
#4353 = FACE_BOUND('',#4354,.T.);
#4354 = EDGE_LOOP('',(#4355));
#4355 = ORIENTED_EDGE('',*,*,#4356,.T.);
#4356 = EDGE_CURVE('',#4357,#4357,#4359,.T.);
#4357 = VERTEX_POINT('',#4358);
#4358 = CARTESIAN_POINT('',(162.5,-90.5,1.51));
#4359 = CIRCLE('',#4360,2.);
#4360 = AXIS2_PLACEMENT_3D('',#4361,#4362,#4363);
#4361 = CARTESIAN_POINT('',(162.5,-88.5,1.51));
#4362 = DIRECTION('',(-0.,0.,-1.));
#4363 = DIRECTION('',(-0.,-1.,0.));
#4364 = FACE_BOUND('',#4365,.T.);
#4365 = EDGE_LOOP('',(#4366));
#4366 = ORIENTED_EDGE('',*,*,#4367,.T.);
#4367 = EDGE_CURVE('',#4368,#4368,#4370,.T.);
#4368 = VERTEX_POINT('',#4369);
#4369 = CARTESIAN_POINT('',(167.58,-89.35,1.51));
#4370 = CIRCLE('',#4371,0.85);
#4371 = AXIS2_PLACEMENT_3D('',#4372,#4373,#4374);
#4372 = CARTESIAN_POINT('',(167.58,-88.5,1.51));
#4373 = DIRECTION('',(-0.,0.,-1.));
#4374 = DIRECTION('',(3.343730521224E-14,-1.,-0.));
#4375 = FACE_BOUND('',#4376,.T.);
#4376 = EDGE_LOOP('',(#4377));
#4377 = ORIENTED_EDGE('',*,*,#4378,.T.);
#4378 = EDGE_CURVE('',#4379,#4379,#4381,.T.);
#4379 = VERTEX_POINT('',#4380);
#4380 = CARTESIAN_POINT('',(165.04,-84.17,1.51));
#4381 = CIRCLE('',#4382,0.75);
#4382 = AXIS2_PLACEMENT_3D('',#4383,#4384,#4385);
#4383 = CARTESIAN_POINT('',(165.04,-83.42,1.51));
#4384 = DIRECTION('',(-0.,0.,-1.));
#4385 = DIRECTION('',(-0.,-1.,0.));
#4386 = FACE_BOUND('',#4387,.T.);
#4387 = EDGE_LOOP('',(#4388));
#4388 = ORIENTED_EDGE('',*,*,#4389,.T.);
#4389 = EDGE_CURVE('',#4390,#4390,#4392,.T.);
#4390 = VERTEX_POINT('',#4391);
#4391 = CARTESIAN_POINT('',(177.25,-89.,1.51));
#4392 = CIRCLE('',#4393,0.5);
#4393 = AXIS2_PLACEMENT_3D('',#4394,#4395,#4396);
#4394 = CARTESIAN_POINT('',(177.25,-88.5,1.51));
#4395 = DIRECTION('',(-0.,0.,-1.));
#4396 = DIRECTION('',(-0.,-1.,0.));
#4397 = FACE_BOUND('',#4398,.T.);
#4398 = EDGE_LOOP('',(#4399));
#4399 = ORIENTED_EDGE('',*,*,#4400,.T.);
#4400 = EDGE_CURVE('',#4401,#4401,#4403,.T.);
#4401 = VERTEX_POINT('',#4402);
#4402 = CARTESIAN_POINT('',(191.75,-89.,1.51));
#4403 = CIRCLE('',#4404,0.5);
#4404 = AXIS2_PLACEMENT_3D('',#4405,#4406,#4407);
#4405 = CARTESIAN_POINT('',(191.75,-88.5,1.51));
#4406 = DIRECTION('',(-0.,0.,-1.));
#4407 = DIRECTION('',(-0.,-1.,0.));
#4408 = FACE_BOUND('',#4409,.T.);
#4409 = EDGE_LOOP('',(#4410,#4421,#4429,#4438));
#4410 = ORIENTED_EDGE('',*,*,#4411,.T.);
#4411 = EDGE_CURVE('',#4412,#4414,#4416,.T.);
#4412 = VERTEX_POINT('',#4413);
#4413 = CARTESIAN_POINT('',(185.4,-84.65,1.51));
#4414 = VERTEX_POINT('',#4415);
#4415 = CARTESIAN_POINT('',(185.4,-86.15,1.51));
#4416 = CIRCLE('',#4417,0.75);
#4417 = AXIS2_PLACEMENT_3D('',#4418,#4419,#4420);
#4418 = CARTESIAN_POINT('',(185.4,-85.4,1.51));
#4419 = DIRECTION('',(-0.,0.,-1.));
#4420 = DIRECTION('',(-0.,-1.,0.));
#4421 = ORIENTED_EDGE('',*,*,#4422,.T.);
#4422 = EDGE_CURVE('',#4414,#4423,#4425,.T.);
#4423 = VERTEX_POINT('',#4424);
#4424 = CARTESIAN_POINT('',(184.1,-86.15,1.51));
#4425 = LINE('',#4426,#4427);
#4426 = CARTESIAN_POINT('',(92.05,-86.15,1.51));
#4427 = VECTOR('',#4428,1.);
#4428 = DIRECTION('',(-1.,0.,0.));
#4429 = ORIENTED_EDGE('',*,*,#4430,.T.);
#4430 = EDGE_CURVE('',#4423,#4431,#4433,.T.);
#4431 = VERTEX_POINT('',#4432);
#4432 = CARTESIAN_POINT('',(184.1,-84.65,1.51));
#4433 = CIRCLE('',#4434,0.75);
#4434 = AXIS2_PLACEMENT_3D('',#4435,#4436,#4437);
#4435 = CARTESIAN_POINT('',(184.1,-85.4,1.51));
#4436 = DIRECTION('',(-0.,0.,-1.));
#4437 = DIRECTION('',(0.,1.,0.));
#4438 = ORIENTED_EDGE('',*,*,#4439,.T.);
#4439 = EDGE_CURVE('',#4431,#4412,#4440,.T.);
#4440 = LINE('',#4441,#4442);
#4441 = CARTESIAN_POINT('',(92.7,-84.65,1.51));
#4442 = VECTOR('',#4443,1.);
#4443 = DIRECTION('',(1.,0.,-0.));
#4444 = FACE_BOUND('',#4445,.T.);
#4445 = EDGE_LOOP('',(#4446));
#4446 = ORIENTED_EDGE('',*,*,#4447,.T.);
#4447 = EDGE_CURVE('',#4448,#4448,#4450,.T.);
#4448 = VERTEX_POINT('',#4449);
#4449 = CARTESIAN_POINT('',(189.,-80.1,1.51));
#4450 = CIRCLE('',#4451,1.6);
#4451 = AXIS2_PLACEMENT_3D('',#4452,#4453,#4454);
#4452 = CARTESIAN_POINT('',(189.,-78.5,1.51));
#4453 = DIRECTION('',(-0.,0.,-1.));
#4454 = DIRECTION('',(-0.,-1.,0.));
#4455 = PLANE('',#4456);
#4456 = AXIS2_PLACEMENT_3D('',#4457,#4458,#4459);
#4457 = CARTESIAN_POINT('',(0.,0.,1.51));
#4458 = DIRECTION('',(0.,0.,1.));
#4459 = DIRECTION('',(1.,0.,-0.));
#4460 = ADVANCED_FACE('',(#4461),#4467,.T.);
#4461 = FACE_BOUND('',#4462,.T.);
#4462 = EDGE_LOOP('',(#4463,#4464,#4465,#4466));
#4463 = ORIENTED_EDGE('',*,*,#2976,.T.);
#4464 = ORIENTED_EDGE('',*,*,#3733,.T.);
#4465 = ORIENTED_EDGE('',*,*,#2936,.F.);
#4466 = ORIENTED_EDGE('',*,*,#3000,.F.);
#4467 = PLANE('',#4468);
#4468 = AXIS2_PLACEMENT_3D('',#4469,#4470,#4471);
#4469 = CARTESIAN_POINT('',(105.5,-73.,0.));
#4470 = DIRECTION('',(0.,1.,0.));
#4471 = DIRECTION('',(1.,0.,0.));
#4472 = ADVANCED_FACE('',(#4473),#4484,.F.);
#4473 = FACE_BOUND('',#4474,.F.);
#4474 = EDGE_LOOP('',(#4475,#4481,#4482,#4483));
#4475 = ORIENTED_EDGE('',*,*,#4476,.T.);
#4476 = EDGE_CURVE('',#3010,#3743,#4477,.T.);
#4477 = LINE('',#4478,#4479);
#4478 = CARTESIAN_POINT('',(120.5,-125.6,-4.6E-02));
#4479 = VECTOR('',#4480,1.);
#4480 = DIRECTION('',(0.,0.,1.));
#4481 = ORIENTED_EDGE('',*,*,#3742,.T.);
#4482 = ORIENTED_EDGE('',*,*,#4476,.F.);
#4483 = ORIENTED_EDGE('',*,*,#3009,.F.);
#4484 = CYLINDRICAL_SURFACE('',#4485,1.6);
#4485 = AXIS2_PLACEMENT_3D('',#4486,#4487,#4488);
#4486 = CARTESIAN_POINT('',(120.5,-124.,-4.6E-02));
#4487 = DIRECTION('',(-0.,-0.,-1.));
#4488 = DIRECTION('',(-0.,-1.,0.));
#4489 = ADVANCED_FACE('',(#4490),#4501,.F.);
#4490 = FACE_BOUND('',#4491,.F.);
#4491 = EDGE_LOOP('',(#4492,#4498,#4499,#4500));
#4492 = ORIENTED_EDGE('',*,*,#4493,.T.);
#4493 = EDGE_CURVE('',#3021,#3754,#4494,.T.);
#4494 = LINE('',#4495,#4496);
#4495 = CARTESIAN_POINT('',(110.592015,-116.2355,-4.6E-02));
#4496 = VECTOR('',#4497,1.);
#4497 = DIRECTION('',(0.,0.,1.));
#4498 = ORIENTED_EDGE('',*,*,#3753,.T.);
#4499 = ORIENTED_EDGE('',*,*,#4493,.F.);
#4500 = ORIENTED_EDGE('',*,*,#3020,.F.);
#4501 = CYLINDRICAL_SURFACE('',#4502,0.5);
#4502 = AXIS2_PLACEMENT_3D('',#4503,#4504,#4505);
#4503 = CARTESIAN_POINT('',(110.592015,-115.7355,-4.6E-02));
#4504 = DIRECTION('',(-0.,-0.,-1.));
#4505 = DIRECTION('',(-0.,-1.,0.));
#4506 = ADVANCED_FACE('',(#4507),#4518,.F.);
#4507 = FACE_BOUND('',#4508,.F.);
#4508 = EDGE_LOOP('',(#4509,#4515,#4516,#4517));
#4509 = ORIENTED_EDGE('',*,*,#4510,.T.);
#4510 = EDGE_CURVE('',#3032,#3765,#4511,.T.);
#4511 = LINE('',#4512,#4513);
#4512 = CARTESIAN_POINT('',(113.132015,-116.2355,-4.6E-02));
#4513 = VECTOR('',#4514,1.);
#4514 = DIRECTION('',(0.,0.,1.));
#4515 = ORIENTED_EDGE('',*,*,#3764,.T.);
#4516 = ORIENTED_EDGE('',*,*,#4510,.F.);
#4517 = ORIENTED_EDGE('',*,*,#3031,.F.);
#4518 = CYLINDRICAL_SURFACE('',#4519,0.5);
#4519 = AXIS2_PLACEMENT_3D('',#4520,#4521,#4522);
#4520 = CARTESIAN_POINT('',(113.132015,-115.7355,-4.6E-02));
#4521 = DIRECTION('',(-0.,-0.,-1.));
#4522 = DIRECTION('',(-0.,-1.,0.));
#4523 = ADVANCED_FACE('',(#4524),#4535,.F.);
#4524 = FACE_BOUND('',#4525,.F.);
#4525 = EDGE_LOOP('',(#4526,#4532,#4533,#4534));
#4526 = ORIENTED_EDGE('',*,*,#4527,.T.);
#4527 = EDGE_CURVE('',#3043,#3776,#4528,.T.);
#4528 = LINE('',#4529,#4530);
#4529 = CARTESIAN_POINT('',(115.672015,-116.2355,-4.6E-02));
#4530 = VECTOR('',#4531,1.);
#4531 = DIRECTION('',(0.,0.,1.));
#4532 = ORIENTED_EDGE('',*,*,#3775,.T.);
#4533 = ORIENTED_EDGE('',*,*,#4527,.F.);
#4534 = ORIENTED_EDGE('',*,*,#3042,.F.);
#4535 = CYLINDRICAL_SURFACE('',#4536,0.5);
#4536 = AXIS2_PLACEMENT_3D('',#4537,#4538,#4539);
#4537 = CARTESIAN_POINT('',(115.672015,-115.7355,-4.6E-02));
#4538 = DIRECTION('',(-0.,-0.,-1.));
#4539 = DIRECTION('',(-0.,-1.,0.));
#4540 = ADVANCED_FACE('',(#4541),#4552,.F.);
#4541 = FACE_BOUND('',#4542,.F.);
#4542 = EDGE_LOOP('',(#4543,#4549,#4550,#4551));
#4543 = ORIENTED_EDGE('',*,*,#4544,.T.);
#4544 = EDGE_CURVE('',#3054,#3787,#4545,.T.);
#4545 = LINE('',#4546,#4547);
#4546 = CARTESIAN_POINT('',(118.212015,-116.2355,-4.6E-02));
#4547 = VECTOR('',#4548,1.);
#4548 = DIRECTION('',(0.,0.,1.));
#4549 = ORIENTED_EDGE('',*,*,#3786,.T.);
#4550 = ORIENTED_EDGE('',*,*,#4544,.F.);
#4551 = ORIENTED_EDGE('',*,*,#3053,.F.);
#4552 = CYLINDRICAL_SURFACE('',#4553,0.5);
#4553 = AXIS2_PLACEMENT_3D('',#4554,#4555,#4556);
#4554 = CARTESIAN_POINT('',(118.212015,-115.7355,-4.6E-02));
#4555 = DIRECTION('',(-0.,-0.,-1.));
#4556 = DIRECTION('',(-0.,-1.,0.));
#4557 = ADVANCED_FACE('',(#4558),#4569,.F.);
#4558 = FACE_BOUND('',#4559,.F.);
#4559 = EDGE_LOOP('',(#4560,#4566,#4567,#4568));
#4560 = ORIENTED_EDGE('',*,*,#4561,.T.);
#4561 = EDGE_CURVE('',#3065,#3798,#4562,.T.);
#4562 = LINE('',#4563,#4564);
#4563 = CARTESIAN_POINT('',(120.752015,-116.2355,-4.6E-02));
#4564 = VECTOR('',#4565,1.);
#4565 = DIRECTION('',(0.,0.,1.));
#4566 = ORIENTED_EDGE('',*,*,#3797,.T.);
#4567 = ORIENTED_EDGE('',*,*,#4561,.F.);
#4568 = ORIENTED_EDGE('',*,*,#3064,.F.);
#4569 = CYLINDRICAL_SURFACE('',#4570,0.5);
#4570 = AXIS2_PLACEMENT_3D('',#4571,#4572,#4573);
#4571 = CARTESIAN_POINT('',(120.752015,-115.7355,-4.6E-02));
#4572 = DIRECTION('',(-0.,-0.,-1.));
#4573 = DIRECTION('',(-0.,-1.,0.));
#4574 = ADVANCED_FACE('',(#4575),#4586,.F.);
#4575 = FACE_BOUND('',#4576,.F.);
#4576 = EDGE_LOOP('',(#4577,#4583,#4584,#4585));
#4577 = ORIENTED_EDGE('',*,*,#4578,.T.);
#4578 = EDGE_CURVE('',#3076,#3809,#4579,.T.);
#4579 = LINE('',#4580,#4581);
#4580 = CARTESIAN_POINT('',(123.292015,-116.2355,-4.6E-02));
#4581 = VECTOR('',#4582,1.);
#4582 = DIRECTION('',(0.,0.,1.));
#4583 = ORIENTED_EDGE('',*,*,#3808,.T.);
#4584 = ORIENTED_EDGE('',*,*,#4578,.F.);
#4585 = ORIENTED_EDGE('',*,*,#3075,.F.);
#4586 = CYLINDRICAL_SURFACE('',#4587,0.5);
#4587 = AXIS2_PLACEMENT_3D('',#4588,#4589,#4590);
#4588 = CARTESIAN_POINT('',(123.292015,-115.7355,-4.6E-02));
#4589 = DIRECTION('',(-0.,-0.,-1.));
#4590 = DIRECTION('',(-0.,-1.,0.));
#4591 = ADVANCED_FACE('',(#4592),#4603,.F.);
#4592 = FACE_BOUND('',#4593,.F.);
#4593 = EDGE_LOOP('',(#4594,#4600,#4601,#4602));
#4594 = ORIENTED_EDGE('',*,*,#4595,.T.);
#4595 = EDGE_CURVE('',#3087,#3820,#4596,.T.);
#4596 = LINE('',#4597,#4598);
#4597 = CARTESIAN_POINT('',(125.832015,-116.2355,-4.6E-02));
#4598 = VECTOR('',#4599,1.);
#4599 = DIRECTION('',(0.,0.,1.));
#4600 = ORIENTED_EDGE('',*,*,#3819,.T.);
#4601 = ORIENTED_EDGE('',*,*,#4595,.F.);
#4602 = ORIENTED_EDGE('',*,*,#3086,.F.);
#4603 = CYLINDRICAL_SURFACE('',#4604,0.5);
#4604 = AXIS2_PLACEMENT_3D('',#4605,#4606,#4607);
#4605 = CARTESIAN_POINT('',(125.832015,-115.7355,-4.6E-02));
#4606 = DIRECTION('',(-0.,-0.,-1.));
#4607 = DIRECTION('',(-0.,-1.,0.));
#4608 = ADVANCED_FACE('',(#4609),#4620,.F.);
#4609 = FACE_BOUND('',#4610,.F.);
#4610 = EDGE_LOOP('',(#4611,#4617,#4618,#4619));
#4611 = ORIENTED_EDGE('',*,*,#4612,.T.);
#4612 = EDGE_CURVE('',#3098,#3831,#4613,.T.);
#4613 = LINE('',#4614,#4615);
#4614 = CARTESIAN_POINT('',(136.42,-114.35,-4.6E-02));
#4615 = VECTOR('',#4616,1.);
#4616 = DIRECTION('',(0.,0.,1.));
#4617 = ORIENTED_EDGE('',*,*,#3830,.T.);
#4618 = ORIENTED_EDGE('',*,*,#4612,.F.);
#4619 = ORIENTED_EDGE('',*,*,#3097,.F.);
#4620 = CYLINDRICAL_SURFACE('',#4621,0.85);
#4621 = AXIS2_PLACEMENT_3D('',#4622,#4623,#4624);
#4622 = CARTESIAN_POINT('',(136.42,-113.5,-4.6E-02));
#4623 = DIRECTION('',(-0.,-0.,-1.));
#4624 = DIRECTION('',(-3.343730521224E-14,-1.,0.));
#4625 = ADVANCED_FACE('',(#4626),#4637,.F.);
#4626 = FACE_BOUND('',#4627,.F.);
#4627 = EDGE_LOOP('',(#4628,#4634,#4635,#4636));
#4628 = ORIENTED_EDGE('',*,*,#4629,.T.);
#4629 = EDGE_CURVE('',#3109,#3842,#4630,.T.);
#4630 = LINE('',#4631,#4632);
#4631 = CARTESIAN_POINT('',(141.5,-115.5,-4.6E-02));
#4632 = VECTOR('',#4633,1.);
#4633 = DIRECTION('',(0.,0.,1.));
#4634 = ORIENTED_EDGE('',*,*,#3841,.T.);
#4635 = ORIENTED_EDGE('',*,*,#4629,.F.);
#4636 = ORIENTED_EDGE('',*,*,#3108,.F.);
#4637 = CYLINDRICAL_SURFACE('',#4638,2.);
#4638 = AXIS2_PLACEMENT_3D('',#4639,#4640,#4641);
#4639 = CARTESIAN_POINT('',(141.5,-113.5,-4.6E-02));
#4640 = DIRECTION('',(-0.,-0.,-1.));
#4641 = DIRECTION('',(-0.,-1.,0.));
#4642 = ADVANCED_FACE('',(#4643),#4654,.F.);
#4643 = FACE_BOUND('',#4644,.F.);
#4644 = EDGE_LOOP('',(#4645,#4651,#4652,#4653));
#4645 = ORIENTED_EDGE('',*,*,#4646,.T.);
#4646 = EDGE_CURVE('',#3120,#3853,#4647,.T.);
#4647 = LINE('',#4648,#4649);
#4648 = CARTESIAN_POINT('',(146.58,-114.35,-4.6E-02));
#4649 = VECTOR('',#4650,1.);
#4650 = DIRECTION('',(0.,0.,1.));
#4651 = ORIENTED_EDGE('',*,*,#3852,.T.);
#4652 = ORIENTED_EDGE('',*,*,#4646,.F.);
#4653 = ORIENTED_EDGE('',*,*,#3119,.F.);
#4654 = CYLINDRICAL_SURFACE('',#4655,0.85);
#4655 = AXIS2_PLACEMENT_3D('',#4656,#4657,#4658);
#4656 = CARTESIAN_POINT('',(146.58,-113.5,-4.6E-02));
#4657 = DIRECTION('',(-0.,0.,-1.));
#4658 = DIRECTION('',(3.343730521224E-14,-1.,-0.));
#4659 = ADVANCED_FACE('',(#4660),#4671,.F.);
#4660 = FACE_BOUND('',#4661,.F.);
#4661 = EDGE_LOOP('',(#4662,#4668,#4669,#4670));
#4662 = ORIENTED_EDGE('',*,*,#4663,.T.);
#4663 = EDGE_CURVE('',#3131,#3864,#4664,.T.);
#4664 = LINE('',#4665,#4666);
#4665 = CARTESIAN_POINT('',(137.69,-111.71,-4.6E-02));
#4666 = VECTOR('',#4667,1.);
#4667 = DIRECTION('',(0.,0.,1.));
#4668 = ORIENTED_EDGE('',*,*,#3863,.T.);
#4669 = ORIENTED_EDGE('',*,*,#4663,.F.);
#4670 = ORIENTED_EDGE('',*,*,#3130,.F.);
#4671 = CYLINDRICAL_SURFACE('',#4672,0.75);
#4672 = AXIS2_PLACEMENT_3D('',#4673,#4674,#4675);
#4673 = CARTESIAN_POINT('',(137.69,-110.96,-4.6E-02));
#4674 = DIRECTION('',(-0.,-0.,-1.));
#4675 = DIRECTION('',(-0.,-1.,0.));
#4676 = ADVANCED_FACE('',(#4677),#4688,.F.);
#4677 = FACE_BOUND('',#4678,.F.);
#4678 = EDGE_LOOP('',(#4679,#4685,#4686,#4687));
#4679 = ORIENTED_EDGE('',*,*,#4680,.T.);
#4680 = EDGE_CURVE('',#3142,#3875,#4681,.T.);
#4681 = LINE('',#4682,#4683);
#4682 = CARTESIAN_POINT('',(144.04,-109.17,-4.6E-02));
#4683 = VECTOR('',#4684,1.);
#4684 = DIRECTION('',(0.,0.,1.));
#4685 = ORIENTED_EDGE('',*,*,#3874,.T.);
#4686 = ORIENTED_EDGE('',*,*,#4680,.F.);
#4687 = ORIENTED_EDGE('',*,*,#3141,.F.);
#4688 = CYLINDRICAL_SURFACE('',#4689,0.75);
#4689 = AXIS2_PLACEMENT_3D('',#4690,#4691,#4692);
#4690 = CARTESIAN_POINT('',(144.04,-108.42,-4.6E-02));
#4691 = DIRECTION('',(-0.,-0.,-1.));
#4692 = DIRECTION('',(-0.,-1.,0.));
#4693 = ADVANCED_FACE('',(#4694),#4705,.F.);
#4694 = FACE_BOUND('',#4695,.F.);
#4695 = EDGE_LOOP('',(#4696,#4702,#4703,#4704));
#4696 = ORIENTED_EDGE('',*,*,#4697,.T.);
#4697 = EDGE_CURVE('',#3153,#3886,#4698,.T.);
#4698 = LINE('',#4699,#4700);
#4699 = CARTESIAN_POINT('',(157.42,-114.35,-4.6E-02));
#4700 = VECTOR('',#4701,1.);
#4701 = DIRECTION('',(0.,0.,1.));
#4702 = ORIENTED_EDGE('',*,*,#3885,.T.);
#4703 = ORIENTED_EDGE('',*,*,#4697,.F.);
#4704 = ORIENTED_EDGE('',*,*,#3152,.F.);
#4705 = CYLINDRICAL_SURFACE('',#4706,0.85);
#4706 = AXIS2_PLACEMENT_3D('',#4707,#4708,#4709);
#4707 = CARTESIAN_POINT('',(157.42,-113.5,-4.6E-02));
#4708 = DIRECTION('',(-0.,-0.,-1.));
#4709 = DIRECTION('',(-3.343730521224E-14,-1.,0.));
#4710 = ADVANCED_FACE('',(#4711),#4722,.F.);
#4711 = FACE_BOUND('',#4712,.F.);
#4712 = EDGE_LOOP('',(#4713,#4719,#4720,#4721));
#4713 = ORIENTED_EDGE('',*,*,#4714,.T.);
#4714 = EDGE_CURVE('',#3164,#3897,#4715,.T.);
#4715 = LINE('',#4716,#4717);
#4716 = CARTESIAN_POINT('',(162.5,-115.5,-4.6E-02));
#4717 = VECTOR('',#4718,1.);
#4718 = DIRECTION('',(0.,0.,1.));
#4719 = ORIENTED_EDGE('',*,*,#3896,.T.);
#4720 = ORIENTED_EDGE('',*,*,#4714,.F.);
#4721 = ORIENTED_EDGE('',*,*,#3163,.F.);
#4722 = CYLINDRICAL_SURFACE('',#4723,2.);
#4723 = AXIS2_PLACEMENT_3D('',#4724,#4725,#4726);
#4724 = CARTESIAN_POINT('',(162.5,-113.5,-4.6E-02));
#4725 = DIRECTION('',(-0.,-0.,-1.));
#4726 = DIRECTION('',(-0.,-1.,0.));
#4727 = ADVANCED_FACE('',(#4728),#4739,.F.);
#4728 = FACE_BOUND('',#4729,.F.);
#4729 = EDGE_LOOP('',(#4730,#4736,#4737,#4738));
#4730 = ORIENTED_EDGE('',*,*,#4731,.T.);
#4731 = EDGE_CURVE('',#3175,#3908,#4732,.T.);
#4732 = LINE('',#4733,#4734);
#4733 = CARTESIAN_POINT('',(167.58,-114.35,-4.6E-02));
#4734 = VECTOR('',#4735,1.);
#4735 = DIRECTION('',(0.,0.,1.));
#4736 = ORIENTED_EDGE('',*,*,#3907,.T.);
#4737 = ORIENTED_EDGE('',*,*,#4731,.F.);
#4738 = ORIENTED_EDGE('',*,*,#3174,.F.);
#4739 = CYLINDRICAL_SURFACE('',#4740,0.85);
#4740 = AXIS2_PLACEMENT_3D('',#4741,#4742,#4743);
#4741 = CARTESIAN_POINT('',(167.58,-113.5,-4.6E-02));
#4742 = DIRECTION('',(-0.,0.,-1.));
#4743 = DIRECTION('',(3.343730521224E-14,-1.,-0.));
#4744 = ADVANCED_FACE('',(#4745),#4756,.F.);
#4745 = FACE_BOUND('',#4746,.F.);
#4746 = EDGE_LOOP('',(#4747,#4753,#4754,#4755));
#4747 = ORIENTED_EDGE('',*,*,#4748,.T.);
#4748 = EDGE_CURVE('',#3186,#3919,#4749,.T.);
#4749 = LINE('',#4750,#4751);
#4750 = CARTESIAN_POINT('',(189.,-124.1,-4.6E-02));
#4751 = VECTOR('',#4752,1.);
#4752 = DIRECTION('',(0.,0.,1.));
#4753 = ORIENTED_EDGE('',*,*,#3918,.T.);
#4754 = ORIENTED_EDGE('',*,*,#4748,.F.);
#4755 = ORIENTED_EDGE('',*,*,#3185,.F.);
#4756 = CYLINDRICAL_SURFACE('',#4757,1.6);
#4757 = AXIS2_PLACEMENT_3D('',#4758,#4759,#4760);
#4758 = CARTESIAN_POINT('',(189.,-122.5,-4.6E-02));
#4759 = DIRECTION('',(-0.,-0.,-1.));
#4760 = DIRECTION('',(-0.,-1.,0.));
#4761 = ADVANCED_FACE('',(#4762),#4773,.F.);
#4762 = FACE_BOUND('',#4763,.F.);
#4763 = EDGE_LOOP('',(#4764,#4770,#4771,#4772));
#4764 = ORIENTED_EDGE('',*,*,#4765,.T.);
#4765 = EDGE_CURVE('',#3197,#3930,#4766,.T.);
#4766 = LINE('',#4767,#4768);
#4767 = CARTESIAN_POINT('',(177.25,-114.,-4.6E-02));
#4768 = VECTOR('',#4769,1.);
#4769 = DIRECTION('',(0.,0.,1.));
#4770 = ORIENTED_EDGE('',*,*,#3929,.T.);
#4771 = ORIENTED_EDGE('',*,*,#4765,.F.);
#4772 = ORIENTED_EDGE('',*,*,#3196,.F.);
#4773 = CYLINDRICAL_SURFACE('',#4774,0.5);
#4774 = AXIS2_PLACEMENT_3D('',#4775,#4776,#4777);
#4775 = CARTESIAN_POINT('',(177.25,-113.5,-4.6E-02));
#4776 = DIRECTION('',(-0.,-0.,-1.));
#4777 = DIRECTION('',(-0.,-1.,0.));
#4778 = ADVANCED_FACE('',(#4779),#4795,.F.);
#4779 = FACE_BOUND('',#4780,.F.);
#4780 = EDGE_LOOP('',(#4781,#4787,#4788,#4794));
#4781 = ORIENTED_EDGE('',*,*,#4782,.T.);
#4782 = EDGE_CURVE('',#3208,#3941,#4783,.T.);
#4783 = LINE('',#4784,#4785);
#4784 = CARTESIAN_POINT('',(185.4,-115.85,-4.6E-02));
#4785 = VECTOR('',#4786,1.);
#4786 = DIRECTION('',(0.,0.,1.));
#4787 = ORIENTED_EDGE('',*,*,#3940,.T.);
#4788 = ORIENTED_EDGE('',*,*,#4789,.F.);
#4789 = EDGE_CURVE('',#3210,#3943,#4790,.T.);
#4790 = LINE('',#4791,#4792);
#4791 = CARTESIAN_POINT('',(185.4,-117.35,-4.6E-02));
#4792 = VECTOR('',#4793,1.);
#4793 = DIRECTION('',(0.,0.,1.));
#4794 = ORIENTED_EDGE('',*,*,#3207,.F.);
#4795 = CYLINDRICAL_SURFACE('',#4796,0.75);
#4796 = AXIS2_PLACEMENT_3D('',#4797,#4798,#4799);
#4797 = CARTESIAN_POINT('',(185.4,-116.6,-4.6E-02));
#4798 = DIRECTION('',(-0.,-0.,-1.));
#4799 = DIRECTION('',(-0.,-1.,0.));
#4800 = ADVANCED_FACE('',(#4801),#4812,.T.);
#4801 = FACE_BOUND('',#4802,.T.);
#4802 = EDGE_LOOP('',(#4803,#4804,#4805,#4806));
#4803 = ORIENTED_EDGE('',*,*,#3235,.T.);
#4804 = ORIENTED_EDGE('',*,*,#4782,.T.);
#4805 = ORIENTED_EDGE('',*,*,#3968,.F.);
#4806 = ORIENTED_EDGE('',*,*,#4807,.F.);
#4807 = EDGE_CURVE('',#3227,#3960,#4808,.T.);
#4808 = LINE('',#4809,#4810);
#4809 = CARTESIAN_POINT('',(184.1,-115.85,-4.6E-02));
#4810 = VECTOR('',#4811,1.);
#4811 = DIRECTION('',(0.,0.,1.));
#4812 = PLANE('',#4813);
#4813 = AXIS2_PLACEMENT_3D('',#4814,#4815,#4816);
#4814 = CARTESIAN_POINT('',(185.4,-115.85,-4.6E-02));
#4815 = DIRECTION('',(0.,-1.,0.));
#4816 = DIRECTION('',(-1.,0.,0.));
#4817 = ADVANCED_FACE('',(#4818),#4829,.F.);
#4818 = FACE_BOUND('',#4819,.F.);
#4819 = EDGE_LOOP('',(#4820,#4826,#4827,#4828));
#4820 = ORIENTED_EDGE('',*,*,#4821,.T.);
#4821 = EDGE_CURVE('',#3219,#3952,#4822,.T.);
#4822 = LINE('',#4823,#4824);
#4823 = CARTESIAN_POINT('',(184.1,-117.35,-4.6E-02));
#4824 = VECTOR('',#4825,1.);
#4825 = DIRECTION('',(0.,0.,1.));
#4826 = ORIENTED_EDGE('',*,*,#3959,.T.);
#4827 = ORIENTED_EDGE('',*,*,#4807,.F.);
#4828 = ORIENTED_EDGE('',*,*,#3226,.F.);
#4829 = CYLINDRICAL_SURFACE('',#4830,0.75);
#4830 = AXIS2_PLACEMENT_3D('',#4831,#4832,#4833);
#4831 = CARTESIAN_POINT('',(184.1,-116.6,-4.6E-02));
#4832 = DIRECTION('',(-0.,0.,-1.));
#4833 = DIRECTION('',(0.,1.,0.));
#4834 = ADVANCED_FACE('',(#4835),#4841,.T.);
#4835 = FACE_BOUND('',#4836,.T.);
#4836 = EDGE_LOOP('',(#4837,#4838,#4839,#4840));
#4837 = ORIENTED_EDGE('',*,*,#3218,.T.);
#4838 = ORIENTED_EDGE('',*,*,#4821,.T.);
#4839 = ORIENTED_EDGE('',*,*,#3951,.F.);
#4840 = ORIENTED_EDGE('',*,*,#4789,.F.);
#4841 = PLANE('',#4842);
#4842 = AXIS2_PLACEMENT_3D('',#4843,#4844,#4845);
#4843 = CARTESIAN_POINT('',(184.1,-117.35,-4.6E-02));
#4844 = DIRECTION('',(0.,1.,0.));
#4845 = DIRECTION('',(1.,0.,0.));
#4846 = ADVANCED_FACE('',(#4847),#4858,.F.);
#4847 = FACE_BOUND('',#4848,.F.);
#4848 = EDGE_LOOP('',(#4849,#4855,#4856,#4857));
#4849 = ORIENTED_EDGE('',*,*,#4850,.T.);
#4850 = EDGE_CURVE('',#3244,#3977,#4851,.T.);
#4851 = LINE('',#4852,#4853);
#4852 = CARTESIAN_POINT('',(191.75,-114.,-4.6E-02));
#4853 = VECTOR('',#4854,1.);
#4854 = DIRECTION('',(0.,0.,1.));
#4855 = ORIENTED_EDGE('',*,*,#3976,.T.);
#4856 = ORIENTED_EDGE('',*,*,#4850,.F.);
#4857 = ORIENTED_EDGE('',*,*,#3243,.F.);
#4858 = CYLINDRICAL_SURFACE('',#4859,0.5);
#4859 = AXIS2_PLACEMENT_3D('',#4860,#4861,#4862);
#4860 = CARTESIAN_POINT('',(191.75,-113.5,-4.6E-02));
#4861 = DIRECTION('',(-0.,-0.,-1.));
#4862 = DIRECTION('',(-0.,-1.,0.));
#4863 = ADVANCED_FACE('',(#4864),#4875,.F.);
#4864 = FACE_BOUND('',#4865,.F.);
#4865 = EDGE_LOOP('',(#4866,#4872,#4873,#4874));
#4866 = ORIENTED_EDGE('',*,*,#4867,.T.);
#4867 = EDGE_CURVE('',#3255,#3988,#4868,.T.);
#4868 = LINE('',#4869,#4870);
#4869 = CARTESIAN_POINT('',(158.69,-111.71,-4.6E-02));
#4870 = VECTOR('',#4871,1.);
#4871 = DIRECTION('',(0.,0.,1.));
#4872 = ORIENTED_EDGE('',*,*,#3987,.T.);
#4873 = ORIENTED_EDGE('',*,*,#4867,.F.);
#4874 = ORIENTED_EDGE('',*,*,#3254,.F.);
#4875 = CYLINDRICAL_SURFACE('',#4876,0.75);
#4876 = AXIS2_PLACEMENT_3D('',#4877,#4878,#4879);
#4877 = CARTESIAN_POINT('',(158.69,-110.96,-4.6E-02));
#4878 = DIRECTION('',(-0.,-0.,-1.));
#4879 = DIRECTION('',(-0.,-1.,0.));
#4880 = ADVANCED_FACE('',(#4881),#4892,.F.);
#4881 = FACE_BOUND('',#4882,.F.);
#4882 = EDGE_LOOP('',(#4883,#4889,#4890,#4891));
#4883 = ORIENTED_EDGE('',*,*,#4884,.T.);
#4884 = EDGE_CURVE('',#3266,#3999,#4885,.T.);
#4885 = LINE('',#4886,#4887);
#4886 = CARTESIAN_POINT('',(165.04,-109.17,-4.6E-02));
#4887 = VECTOR('',#4888,1.);
#4888 = DIRECTION('',(0.,0.,1.));
#4889 = ORIENTED_EDGE('',*,*,#3998,.T.);
#4890 = ORIENTED_EDGE('',*,*,#4884,.F.);
#4891 = ORIENTED_EDGE('',*,*,#3265,.F.);
#4892 = CYLINDRICAL_SURFACE('',#4893,0.75);
#4893 = AXIS2_PLACEMENT_3D('',#4894,#4895,#4896);
#4894 = CARTESIAN_POINT('',(165.04,-108.42,-4.6E-02));
#4895 = DIRECTION('',(-0.,-0.,-1.));
#4896 = DIRECTION('',(-0.,-1.,0.));
#4897 = ADVANCED_FACE('',(#4898),#4909,.F.);
#4898 = FACE_BOUND('',#4899,.F.);
#4899 = EDGE_LOOP('',(#4900,#4906,#4907,#4908));
#4900 = ORIENTED_EDGE('',*,*,#4901,.T.);
#4901 = EDGE_CURVE('',#3277,#4010,#4902,.T.);
#4902 = LINE('',#4903,#4904);
#4903 = CARTESIAN_POINT('',(177.25,-111.5,-4.6E-02));
#4904 = VECTOR('',#4905,1.);
#4905 = DIRECTION('',(0.,0.,1.));
#4906 = ORIENTED_EDGE('',*,*,#4009,.T.);
#4907 = ORIENTED_EDGE('',*,*,#4901,.F.);
#4908 = ORIENTED_EDGE('',*,*,#3276,.F.);
#4909 = CYLINDRICAL_SURFACE('',#4910,0.5);
#4910 = AXIS2_PLACEMENT_3D('',#4911,#4912,#4913);
#4911 = CARTESIAN_POINT('',(177.25,-111.,-4.6E-02));
#4912 = DIRECTION('',(-0.,-0.,-1.));
#4913 = DIRECTION('',(-0.,-1.,0.));
#4914 = ADVANCED_FACE('',(#4915),#4926,.F.);
#4915 = FACE_BOUND('',#4916,.F.);
#4916 = EDGE_LOOP('',(#4917,#4923,#4924,#4925));
#4917 = ORIENTED_EDGE('',*,*,#4918,.T.);
#4918 = EDGE_CURVE('',#3288,#4021,#4919,.T.);
#4919 = LINE('',#4920,#4921);
#4920 = CARTESIAN_POINT('',(177.25,-109.,-4.6E-02));
#4921 = VECTOR('',#4922,1.);
#4922 = DIRECTION('',(0.,0.,1.));
#4923 = ORIENTED_EDGE('',*,*,#4020,.T.);
#4924 = ORIENTED_EDGE('',*,*,#4918,.F.);
#4925 = ORIENTED_EDGE('',*,*,#3287,.F.);
#4926 = CYLINDRICAL_SURFACE('',#4927,0.5);
#4927 = AXIS2_PLACEMENT_3D('',#4928,#4929,#4930);
#4928 = CARTESIAN_POINT('',(177.25,-108.5,-4.6E-02));
#4929 = DIRECTION('',(-0.,-0.,-1.));
#4930 = DIRECTION('',(-0.,-1.,0.));
#4931 = ADVANCED_FACE('',(#4932),#4943,.F.);
#4932 = FACE_BOUND('',#4933,.F.);
#4933 = EDGE_LOOP('',(#4934,#4940,#4941,#4942));
#4934 = ORIENTED_EDGE('',*,*,#4935,.T.);
#4935 = EDGE_CURVE('',#3299,#4032,#4936,.T.);
#4936 = LINE('',#4937,#4938);
#4937 = CARTESIAN_POINT('',(191.75,-109.,-4.6E-02));
#4938 = VECTOR('',#4939,1.);
#4939 = DIRECTION('',(0.,0.,1.));
#4940 = ORIENTED_EDGE('',*,*,#4031,.T.);
#4941 = ORIENTED_EDGE('',*,*,#4935,.F.);
#4942 = ORIENTED_EDGE('',*,*,#3298,.F.);
#4943 = CYLINDRICAL_SURFACE('',#4944,0.5);
#4944 = AXIS2_PLACEMENT_3D('',#4945,#4946,#4947);
#4945 = CARTESIAN_POINT('',(191.75,-108.5,-4.6E-02));
#4946 = DIRECTION('',(-0.,-0.,-1.));
#4947 = DIRECTION('',(-0.,-1.,0.));
#4948 = ADVANCED_FACE('',(#4949),#4965,.F.);
#4949 = FACE_BOUND('',#4950,.F.);
#4950 = EDGE_LOOP('',(#4951,#4957,#4958,#4964));
#4951 = ORIENTED_EDGE('',*,*,#4952,.T.);
#4952 = EDGE_CURVE('',#3310,#4043,#4953,.T.);
#4953 = LINE('',#4954,#4955);
#4954 = CARTESIAN_POINT('',(185.4,-104.65,-4.6E-02));
#4955 = VECTOR('',#4956,1.);
#4956 = DIRECTION('',(0.,0.,1.));
#4957 = ORIENTED_EDGE('',*,*,#4042,.T.);
#4958 = ORIENTED_EDGE('',*,*,#4959,.F.);
#4959 = EDGE_CURVE('',#3312,#4045,#4960,.T.);
#4960 = LINE('',#4961,#4962);
#4961 = CARTESIAN_POINT('',(185.4,-106.15,-4.6E-02));
#4962 = VECTOR('',#4963,1.);
#4963 = DIRECTION('',(0.,0.,1.));
#4964 = ORIENTED_EDGE('',*,*,#3309,.F.);
#4965 = CYLINDRICAL_SURFACE('',#4966,0.75);
#4966 = AXIS2_PLACEMENT_3D('',#4967,#4968,#4969);
#4967 = CARTESIAN_POINT('',(185.4,-105.4,-4.6E-02));
#4968 = DIRECTION('',(-0.,-0.,-1.));
#4969 = DIRECTION('',(-0.,-1.,0.));
#4970 = ADVANCED_FACE('',(#4971),#4982,.T.);
#4971 = FACE_BOUND('',#4972,.T.);
#4972 = EDGE_LOOP('',(#4973,#4974,#4975,#4976));
#4973 = ORIENTED_EDGE('',*,*,#3337,.T.);
#4974 = ORIENTED_EDGE('',*,*,#4952,.T.);
#4975 = ORIENTED_EDGE('',*,*,#4070,.F.);
#4976 = ORIENTED_EDGE('',*,*,#4977,.F.);
#4977 = EDGE_CURVE('',#3329,#4062,#4978,.T.);
#4978 = LINE('',#4979,#4980);
#4979 = CARTESIAN_POINT('',(184.1,-104.65,-4.6E-02));
#4980 = VECTOR('',#4981,1.);
#4981 = DIRECTION('',(0.,0.,1.));
#4982 = PLANE('',#4983);
#4983 = AXIS2_PLACEMENT_3D('',#4984,#4985,#4986);
#4984 = CARTESIAN_POINT('',(185.4,-104.65,-4.6E-02));
#4985 = DIRECTION('',(0.,-1.,0.));
#4986 = DIRECTION('',(-1.,0.,0.));
#4987 = ADVANCED_FACE('',(#4988),#4999,.F.);
#4988 = FACE_BOUND('',#4989,.F.);
#4989 = EDGE_LOOP('',(#4990,#4996,#4997,#4998));
#4990 = ORIENTED_EDGE('',*,*,#4991,.T.);
#4991 = EDGE_CURVE('',#3321,#4054,#4992,.T.);
#4992 = LINE('',#4993,#4994);
#4993 = CARTESIAN_POINT('',(184.1,-106.15,-4.6E-02));
#4994 = VECTOR('',#4995,1.);
#4995 = DIRECTION('',(0.,0.,1.));
#4996 = ORIENTED_EDGE('',*,*,#4061,.T.);
#4997 = ORIENTED_EDGE('',*,*,#4977,.F.);
#4998 = ORIENTED_EDGE('',*,*,#3328,.F.);
#4999 = CYLINDRICAL_SURFACE('',#5000,0.75);
#5000 = AXIS2_PLACEMENT_3D('',#5001,#5002,#5003);
#5001 = CARTESIAN_POINT('',(184.1,-105.4,-4.6E-02));
#5002 = DIRECTION('',(-0.,0.,-1.));
#5003 = DIRECTION('',(0.,1.,0.));
#5004 = ADVANCED_FACE('',(#5005),#5011,.T.);
#5005 = FACE_BOUND('',#5006,.T.);
#5006 = EDGE_LOOP('',(#5007,#5008,#5009,#5010));
#5007 = ORIENTED_EDGE('',*,*,#3320,.T.);
#5008 = ORIENTED_EDGE('',*,*,#4991,.T.);
#5009 = ORIENTED_EDGE('',*,*,#4053,.F.);
#5010 = ORIENTED_EDGE('',*,*,#4959,.F.);
#5011 = PLANE('',#5012);
#5012 = AXIS2_PLACEMENT_3D('',#5013,#5014,#5015);
#5013 = CARTESIAN_POINT('',(184.1,-106.15,-4.6E-02));
#5014 = DIRECTION('',(0.,1.,0.));
#5015 = DIRECTION('',(1.,0.,0.));
#5016 = ADVANCED_FACE('',(#5017),#5028,.F.);
#5017 = FACE_BOUND('',#5018,.F.);
#5018 = EDGE_LOOP('',(#5019,#5025,#5026,#5027));
#5019 = ORIENTED_EDGE('',*,*,#5020,.T.);
#5020 = EDGE_CURVE('',#3346,#4079,#5021,.T.);
#5021 = LINE('',#5022,#5023);
#5022 = CARTESIAN_POINT('',(110.592015,-100.9855,-4.6E-02));
#5023 = VECTOR('',#5024,1.);
#5024 = DIRECTION('',(0.,0.,1.));
#5025 = ORIENTED_EDGE('',*,*,#4078,.T.);
#5026 = ORIENTED_EDGE('',*,*,#5020,.F.);
#5027 = ORIENTED_EDGE('',*,*,#3345,.F.);
#5028 = CYLINDRICAL_SURFACE('',#5029,0.5);
#5029 = AXIS2_PLACEMENT_3D('',#5030,#5031,#5032);
#5030 = CARTESIAN_POINT('',(110.592015,-100.4855,-4.6E-02));
#5031 = DIRECTION('',(-0.,-0.,-1.));
#5032 = DIRECTION('',(-0.,-1.,0.));
#5033 = ADVANCED_FACE('',(#5034),#5045,.F.);
#5034 = FACE_BOUND('',#5035,.F.);
#5035 = EDGE_LOOP('',(#5036,#5042,#5043,#5044));
#5036 = ORIENTED_EDGE('',*,*,#5037,.T.);
#5037 = EDGE_CURVE('',#3357,#4090,#5038,.T.);
#5038 = LINE('',#5039,#5040);
#5039 = CARTESIAN_POINT('',(113.132015,-100.9855,-4.6E-02));
#5040 = VECTOR('',#5041,1.);
#5041 = DIRECTION('',(0.,0.,1.));
#5042 = ORIENTED_EDGE('',*,*,#4089,.T.);
#5043 = ORIENTED_EDGE('',*,*,#5037,.F.);
#5044 = ORIENTED_EDGE('',*,*,#3356,.F.);
#5045 = CYLINDRICAL_SURFACE('',#5046,0.5);
#5046 = AXIS2_PLACEMENT_3D('',#5047,#5048,#5049);
#5047 = CARTESIAN_POINT('',(113.132015,-100.4855,-4.6E-02));
#5048 = DIRECTION('',(-0.,-0.,-1.));
#5049 = DIRECTION('',(-0.,-1.,0.));
#5050 = ADVANCED_FACE('',(#5051),#5062,.F.);
#5051 = FACE_BOUND('',#5052,.F.);
#5052 = EDGE_LOOP('',(#5053,#5059,#5060,#5061));
#5053 = ORIENTED_EDGE('',*,*,#5054,.T.);
#5054 = EDGE_CURVE('',#3368,#4101,#5055,.T.);
#5055 = LINE('',#5056,#5057);
#5056 = CARTESIAN_POINT('',(115.672015,-100.9855,-4.6E-02));
#5057 = VECTOR('',#5058,1.);
#5058 = DIRECTION('',(0.,0.,1.));
#5059 = ORIENTED_EDGE('',*,*,#4100,.T.);
#5060 = ORIENTED_EDGE('',*,*,#5054,.F.);
#5061 = ORIENTED_EDGE('',*,*,#3367,.F.);
#5062 = CYLINDRICAL_SURFACE('',#5063,0.5);
#5063 = AXIS2_PLACEMENT_3D('',#5064,#5065,#5066);
#5064 = CARTESIAN_POINT('',(115.672015,-100.4855,-4.6E-02));
#5065 = DIRECTION('',(-0.,-0.,-1.));
#5066 = DIRECTION('',(-0.,-1.,0.));
#5067 = ADVANCED_FACE('',(#5068),#5079,.F.);
#5068 = FACE_BOUND('',#5069,.F.);
#5069 = EDGE_LOOP('',(#5070,#5076,#5077,#5078));
#5070 = ORIENTED_EDGE('',*,*,#5071,.T.);
#5071 = EDGE_CURVE('',#3379,#4112,#5072,.T.);
#5072 = LINE('',#5073,#5074);
#5073 = CARTESIAN_POINT('',(118.212015,-100.9855,-4.6E-02));
#5074 = VECTOR('',#5075,1.);
#5075 = DIRECTION('',(0.,0.,1.));
#5076 = ORIENTED_EDGE('',*,*,#4111,.T.);
#5077 = ORIENTED_EDGE('',*,*,#5071,.F.);
#5078 = ORIENTED_EDGE('',*,*,#3378,.F.);
#5079 = CYLINDRICAL_SURFACE('',#5080,0.5);
#5080 = AXIS2_PLACEMENT_3D('',#5081,#5082,#5083);
#5081 = CARTESIAN_POINT('',(118.212015,-100.4855,-4.6E-02));
#5082 = DIRECTION('',(-0.,-0.,-1.));
#5083 = DIRECTION('',(-0.,-1.,0.));
#5084 = ADVANCED_FACE('',(#5085),#5096,.F.);
#5085 = FACE_BOUND('',#5086,.F.);
#5086 = EDGE_LOOP('',(#5087,#5093,#5094,#5095));
#5087 = ORIENTED_EDGE('',*,*,#5088,.T.);
#5088 = EDGE_CURVE('',#3390,#4123,#5089,.T.);
#5089 = LINE('',#5090,#5091);
#5090 = CARTESIAN_POINT('',(120.752015,-100.9855,-4.6E-02));
#5091 = VECTOR('',#5092,1.);
#5092 = DIRECTION('',(0.,0.,1.));
#5093 = ORIENTED_EDGE('',*,*,#4122,.T.);
#5094 = ORIENTED_EDGE('',*,*,#5088,.F.);
#5095 = ORIENTED_EDGE('',*,*,#3389,.F.);
#5096 = CYLINDRICAL_SURFACE('',#5097,0.5);
#5097 = AXIS2_PLACEMENT_3D('',#5098,#5099,#5100);
#5098 = CARTESIAN_POINT('',(120.752015,-100.4855,-4.6E-02));
#5099 = DIRECTION('',(-0.,-0.,-1.));
#5100 = DIRECTION('',(-0.,-1.,0.));
#5101 = ADVANCED_FACE('',(#5102),#5113,.F.);
#5102 = FACE_BOUND('',#5103,.F.);
#5103 = EDGE_LOOP('',(#5104,#5110,#5111,#5112));
#5104 = ORIENTED_EDGE('',*,*,#5105,.T.);
#5105 = EDGE_CURVE('',#3401,#4134,#5106,.T.);
#5106 = LINE('',#5107,#5108);
#5107 = CARTESIAN_POINT('',(123.292015,-100.9855,-4.6E-02));
#5108 = VECTOR('',#5109,1.);
#5109 = DIRECTION('',(0.,0.,1.));
#5110 = ORIENTED_EDGE('',*,*,#4133,.T.);
#5111 = ORIENTED_EDGE('',*,*,#5105,.F.);
#5112 = ORIENTED_EDGE('',*,*,#3400,.F.);
#5113 = CYLINDRICAL_SURFACE('',#5114,0.5);
#5114 = AXIS2_PLACEMENT_3D('',#5115,#5116,#5117);
#5115 = CARTESIAN_POINT('',(123.292015,-100.4855,-4.6E-02));
#5116 = DIRECTION('',(-0.,-0.,-1.));
#5117 = DIRECTION('',(-0.,-1.,0.));
#5118 = ADVANCED_FACE('',(#5119),#5130,.F.);
#5119 = FACE_BOUND('',#5120,.F.);
#5120 = EDGE_LOOP('',(#5121,#5127,#5128,#5129));
#5121 = ORIENTED_EDGE('',*,*,#5122,.T.);
#5122 = EDGE_CURVE('',#3412,#4145,#5123,.T.);
#5123 = LINE('',#5124,#5125);
#5124 = CARTESIAN_POINT('',(125.832015,-100.9855,-4.6E-02));
#5125 = VECTOR('',#5126,1.);
#5126 = DIRECTION('',(0.,0.,1.));
#5127 = ORIENTED_EDGE('',*,*,#4144,.T.);
#5128 = ORIENTED_EDGE('',*,*,#5122,.F.);
#5129 = ORIENTED_EDGE('',*,*,#3411,.F.);
#5130 = CYLINDRICAL_SURFACE('',#5131,0.5);
#5131 = AXIS2_PLACEMENT_3D('',#5132,#5133,#5134);
#5132 = CARTESIAN_POINT('',(125.832015,-100.4855,-4.6E-02));
#5133 = DIRECTION('',(-0.,-0.,-1.));
#5134 = DIRECTION('',(-0.,-1.,0.));
#5135 = ADVANCED_FACE('',(#5136),#5147,.F.);
#5136 = FACE_BOUND('',#5137,.F.);
#5137 = EDGE_LOOP('',(#5138,#5144,#5145,#5146));
#5138 = ORIENTED_EDGE('',*,*,#5139,.T.);
#5139 = EDGE_CURVE('',#3423,#4156,#5140,.T.);
#5140 = LINE('',#5141,#5142);
#5141 = CARTESIAN_POINT('',(118.,-88.6,-4.6E-02));
#5142 = VECTOR('',#5143,1.);
#5143 = DIRECTION('',(0.,0.,1.));
#5144 = ORIENTED_EDGE('',*,*,#4155,.T.);
#5145 = ORIENTED_EDGE('',*,*,#5139,.F.);
#5146 = ORIENTED_EDGE('',*,*,#3422,.F.);
#5147 = CYLINDRICAL_SURFACE('',#5148,1.6);
#5148 = AXIS2_PLACEMENT_3D('',#5149,#5150,#5151);
#5149 = CARTESIAN_POINT('',(118.,-87.,-4.6E-02));
#5150 = DIRECTION('',(-0.,-0.,-1.));
#5151 = DIRECTION('',(-0.,-1.,0.));
#5152 = ADVANCED_FACE('',(#5153),#5164,.F.);
#5153 = FACE_BOUND('',#5154,.F.);
#5154 = EDGE_LOOP('',(#5155,#5161,#5162,#5163));
#5155 = ORIENTED_EDGE('',*,*,#5156,.T.);
#5156 = EDGE_CURVE('',#3434,#4167,#5157,.T.);
#5157 = LINE('',#5158,#5159);
#5158 = CARTESIAN_POINT('',(111.5,-79.,-4.6E-02));
#5159 = VECTOR('',#5160,1.);
#5160 = DIRECTION('',(0.,0.,1.));
#5161 = ORIENTED_EDGE('',*,*,#4166,.T.);
#5162 = ORIENTED_EDGE('',*,*,#5156,.F.);
#5163 = ORIENTED_EDGE('',*,*,#3433,.F.);
#5164 = CYLINDRICAL_SURFACE('',#5165,0.5);
#5165 = AXIS2_PLACEMENT_3D('',#5166,#5167,#5168);
#5166 = CARTESIAN_POINT('',(111.5,-78.5,-4.6E-02));
#5167 = DIRECTION('',(-0.,-0.,-1.));
#5168 = DIRECTION('',(-0.,-1.,0.));
#5169 = ADVANCED_FACE('',(#5170),#5181,.F.);
#5170 = FACE_BOUND('',#5171,.F.);
#5171 = EDGE_LOOP('',(#5172,#5178,#5179,#5180));
#5172 = ORIENTED_EDGE('',*,*,#5173,.T.);
#5173 = EDGE_CURVE('',#3445,#4178,#5174,.T.);
#5174 = LINE('',#5175,#5176);
#5175 = CARTESIAN_POINT('',(114.04,-79.,-4.6E-02));
#5176 = VECTOR('',#5177,1.);
#5177 = DIRECTION('',(0.,0.,1.));
#5178 = ORIENTED_EDGE('',*,*,#4177,.T.);
#5179 = ORIENTED_EDGE('',*,*,#5173,.F.);
#5180 = ORIENTED_EDGE('',*,*,#3444,.F.);
#5181 = CYLINDRICAL_SURFACE('',#5182,0.5);
#5182 = AXIS2_PLACEMENT_3D('',#5183,#5184,#5185);
#5183 = CARTESIAN_POINT('',(114.04,-78.5,-4.6E-02));
#5184 = DIRECTION('',(-0.,-0.,-1.));
#5185 = DIRECTION('',(-0.,-1.,0.));
#5186 = ADVANCED_FACE('',(#5187),#5198,.F.);
#5187 = FACE_BOUND('',#5188,.F.);
#5188 = EDGE_LOOP('',(#5189,#5195,#5196,#5197));
#5189 = ORIENTED_EDGE('',*,*,#5190,.T.);
#5190 = EDGE_CURVE('',#3456,#4189,#5191,.T.);
#5191 = LINE('',#5192,#5193);
#5192 = CARTESIAN_POINT('',(116.58,-79.,-4.6E-02));
#5193 = VECTOR('',#5194,1.);
#5194 = DIRECTION('',(0.,0.,1.));
#5195 = ORIENTED_EDGE('',*,*,#4188,.T.);
#5196 = ORIENTED_EDGE('',*,*,#5190,.F.);
#5197 = ORIENTED_EDGE('',*,*,#3455,.F.);
#5198 = CYLINDRICAL_SURFACE('',#5199,0.5);
#5199 = AXIS2_PLACEMENT_3D('',#5200,#5201,#5202);
#5200 = CARTESIAN_POINT('',(116.58,-78.5,-4.6E-02));
#5201 = DIRECTION('',(-0.,-0.,-1.));
#5202 = DIRECTION('',(-0.,-1.,0.));
#5203 = ADVANCED_FACE('',(#5204),#5215,.F.);
#5204 = FACE_BOUND('',#5205,.F.);
#5205 = EDGE_LOOP('',(#5206,#5212,#5213,#5214));
#5206 = ORIENTED_EDGE('',*,*,#5207,.T.);
#5207 = EDGE_CURVE('',#3467,#4200,#5208,.T.);
#5208 = LINE('',#5209,#5210);
#5209 = CARTESIAN_POINT('',(119.12,-79.,-4.6E-02));
#5210 = VECTOR('',#5211,1.);
#5211 = DIRECTION('',(0.,0.,1.));
#5212 = ORIENTED_EDGE('',*,*,#4199,.T.);
#5213 = ORIENTED_EDGE('',*,*,#5207,.F.);
#5214 = ORIENTED_EDGE('',*,*,#3466,.F.);
#5215 = CYLINDRICAL_SURFACE('',#5216,0.5);
#5216 = AXIS2_PLACEMENT_3D('',#5217,#5218,#5219);
#5217 = CARTESIAN_POINT('',(119.12,-78.5,-4.6E-02));
#5218 = DIRECTION('',(-0.,-0.,-1.));
#5219 = DIRECTION('',(-0.,-1.,0.));
#5220 = ADVANCED_FACE('',(#5221),#5232,.F.);
#5221 = FACE_BOUND('',#5222,.F.);
#5222 = EDGE_LOOP('',(#5223,#5229,#5230,#5231));
#5223 = ORIENTED_EDGE('',*,*,#5224,.T.);
#5224 = EDGE_CURVE('',#3478,#4211,#5225,.T.);
#5225 = LINE('',#5226,#5227);
#5226 = CARTESIAN_POINT('',(136.42,-89.35,-4.6E-02));
#5227 = VECTOR('',#5228,1.);
#5228 = DIRECTION('',(0.,0.,1.));
#5229 = ORIENTED_EDGE('',*,*,#4210,.T.);
#5230 = ORIENTED_EDGE('',*,*,#5224,.F.);
#5231 = ORIENTED_EDGE('',*,*,#3477,.F.);
#5232 = CYLINDRICAL_SURFACE('',#5233,0.85);
#5233 = AXIS2_PLACEMENT_3D('',#5234,#5235,#5236);
#5234 = CARTESIAN_POINT('',(136.42,-88.5,-4.6E-02));
#5235 = DIRECTION('',(-0.,-0.,-1.));
#5236 = DIRECTION('',(-3.343730521224E-14,-1.,0.));
#5237 = ADVANCED_FACE('',(#5238),#5249,.F.);
#5238 = FACE_BOUND('',#5239,.F.);
#5239 = EDGE_LOOP('',(#5240,#5246,#5247,#5248));
#5240 = ORIENTED_EDGE('',*,*,#5241,.T.);
#5241 = EDGE_CURVE('',#3489,#4222,#5242,.T.);
#5242 = LINE('',#5243,#5244);
#5243 = CARTESIAN_POINT('',(137.69,-86.71,-4.6E-02));
#5244 = VECTOR('',#5245,1.);
#5245 = DIRECTION('',(0.,0.,1.));
#5246 = ORIENTED_EDGE('',*,*,#4221,.T.);
#5247 = ORIENTED_EDGE('',*,*,#5241,.F.);
#5248 = ORIENTED_EDGE('',*,*,#3488,.F.);
#5249 = CYLINDRICAL_SURFACE('',#5250,0.75);
#5250 = AXIS2_PLACEMENT_3D('',#5251,#5252,#5253);
#5251 = CARTESIAN_POINT('',(137.69,-85.96,-4.6E-02));
#5252 = DIRECTION('',(-0.,-0.,-1.));
#5253 = DIRECTION('',(-0.,-1.,0.));
#5254 = ADVANCED_FACE('',(#5255),#5266,.F.);
#5255 = FACE_BOUND('',#5256,.F.);
#5256 = EDGE_LOOP('',(#5257,#5263,#5264,#5265));
#5257 = ORIENTED_EDGE('',*,*,#5258,.T.);
#5258 = EDGE_CURVE('',#3500,#4233,#5259,.T.);
#5259 = LINE('',#5260,#5261);
#5260 = CARTESIAN_POINT('',(141.5,-90.5,-4.6E-02));
#5261 = VECTOR('',#5262,1.);
#5262 = DIRECTION('',(0.,0.,1.));
#5263 = ORIENTED_EDGE('',*,*,#4232,.T.);
#5264 = ORIENTED_EDGE('',*,*,#5258,.F.);
#5265 = ORIENTED_EDGE('',*,*,#3499,.F.);
#5266 = CYLINDRICAL_SURFACE('',#5267,2.);
#5267 = AXIS2_PLACEMENT_3D('',#5268,#5269,#5270);
#5268 = CARTESIAN_POINT('',(141.5,-88.5,-4.6E-02));
#5269 = DIRECTION('',(-0.,-0.,-1.));
#5270 = DIRECTION('',(-0.,-1.,0.));
#5271 = ADVANCED_FACE('',(#5272),#5283,.F.);
#5272 = FACE_BOUND('',#5273,.F.);
#5273 = EDGE_LOOP('',(#5274,#5280,#5281,#5282));
#5274 = ORIENTED_EDGE('',*,*,#5275,.T.);
#5275 = EDGE_CURVE('',#3511,#4244,#5276,.T.);
#5276 = LINE('',#5277,#5278);
#5277 = CARTESIAN_POINT('',(146.58,-89.35,-4.6E-02));
#5278 = VECTOR('',#5279,1.);
#5279 = DIRECTION('',(0.,0.,1.));
#5280 = ORIENTED_EDGE('',*,*,#4243,.T.);
#5281 = ORIENTED_EDGE('',*,*,#5275,.F.);
#5282 = ORIENTED_EDGE('',*,*,#3510,.F.);
#5283 = CYLINDRICAL_SURFACE('',#5284,0.85);
#5284 = AXIS2_PLACEMENT_3D('',#5285,#5286,#5287);
#5285 = CARTESIAN_POINT('',(146.58,-88.5,-4.6E-02));
#5286 = DIRECTION('',(-0.,0.,-1.));
#5287 = DIRECTION('',(3.343730521224E-14,-1.,-0.));
#5288 = ADVANCED_FACE('',(#5289),#5300,.F.);
#5289 = FACE_BOUND('',#5290,.F.);
#5290 = EDGE_LOOP('',(#5291,#5297,#5298,#5299));
#5291 = ORIENTED_EDGE('',*,*,#5292,.T.);
#5292 = EDGE_CURVE('',#3522,#4255,#5293,.T.);
#5293 = LINE('',#5294,#5295);
#5294 = CARTESIAN_POINT('',(144.04,-84.17,-4.6E-02));
#5295 = VECTOR('',#5296,1.);
#5296 = DIRECTION('',(0.,0.,1.));
#5297 = ORIENTED_EDGE('',*,*,#4254,.T.);
#5298 = ORIENTED_EDGE('',*,*,#5292,.F.);
#5299 = ORIENTED_EDGE('',*,*,#3521,.F.);
#5300 = CYLINDRICAL_SURFACE('',#5301,0.75);
#5301 = AXIS2_PLACEMENT_3D('',#5302,#5303,#5304);
#5302 = CARTESIAN_POINT('',(144.04,-83.42,-4.6E-02));
#5303 = DIRECTION('',(-0.,-0.,-1.));
#5304 = DIRECTION('',(-0.,-1.,0.));
#5305 = ADVANCED_FACE('',(#5306),#5322,.F.);
#5306 = FACE_BOUND('',#5307,.F.);
#5307 = EDGE_LOOP('',(#5308,#5314,#5315,#5321));
#5308 = ORIENTED_EDGE('',*,*,#5309,.T.);
#5309 = EDGE_CURVE('',#3533,#4266,#5310,.T.);
#5310 = LINE('',#5311,#5312);
#5311 = CARTESIAN_POINT('',(185.4,-95.85,-4.6E-02));
#5312 = VECTOR('',#5313,1.);
#5313 = DIRECTION('',(0.,0.,1.));
#5314 = ORIENTED_EDGE('',*,*,#4265,.T.);
#5315 = ORIENTED_EDGE('',*,*,#5316,.F.);
#5316 = EDGE_CURVE('',#3535,#4268,#5317,.T.);
#5317 = LINE('',#5318,#5319);
#5318 = CARTESIAN_POINT('',(185.4,-97.35,-4.6E-02));
#5319 = VECTOR('',#5320,1.);
#5320 = DIRECTION('',(0.,0.,1.));
#5321 = ORIENTED_EDGE('',*,*,#3532,.F.);
#5322 = CYLINDRICAL_SURFACE('',#5323,0.75);
#5323 = AXIS2_PLACEMENT_3D('',#5324,#5325,#5326);
#5324 = CARTESIAN_POINT('',(185.4,-96.6,-4.6E-02));
#5325 = DIRECTION('',(-0.,-0.,-1.));
#5326 = DIRECTION('',(-0.,-1.,0.));
#5327 = ADVANCED_FACE('',(#5328),#5339,.T.);
#5328 = FACE_BOUND('',#5329,.T.);
#5329 = EDGE_LOOP('',(#5330,#5331,#5332,#5333));
#5330 = ORIENTED_EDGE('',*,*,#3560,.T.);
#5331 = ORIENTED_EDGE('',*,*,#5309,.T.);
#5332 = ORIENTED_EDGE('',*,*,#4293,.F.);
#5333 = ORIENTED_EDGE('',*,*,#5334,.F.);
#5334 = EDGE_CURVE('',#3552,#4285,#5335,.T.);
#5335 = LINE('',#5336,#5337);
#5336 = CARTESIAN_POINT('',(184.1,-95.85,-4.6E-02));
#5337 = VECTOR('',#5338,1.);
#5338 = DIRECTION('',(0.,0.,1.));
#5339 = PLANE('',#5340);
#5340 = AXIS2_PLACEMENT_3D('',#5341,#5342,#5343);
#5341 = CARTESIAN_POINT('',(185.4,-95.85,-4.6E-02));
#5342 = DIRECTION('',(0.,-1.,0.));
#5343 = DIRECTION('',(-1.,0.,0.));
#5344 = ADVANCED_FACE('',(#5345),#5356,.F.);
#5345 = FACE_BOUND('',#5346,.F.);
#5346 = EDGE_LOOP('',(#5347,#5353,#5354,#5355));
#5347 = ORIENTED_EDGE('',*,*,#5348,.T.);
#5348 = EDGE_CURVE('',#3544,#4277,#5349,.T.);
#5349 = LINE('',#5350,#5351);
#5350 = CARTESIAN_POINT('',(184.1,-97.35,-4.6E-02));
#5351 = VECTOR('',#5352,1.);
#5352 = DIRECTION('',(0.,0.,1.));
#5353 = ORIENTED_EDGE('',*,*,#4284,.T.);
#5354 = ORIENTED_EDGE('',*,*,#5334,.F.);
#5355 = ORIENTED_EDGE('',*,*,#3551,.F.);
#5356 = CYLINDRICAL_SURFACE('',#5357,0.75);
#5357 = AXIS2_PLACEMENT_3D('',#5358,#5359,#5360);
#5358 = CARTESIAN_POINT('',(184.1,-96.6,-4.6E-02));
#5359 = DIRECTION('',(-0.,0.,-1.));
#5360 = DIRECTION('',(0.,1.,0.));
#5361 = ADVANCED_FACE('',(#5362),#5368,.T.);
#5362 = FACE_BOUND('',#5363,.T.);
#5363 = EDGE_LOOP('',(#5364,#5365,#5366,#5367));
#5364 = ORIENTED_EDGE('',*,*,#3543,.T.);
#5365 = ORIENTED_EDGE('',*,*,#5348,.T.);
#5366 = ORIENTED_EDGE('',*,*,#4276,.F.);
#5367 = ORIENTED_EDGE('',*,*,#5316,.F.);
#5368 = PLANE('',#5369);
#5369 = AXIS2_PLACEMENT_3D('',#5370,#5371,#5372);
#5370 = CARTESIAN_POINT('',(184.1,-97.35,-4.6E-02));
#5371 = DIRECTION('',(0.,1.,0.));
#5372 = DIRECTION('',(1.,0.,0.));
#5373 = ADVANCED_FACE('',(#5374),#5385,.F.);
#5374 = FACE_BOUND('',#5375,.F.);
#5375 = EDGE_LOOP('',(#5376,#5382,#5383,#5384));
#5376 = ORIENTED_EDGE('',*,*,#5377,.T.);
#5377 = EDGE_CURVE('',#3569,#4302,#5378,.T.);
#5378 = LINE('',#5379,#5380);
#5379 = CARTESIAN_POINT('',(177.25,-94.,-4.6E-02));
#5380 = VECTOR('',#5381,1.);
#5381 = DIRECTION('',(0.,0.,1.));
#5382 = ORIENTED_EDGE('',*,*,#4301,.T.);
#5383 = ORIENTED_EDGE('',*,*,#5377,.F.);
#5384 = ORIENTED_EDGE('',*,*,#3568,.F.);
#5385 = CYLINDRICAL_SURFACE('',#5386,0.5);
#5386 = AXIS2_PLACEMENT_3D('',#5387,#5388,#5389);
#5387 = CARTESIAN_POINT('',(177.25,-93.5,-4.6E-02));
#5388 = DIRECTION('',(-0.,-0.,-1.));
#5389 = DIRECTION('',(-0.,-1.,0.));
#5390 = ADVANCED_FACE('',(#5391),#5402,.F.);
#5391 = FACE_BOUND('',#5392,.F.);
#5392 = EDGE_LOOP('',(#5393,#5399,#5400,#5401));
#5393 = ORIENTED_EDGE('',*,*,#5394,.T.);
#5394 = EDGE_CURVE('',#3580,#4313,#5395,.T.);
#5395 = LINE('',#5396,#5397);
#5396 = CARTESIAN_POINT('',(177.25,-91.5,-4.6E-02));
#5397 = VECTOR('',#5398,1.);
#5398 = DIRECTION('',(0.,0.,1.));
#5399 = ORIENTED_EDGE('',*,*,#4312,.T.);
#5400 = ORIENTED_EDGE('',*,*,#5394,.F.);
#5401 = ORIENTED_EDGE('',*,*,#3579,.F.);
#5402 = CYLINDRICAL_SURFACE('',#5403,0.5);
#5403 = AXIS2_PLACEMENT_3D('',#5404,#5405,#5406);
#5404 = CARTESIAN_POINT('',(177.25,-91.,-4.6E-02));
#5405 = DIRECTION('',(-0.,-0.,-1.));
#5406 = DIRECTION('',(-0.,-1.,0.));
#5407 = ADVANCED_FACE('',(#5408),#5419,.F.);
#5408 = FACE_BOUND('',#5409,.F.);
#5409 = EDGE_LOOP('',(#5410,#5416,#5417,#5418));
#5410 = ORIENTED_EDGE('',*,*,#5411,.T.);
#5411 = EDGE_CURVE('',#3591,#4324,#5412,.T.);
#5412 = LINE('',#5413,#5414);
#5413 = CARTESIAN_POINT('',(191.75,-94.,-4.6E-02));
#5414 = VECTOR('',#5415,1.);
#5415 = DIRECTION('',(0.,0.,1.));
#5416 = ORIENTED_EDGE('',*,*,#4323,.T.);
#5417 = ORIENTED_EDGE('',*,*,#5411,.F.);
#5418 = ORIENTED_EDGE('',*,*,#3590,.F.);
#5419 = CYLINDRICAL_SURFACE('',#5420,0.5);
#5420 = AXIS2_PLACEMENT_3D('',#5421,#5422,#5423);
#5421 = CARTESIAN_POINT('',(191.75,-93.5,-4.6E-02));
#5422 = DIRECTION('',(-0.,-0.,-1.));
#5423 = DIRECTION('',(-0.,-1.,0.));
#5424 = ADVANCED_FACE('',(#5425),#5436,.F.);
#5425 = FACE_BOUND('',#5426,.F.);
#5426 = EDGE_LOOP('',(#5427,#5433,#5434,#5435));
#5427 = ORIENTED_EDGE('',*,*,#5428,.T.);
#5428 = EDGE_CURVE('',#3602,#4335,#5429,.T.);
#5429 = LINE('',#5430,#5431);
#5430 = CARTESIAN_POINT('',(157.42,-89.35,-4.6E-02));
#5431 = VECTOR('',#5432,1.);
#5432 = DIRECTION('',(0.,0.,1.));
#5433 = ORIENTED_EDGE('',*,*,#4334,.T.);
#5434 = ORIENTED_EDGE('',*,*,#5428,.F.);
#5435 = ORIENTED_EDGE('',*,*,#3601,.F.);
#5436 = CYLINDRICAL_SURFACE('',#5437,0.85);
#5437 = AXIS2_PLACEMENT_3D('',#5438,#5439,#5440);
#5438 = CARTESIAN_POINT('',(157.42,-88.5,-4.6E-02));
#5439 = DIRECTION('',(-0.,-0.,-1.));
#5440 = DIRECTION('',(-3.343730521224E-14,-1.,0.));
#5441 = ADVANCED_FACE('',(#5442),#5453,.F.);
#5442 = FACE_BOUND('',#5443,.F.);
#5443 = EDGE_LOOP('',(#5444,#5450,#5451,#5452));
#5444 = ORIENTED_EDGE('',*,*,#5445,.T.);
#5445 = EDGE_CURVE('',#3613,#4346,#5446,.T.);
#5446 = LINE('',#5447,#5448);
#5447 = CARTESIAN_POINT('',(158.69,-86.71,-4.6E-02));
#5448 = VECTOR('',#5449,1.);
#5449 = DIRECTION('',(0.,0.,1.));
#5450 = ORIENTED_EDGE('',*,*,#4345,.T.);
#5451 = ORIENTED_EDGE('',*,*,#5445,.F.);
#5452 = ORIENTED_EDGE('',*,*,#3612,.F.);
#5453 = CYLINDRICAL_SURFACE('',#5454,0.75);
#5454 = AXIS2_PLACEMENT_3D('',#5455,#5456,#5457);
#5455 = CARTESIAN_POINT('',(158.69,-85.96,-4.6E-02));
#5456 = DIRECTION('',(-0.,-0.,-1.));
#5457 = DIRECTION('',(-0.,-1.,0.));
#5458 = ADVANCED_FACE('',(#5459),#5470,.F.);
#5459 = FACE_BOUND('',#5460,.F.);
#5460 = EDGE_LOOP('',(#5461,#5467,#5468,#5469));
#5461 = ORIENTED_EDGE('',*,*,#5462,.T.);
#5462 = EDGE_CURVE('',#3624,#4357,#5463,.T.);
#5463 = LINE('',#5464,#5465);
#5464 = CARTESIAN_POINT('',(162.5,-90.5,-4.6E-02));
#5465 = VECTOR('',#5466,1.);
#5466 = DIRECTION('',(0.,0.,1.));
#5467 = ORIENTED_EDGE('',*,*,#4356,.T.);
#5468 = ORIENTED_EDGE('',*,*,#5462,.F.);
#5469 = ORIENTED_EDGE('',*,*,#3623,.F.);
#5470 = CYLINDRICAL_SURFACE('',#5471,2.);
#5471 = AXIS2_PLACEMENT_3D('',#5472,#5473,#5474);
#5472 = CARTESIAN_POINT('',(162.5,-88.5,-4.6E-02));
#5473 = DIRECTION('',(-0.,-0.,-1.));
#5474 = DIRECTION('',(-0.,-1.,0.));
#5475 = ADVANCED_FACE('',(#5476),#5487,.F.);
#5476 = FACE_BOUND('',#5477,.F.);
#5477 = EDGE_LOOP('',(#5478,#5484,#5485,#5486));
#5478 = ORIENTED_EDGE('',*,*,#5479,.T.);
#5479 = EDGE_CURVE('',#3635,#4368,#5480,.T.);
#5480 = LINE('',#5481,#5482);
#5481 = CARTESIAN_POINT('',(167.58,-89.35,-4.6E-02));
#5482 = VECTOR('',#5483,1.);
#5483 = DIRECTION('',(0.,0.,1.));
#5484 = ORIENTED_EDGE('',*,*,#4367,.T.);
#5485 = ORIENTED_EDGE('',*,*,#5479,.F.);
#5486 = ORIENTED_EDGE('',*,*,#3634,.F.);
#5487 = CYLINDRICAL_SURFACE('',#5488,0.85);
#5488 = AXIS2_PLACEMENT_3D('',#5489,#5490,#5491);
#5489 = CARTESIAN_POINT('',(167.58,-88.5,-4.6E-02));
#5490 = DIRECTION('',(-0.,0.,-1.));
#5491 = DIRECTION('',(3.343730521224E-14,-1.,-0.));
#5492 = ADVANCED_FACE('',(#5493),#5504,.F.);
#5493 = FACE_BOUND('',#5494,.F.);
#5494 = EDGE_LOOP('',(#5495,#5501,#5502,#5503));
#5495 = ORIENTED_EDGE('',*,*,#5496,.T.);
#5496 = EDGE_CURVE('',#3646,#4379,#5497,.T.);
#5497 = LINE('',#5498,#5499);
#5498 = CARTESIAN_POINT('',(165.04,-84.17,-4.6E-02));
#5499 = VECTOR('',#5500,1.);
#5500 = DIRECTION('',(0.,0.,1.));
#5501 = ORIENTED_EDGE('',*,*,#4378,.T.);
#5502 = ORIENTED_EDGE('',*,*,#5496,.F.);
#5503 = ORIENTED_EDGE('',*,*,#3645,.F.);
#5504 = CYLINDRICAL_SURFACE('',#5505,0.75);
#5505 = AXIS2_PLACEMENT_3D('',#5506,#5507,#5508);
#5506 = CARTESIAN_POINT('',(165.04,-83.42,-4.6E-02));
#5507 = DIRECTION('',(-0.,-0.,-1.));
#5508 = DIRECTION('',(-0.,-1.,0.));
#5509 = ADVANCED_FACE('',(#5510),#5521,.F.);
#5510 = FACE_BOUND('',#5511,.F.);
#5511 = EDGE_LOOP('',(#5512,#5518,#5519,#5520));
#5512 = ORIENTED_EDGE('',*,*,#5513,.T.);
#5513 = EDGE_CURVE('',#3657,#4390,#5514,.T.);
#5514 = LINE('',#5515,#5516);
#5515 = CARTESIAN_POINT('',(177.25,-89.,-4.6E-02));
#5516 = VECTOR('',#5517,1.);
#5517 = DIRECTION('',(0.,0.,1.));
#5518 = ORIENTED_EDGE('',*,*,#4389,.T.);
#5519 = ORIENTED_EDGE('',*,*,#5513,.F.);
#5520 = ORIENTED_EDGE('',*,*,#3656,.F.);
#5521 = CYLINDRICAL_SURFACE('',#5522,0.5);
#5522 = AXIS2_PLACEMENT_3D('',#5523,#5524,#5525);
#5523 = CARTESIAN_POINT('',(177.25,-88.5,-4.6E-02));
#5524 = DIRECTION('',(-0.,-0.,-1.));
#5525 = DIRECTION('',(-0.,-1.,0.));
#5526 = ADVANCED_FACE('',(#5527),#5538,.F.);
#5527 = FACE_BOUND('',#5528,.F.);
#5528 = EDGE_LOOP('',(#5529,#5535,#5536,#5537));
#5529 = ORIENTED_EDGE('',*,*,#5530,.T.);
#5530 = EDGE_CURVE('',#3668,#4401,#5531,.T.);
#5531 = LINE('',#5532,#5533);
#5532 = CARTESIAN_POINT('',(191.75,-89.,-4.6E-02));
#5533 = VECTOR('',#5534,1.);
#5534 = DIRECTION('',(0.,0.,1.));
#5535 = ORIENTED_EDGE('',*,*,#4400,.T.);
#5536 = ORIENTED_EDGE('',*,*,#5530,.F.);
#5537 = ORIENTED_EDGE('',*,*,#3667,.F.);
#5538 = CYLINDRICAL_SURFACE('',#5539,0.5);
#5539 = AXIS2_PLACEMENT_3D('',#5540,#5541,#5542);
#5540 = CARTESIAN_POINT('',(191.75,-88.5,-4.6E-02));
#5541 = DIRECTION('',(-0.,-0.,-1.));
#5542 = DIRECTION('',(-0.,-1.,0.));
#5543 = ADVANCED_FACE('',(#5544),#5560,.F.);
#5544 = FACE_BOUND('',#5545,.F.);
#5545 = EDGE_LOOP('',(#5546,#5552,#5553,#5559));
#5546 = ORIENTED_EDGE('',*,*,#5547,.T.);
#5547 = EDGE_CURVE('',#3679,#4412,#5548,.T.);
#5548 = LINE('',#5549,#5550);
#5549 = CARTESIAN_POINT('',(185.4,-84.65,-4.6E-02));
#5550 = VECTOR('',#5551,1.);
#5551 = DIRECTION('',(0.,0.,1.));
#5552 = ORIENTED_EDGE('',*,*,#4411,.T.);
#5553 = ORIENTED_EDGE('',*,*,#5554,.F.);
#5554 = EDGE_CURVE('',#3681,#4414,#5555,.T.);
#5555 = LINE('',#5556,#5557);
#5556 = CARTESIAN_POINT('',(185.4,-86.15,-4.6E-02));
#5557 = VECTOR('',#5558,1.);
#5558 = DIRECTION('',(0.,0.,1.));
#5559 = ORIENTED_EDGE('',*,*,#3678,.F.);
#5560 = CYLINDRICAL_SURFACE('',#5561,0.75);
#5561 = AXIS2_PLACEMENT_3D('',#5562,#5563,#5564);
#5562 = CARTESIAN_POINT('',(185.4,-85.4,-4.6E-02));
#5563 = DIRECTION('',(-0.,-0.,-1.));
#5564 = DIRECTION('',(-0.,-1.,0.));
#5565 = ADVANCED_FACE('',(#5566),#5577,.T.);
#5566 = FACE_BOUND('',#5567,.T.);
#5567 = EDGE_LOOP('',(#5568,#5569,#5570,#5571));
#5568 = ORIENTED_EDGE('',*,*,#3706,.T.);
#5569 = ORIENTED_EDGE('',*,*,#5547,.T.);
#5570 = ORIENTED_EDGE('',*,*,#4439,.F.);
#5571 = ORIENTED_EDGE('',*,*,#5572,.F.);
#5572 = EDGE_CURVE('',#3698,#4431,#5573,.T.);
#5573 = LINE('',#5574,#5575);
#5574 = CARTESIAN_POINT('',(184.1,-84.65,-4.6E-02));
#5575 = VECTOR('',#5576,1.);
#5576 = DIRECTION('',(0.,0.,1.));
#5577 = PLANE('',#5578);
#5578 = AXIS2_PLACEMENT_3D('',#5579,#5580,#5581);
#5579 = CARTESIAN_POINT('',(185.4,-84.65,-4.6E-02));
#5580 = DIRECTION('',(0.,-1.,0.));
#5581 = DIRECTION('',(-1.,0.,0.));
#5582 = ADVANCED_FACE('',(#5583),#5594,.F.);
#5583 = FACE_BOUND('',#5584,.F.);
#5584 = EDGE_LOOP('',(#5585,#5591,#5592,#5593));
#5585 = ORIENTED_EDGE('',*,*,#5586,.T.);
#5586 = EDGE_CURVE('',#3690,#4423,#5587,.T.);
#5587 = LINE('',#5588,#5589);
#5588 = CARTESIAN_POINT('',(184.1,-86.15,-4.6E-02));
#5589 = VECTOR('',#5590,1.);
#5590 = DIRECTION('',(0.,0.,1.));
#5591 = ORIENTED_EDGE('',*,*,#4430,.T.);
#5592 = ORIENTED_EDGE('',*,*,#5572,.F.);
#5593 = ORIENTED_EDGE('',*,*,#3697,.F.);
#5594 = CYLINDRICAL_SURFACE('',#5595,0.75);
#5595 = AXIS2_PLACEMENT_3D('',#5596,#5597,#5598);
#5596 = CARTESIAN_POINT('',(184.1,-85.4,-4.6E-02));
#5597 = DIRECTION('',(-0.,0.,-1.));
#5598 = DIRECTION('',(0.,1.,0.));
#5599 = ADVANCED_FACE('',(#5600),#5606,.T.);
#5600 = FACE_BOUND('',#5601,.T.);
#5601 = EDGE_LOOP('',(#5602,#5603,#5604,#5605));
#5602 = ORIENTED_EDGE('',*,*,#3689,.T.);
#5603 = ORIENTED_EDGE('',*,*,#5586,.T.);
#5604 = ORIENTED_EDGE('',*,*,#4422,.F.);
#5605 = ORIENTED_EDGE('',*,*,#5554,.F.);
#5606 = PLANE('',#5607);
#5607 = AXIS2_PLACEMENT_3D('',#5608,#5609,#5610);
#5608 = CARTESIAN_POINT('',(184.1,-86.15,-4.6E-02));
#5609 = DIRECTION('',(0.,1.,0.));
#5610 = DIRECTION('',(1.,0.,0.));
#5611 = ADVANCED_FACE('',(#5612),#5623,.F.);
#5612 = FACE_BOUND('',#5613,.F.);
#5613 = EDGE_LOOP('',(#5614,#5620,#5621,#5622));
#5614 = ORIENTED_EDGE('',*,*,#5615,.T.);
#5615 = EDGE_CURVE('',#3715,#4448,#5616,.T.);
#5616 = LINE('',#5617,#5618);
#5617 = CARTESIAN_POINT('',(189.,-80.1,-4.6E-02));
#5618 = VECTOR('',#5619,1.);
#5619 = DIRECTION('',(0.,0.,1.));
#5620 = ORIENTED_EDGE('',*,*,#4447,.T.);
#5621 = ORIENTED_EDGE('',*,*,#5615,.F.);
#5622 = ORIENTED_EDGE('',*,*,#3714,.F.);
#5623 = CYLINDRICAL_SURFACE('',#5624,1.6);
#5624 = AXIS2_PLACEMENT_3D('',#5625,#5626,#5627);
#5625 = CARTESIAN_POINT('',(189.,-78.5,-4.6E-02));
#5626 = DIRECTION('',(-0.,-0.,-1.));
#5627 = DIRECTION('',(-0.,-1.,0.));
#5628 = ( GEOMETRIC_REPRESENTATION_CONTEXT(3) 
GLOBAL_UNCERTAINTY_ASSIGNED_CONTEXT((#5632)) 
GLOBAL_UNIT_ASSIGNED_CONTEXT((#5629,#5630,#5631)) REPRESENTATION_CONTEXT
('Context #1','3D Context with UNIT and UNCERTAINTY') );
#5629 = ( LENGTH_UNIT() NAMED_UNIT(*) SI_UNIT(.MILLI.,.METRE.) );
#5630 = ( NAMED_UNIT(*) PLANE_ANGLE_UNIT() SI_UNIT($,.RADIAN.) );
#5631 = ( NAMED_UNIT(*) SI_UNIT($,.STERADIAN.) SOLID_ANGLE_UNIT() );
#5632 = UNCERTAINTY_MEASURE_WITH_UNIT(LENGTH_MEASURE(1.E-07),#5629,
  'distance_accuracy_value','confusion accuracy');
#5633 = CONTEXT_DEPENDENT_SHAPE_REPRESENTATION(#5634,#5636);
#5634 = ( REPRESENTATION_RELATIONSHIP('','',#2889,#40) 
REPRESENTATION_RELATIONSHIP_WITH_TRANSFORMATION(#5635) 
SHAPE_REPRESENTATION_RELATIONSHIP() );
#5635 = ITEM_DEFINED_TRANSFORMATION('','',#11,#45);
#5636 = PRODUCT_DEFINITION_SHAPE('Placement','Placement of an item',
  #5637);
#5637 = NEXT_ASSEMBLY_USAGE_OCCURRENCE('3','astrapad_PCB','',#35,#2884,$
  );
#5638 = PRODUCT_RELATED_PRODUCT_CATEGORY('part',$,(#2886));
#5639 = SHAPE_DEFINITION_REPRESENTATION(#5640,#5646);
#5640 = PRODUCT_DEFINITION_SHAPE('','',#5641);
#5641 = PRODUCT_DEFINITION('design','',#5642,#5645);
#5642 = PRODUCT_DEFINITION_FORMATION('','',#5643);
#5643 = PRODUCT('BottomCase','BottomCase','',(#5644));
#5644 = PRODUCT_CONTEXT('',#2,'mechanical');
#5645 = PRODUCT_DEFINITION_CONTEXT('part definition',#2,'design');
#5646 = ADVANCED_BREP_SHAPE_REPRESENTATION('',(#11,#5647),#6390);
#5647 = MANIFOLD_SOLID_BREP('',#5648);
#5648 = CLOSED_SHELL('',(#5649,#5756,#5787,#5845,#5869,#5886,#5911,#5936
    ,#5967,#5991,#6015,#6066,#6091,#6103,#6125,#6142,#6159,#6171,#6180,
    #6189,#6245,#6254,#6279,#6304,#6329,#6354,#6363,#6372,#6381));
#5649 = ADVANCED_FACE('',(#5650,#5684,#5695,#5706,#5740),#5751,.T.);
#5650 = FACE_BOUND('',#5651,.T.);
#5651 = EDGE_LOOP('',(#5652,#5662,#5670,#5678));
#5652 = ORIENTED_EDGE('',*,*,#5653,.F.);
#5653 = EDGE_CURVE('',#5654,#5656,#5658,.T.);
#5654 = VERTEX_POINT('',#5655);
#5655 = CARTESIAN_POINT('',(-47.5,30.,14.));
#5656 = VERTEX_POINT('',#5657);
#5657 = CARTESIAN_POINT('',(47.5,30.,14.));
#5658 = LINE('',#5659,#5660);
#5659 = CARTESIAN_POINT('',(-47.5,30.,14.));
#5660 = VECTOR('',#5661,1.);
#5661 = DIRECTION('',(1.,0.,0.));
#5662 = ORIENTED_EDGE('',*,*,#5663,.F.);
#5663 = EDGE_CURVE('',#5664,#5654,#5666,.T.);
#5664 = VERTEX_POINT('',#5665);
#5665 = CARTESIAN_POINT('',(-47.5,-30.,14.));
#5666 = LINE('',#5667,#5668);
#5667 = CARTESIAN_POINT('',(-47.5,-30.,14.));
#5668 = VECTOR('',#5669,1.);
#5669 = DIRECTION('',(0.,1.,0.));
#5670 = ORIENTED_EDGE('',*,*,#5671,.F.);
#5671 = EDGE_CURVE('',#5672,#5664,#5674,.T.);
#5672 = VERTEX_POINT('',#5673);
#5673 = CARTESIAN_POINT('',(47.5,-30.,14.));
#5674 = LINE('',#5675,#5676);
#5675 = CARTESIAN_POINT('',(47.5,-30.,14.));
#5676 = VECTOR('',#5677,1.);
#5677 = DIRECTION('',(-1.,0.,0.));
#5678 = ORIENTED_EDGE('',*,*,#5679,.F.);
#5679 = EDGE_CURVE('',#5656,#5672,#5680,.T.);
#5680 = LINE('',#5681,#5682);
#5681 = CARTESIAN_POINT('',(47.5,30.,14.));
#5682 = VECTOR('',#5683,1.);
#5683 = DIRECTION('',(0.,-1.,0.));
#5684 = FACE_BOUND('',#5685,.T.);
#5685 = EDGE_LOOP('',(#5686));
#5686 = ORIENTED_EDGE('',*,*,#5687,.F.);
#5687 = EDGE_CURVE('',#5688,#5688,#5690,.T.);
#5688 = VERTEX_POINT('',#5689);
#5689 = CARTESIAN_POINT('',(-45.75,-29.,14.));
#5690 = CIRCLE('',#5691,0.75);
#5691 = AXIS2_PLACEMENT_3D('',#5692,#5693,#5694);
#5692 = CARTESIAN_POINT('',(-46.5,-29.,14.));
#5693 = DIRECTION('',(0.,0.,1.));
#5694 = DIRECTION('',(1.,0.,0.));
#5695 = FACE_BOUND('',#5696,.T.);
#5696 = EDGE_LOOP('',(#5697));
#5697 = ORIENTED_EDGE('',*,*,#5698,.F.);
#5698 = EDGE_CURVE('',#5699,#5699,#5701,.T.);
#5699 = VERTEX_POINT('',#5700);
#5700 = CARTESIAN_POINT('',(47.25,-29.,14.));
#5701 = CIRCLE('',#5702,0.75);
#5702 = AXIS2_PLACEMENT_3D('',#5703,#5704,#5705);
#5703 = CARTESIAN_POINT('',(46.5,-29.,14.));
#5704 = DIRECTION('',(0.,0.,1.));
#5705 = DIRECTION('',(1.,0.,0.));
#5706 = FACE_BOUND('',#5707,.T.);
#5707 = EDGE_LOOP('',(#5708,#5718,#5726,#5734));
#5708 = ORIENTED_EDGE('',*,*,#5709,.F.);
#5709 = EDGE_CURVE('',#5710,#5712,#5714,.T.);
#5710 = VERTEX_POINT('',#5711);
#5711 = CARTESIAN_POINT('',(45.5,-28.,14.));
#5712 = VERTEX_POINT('',#5713);
#5713 = CARTESIAN_POINT('',(45.5,28.,14.));
#5714 = LINE('',#5715,#5716);
#5715 = CARTESIAN_POINT('',(45.5,-28.,14.));
#5716 = VECTOR('',#5717,1.);
#5717 = DIRECTION('',(0.,1.,0.));
#5718 = ORIENTED_EDGE('',*,*,#5719,.F.);
#5719 = EDGE_CURVE('',#5720,#5710,#5722,.T.);
#5720 = VERTEX_POINT('',#5721);
#5721 = CARTESIAN_POINT('',(-45.5,-28.,14.));
#5722 = LINE('',#5723,#5724);
#5723 = CARTESIAN_POINT('',(-45.5,-28.,14.));
#5724 = VECTOR('',#5725,1.);
#5725 = DIRECTION('',(1.,0.,0.));
#5726 = ORIENTED_EDGE('',*,*,#5727,.F.);
#5727 = EDGE_CURVE('',#5728,#5720,#5730,.T.);
#5728 = VERTEX_POINT('',#5729);
#5729 = CARTESIAN_POINT('',(-45.5,28.,14.));
#5730 = LINE('',#5731,#5732);
#5731 = CARTESIAN_POINT('',(-45.5,28.,14.));
#5732 = VECTOR('',#5733,1.);
#5733 = DIRECTION('',(0.,-1.,0.));
#5734 = ORIENTED_EDGE('',*,*,#5735,.F.);
#5735 = EDGE_CURVE('',#5712,#5728,#5736,.T.);
#5736 = LINE('',#5737,#5738);
#5737 = CARTESIAN_POINT('',(45.5,28.,14.));
#5738 = VECTOR('',#5739,1.);
#5739 = DIRECTION('',(-1.,0.,0.));
#5740 = FACE_BOUND('',#5741,.T.);
#5741 = EDGE_LOOP('',(#5742));
#5742 = ORIENTED_EDGE('',*,*,#5743,.F.);
#5743 = EDGE_CURVE('',#5744,#5744,#5746,.T.);
#5744 = VERTEX_POINT('',#5745);
#5745 = CARTESIAN_POINT('',(47.25,29.,14.));
#5746 = CIRCLE('',#5747,0.75);
#5747 = AXIS2_PLACEMENT_3D('',#5748,#5749,#5750);
#5748 = CARTESIAN_POINT('',(46.5,29.,14.));
#5749 = DIRECTION('',(0.,0.,1.));
#5750 = DIRECTION('',(1.,0.,0.));
#5751 = PLANE('',#5752);
#5752 = AXIS2_PLACEMENT_3D('',#5753,#5754,#5755);
#5753 = CARTESIAN_POINT('',(0.,0.,14.));
#5754 = DIRECTION('',(0.,0.,1.));
#5755 = DIRECTION('',(1.,0.,0.));
#5756 = ADVANCED_FACE('',(#5757),#5782,.T.);
#5757 = FACE_BOUND('',#5758,.T.);
#5758 = EDGE_LOOP('',(#5759,#5767,#5775,#5781));
#5759 = ORIENTED_EDGE('',*,*,#5760,.F.);
#5760 = EDGE_CURVE('',#5761,#5656,#5763,.T.);
#5761 = VERTEX_POINT('',#5762);
#5762 = CARTESIAN_POINT('',(47.5,30.,0.));
#5763 = LINE('',#5764,#5765);
#5764 = CARTESIAN_POINT('',(47.5,30.,4.));
#5765 = VECTOR('',#5766,1.);
#5766 = DIRECTION('',(0.,0.,1.));
#5767 = ORIENTED_EDGE('',*,*,#5768,.F.);
#5768 = EDGE_CURVE('',#5769,#5761,#5771,.T.);
#5769 = VERTEX_POINT('',#5770);
#5770 = CARTESIAN_POINT('',(-47.5,30.,0.));
#5771 = LINE('',#5772,#5773);
#5772 = CARTESIAN_POINT('',(-47.5,30.,0.));
#5773 = VECTOR('',#5774,1.);
#5774 = DIRECTION('',(1.,0.,0.));
#5775 = ORIENTED_EDGE('',*,*,#5776,.T.);
#5776 = EDGE_CURVE('',#5769,#5654,#5777,.T.);
#5777 = LINE('',#5778,#5779);
#5778 = CARTESIAN_POINT('',(-47.5,30.,0.));
#5779 = VECTOR('',#5780,1.);
#5780 = DIRECTION('',(0.,0.,1.));
#5781 = ORIENTED_EDGE('',*,*,#5653,.T.);
#5782 = PLANE('',#5783);
#5783 = AXIS2_PLACEMENT_3D('',#5784,#5785,#5786);
#5784 = CARTESIAN_POINT('',(0.,30.,7.));
#5785 = DIRECTION('',(0.,1.,0.));
#5786 = DIRECTION('',(0.,0.,1.));
#5787 = ADVANCED_FACE('',(#5788,#5806),#5840,.T.);
#5788 = FACE_BOUND('',#5789,.T.);
#5789 = EDGE_LOOP('',(#5790,#5791,#5799,#5805));
#5790 = ORIENTED_EDGE('',*,*,#5776,.F.);
#5791 = ORIENTED_EDGE('',*,*,#5792,.F.);
#5792 = EDGE_CURVE('',#5793,#5769,#5795,.T.);
#5793 = VERTEX_POINT('',#5794);
#5794 = CARTESIAN_POINT('',(-47.5,-30.,0.));
#5795 = LINE('',#5796,#5797);
#5796 = CARTESIAN_POINT('',(-47.5,-30.,0.));
#5797 = VECTOR('',#5798,1.);
#5798 = DIRECTION('',(0.,1.,0.));
#5799 = ORIENTED_EDGE('',*,*,#5800,.T.);
#5800 = EDGE_CURVE('',#5793,#5664,#5801,.T.);
#5801 = LINE('',#5802,#5803);
#5802 = CARTESIAN_POINT('',(-47.5,-30.,0.));
#5803 = VECTOR('',#5804,1.);
#5804 = DIRECTION('',(0.,0.,1.));
#5805 = ORIENTED_EDGE('',*,*,#5663,.T.);
#5806 = FACE_BOUND('',#5807,.T.);
#5807 = EDGE_LOOP('',(#5808,#5818,#5826,#5834));
#5808 = ORIENTED_EDGE('',*,*,#5809,.F.);
#5809 = EDGE_CURVE('',#5810,#5812,#5814,.T.);
#5810 = VERTEX_POINT('',#5811);
#5811 = CARTESIAN_POINT('',(-47.5,-2.75,5.5));
#5812 = VERTEX_POINT('',#5813);
#5813 = CARTESIAN_POINT('',(-47.5,-11.75,5.5));
#5814 = LINE('',#5815,#5816);
#5815 = CARTESIAN_POINT('',(-47.5,-2.75,5.5));
#5816 = VECTOR('',#5817,1.);
#5817 = DIRECTION('',(0.,-1.,0.));
#5818 = ORIENTED_EDGE('',*,*,#5819,.F.);
#5819 = EDGE_CURVE('',#5820,#5810,#5822,.T.);
#5820 = VERTEX_POINT('',#5821);
#5821 = CARTESIAN_POINT('',(-47.5,-2.75,10.5));
#5822 = LINE('',#5823,#5824);
#5823 = CARTESIAN_POINT('',(-47.5,-2.75,10.5));
#5824 = VECTOR('',#5825,1.);
#5825 = DIRECTION('',(0.,0.,-1.));
#5826 = ORIENTED_EDGE('',*,*,#5827,.F.);
#5827 = EDGE_CURVE('',#5828,#5820,#5830,.T.);
#5828 = VERTEX_POINT('',#5829);
#5829 = CARTESIAN_POINT('',(-47.5,-11.75,10.5));
#5830 = LINE('',#5831,#5832);
#5831 = CARTESIAN_POINT('',(-47.5,-11.75,10.5));
#5832 = VECTOR('',#5833,1.);
#5833 = DIRECTION('',(0.,1.,0.));
#5834 = ORIENTED_EDGE('',*,*,#5835,.F.);
#5835 = EDGE_CURVE('',#5812,#5828,#5836,.T.);
#5836 = LINE('',#5837,#5838);
#5837 = CARTESIAN_POINT('',(-47.5,-11.75,5.5));
#5838 = VECTOR('',#5839,1.);
#5839 = DIRECTION('',(0.,0.,1.));
#5840 = PLANE('',#5841);
#5841 = AXIS2_PLACEMENT_3D('',#5842,#5843,#5844);
#5842 = CARTESIAN_POINT('',(-47.5,0.,7.));
#5843 = DIRECTION('',(-1.,-0.,-0.));
#5844 = DIRECTION('',(0.,0.,-1.));
#5845 = ADVANCED_FACE('',(#5846),#5864,.T.);
#5846 = FACE_BOUND('',#5847,.T.);
#5847 = EDGE_LOOP('',(#5848,#5856,#5862,#5863));
#5848 = ORIENTED_EDGE('',*,*,#5849,.F.);
#5849 = EDGE_CURVE('',#5850,#5672,#5852,.T.);
#5850 = VERTEX_POINT('',#5851);
#5851 = CARTESIAN_POINT('',(47.5,-30.,0.));
#5852 = LINE('',#5853,#5854);
#5853 = CARTESIAN_POINT('',(47.5,-30.,4.));
#5854 = VECTOR('',#5855,1.);
#5855 = DIRECTION('',(0.,0.,1.));
#5856 = ORIENTED_EDGE('',*,*,#5857,.F.);
#5857 = EDGE_CURVE('',#5761,#5850,#5858,.T.);
#5858 = LINE('',#5859,#5860);
#5859 = CARTESIAN_POINT('',(47.5,30.,0.));
#5860 = VECTOR('',#5861,1.);
#5861 = DIRECTION('',(0.,-1.,0.));
#5862 = ORIENTED_EDGE('',*,*,#5760,.T.);
#5863 = ORIENTED_EDGE('',*,*,#5679,.T.);
#5864 = PLANE('',#5865);
#5865 = AXIS2_PLACEMENT_3D('',#5866,#5867,#5868);
#5866 = CARTESIAN_POINT('',(47.5,0.,7.));
#5867 = DIRECTION('',(1.,0.,0.));
#5868 = DIRECTION('',(0.,0.,1.));
#5869 = ADVANCED_FACE('',(#5870),#5881,.T.);
#5870 = FACE_BOUND('',#5871,.T.);
#5871 = EDGE_LOOP('',(#5872,#5873,#5879,#5880));
#5872 = ORIENTED_EDGE('',*,*,#5800,.F.);
#5873 = ORIENTED_EDGE('',*,*,#5874,.F.);
#5874 = EDGE_CURVE('',#5850,#5793,#5875,.T.);
#5875 = LINE('',#5876,#5877);
#5876 = CARTESIAN_POINT('',(47.5,-30.,0.));
#5877 = VECTOR('',#5878,1.);
#5878 = DIRECTION('',(-1.,0.,0.));
#5879 = ORIENTED_EDGE('',*,*,#5849,.T.);
#5880 = ORIENTED_EDGE('',*,*,#5671,.T.);
#5881 = PLANE('',#5882);
#5882 = AXIS2_PLACEMENT_3D('',#5883,#5884,#5885);
#5883 = CARTESIAN_POINT('',(0.,-30.,7.));
#5884 = DIRECTION('',(-0.,-1.,-0.));
#5885 = DIRECTION('',(0.,0.,-1.));
#5886 = ADVANCED_FACE('',(#5887),#5906,.T.);
#5887 = FACE_BOUND('',#5888,.F.);
#5888 = EDGE_LOOP('',(#5889,#5897,#5904,#5905));
#5889 = ORIENTED_EDGE('',*,*,#5890,.T.);
#5890 = EDGE_CURVE('',#5688,#5891,#5893,.T.);
#5891 = VERTEX_POINT('',#5892);
#5892 = CARTESIAN_POINT('',(-45.75,-29.,15.5));
#5893 = LINE('',#5894,#5895);
#5894 = CARTESIAN_POINT('',(-45.75,-29.,14.));
#5895 = VECTOR('',#5896,1.);
#5896 = DIRECTION('',(0.,0.,1.));
#5897 = ORIENTED_EDGE('',*,*,#5898,.T.);
#5898 = EDGE_CURVE('',#5891,#5891,#5899,.T.);
#5899 = CIRCLE('',#5900,0.75);
#5900 = AXIS2_PLACEMENT_3D('',#5901,#5902,#5903);
#5901 = CARTESIAN_POINT('',(-46.5,-29.,15.5));
#5902 = DIRECTION('',(0.,0.,1.));
#5903 = DIRECTION('',(1.,0.,0.));
#5904 = ORIENTED_EDGE('',*,*,#5890,.F.);
#5905 = ORIENTED_EDGE('',*,*,#5687,.F.);
#5906 = CYLINDRICAL_SURFACE('',#5907,0.75);
#5907 = AXIS2_PLACEMENT_3D('',#5908,#5909,#5910);
#5908 = CARTESIAN_POINT('',(-46.5,-29.,14.));
#5909 = DIRECTION('',(-0.,-0.,-1.));
#5910 = DIRECTION('',(1.,0.,0.));
#5911 = ADVANCED_FACE('',(#5912),#5931,.T.);
#5912 = FACE_BOUND('',#5913,.F.);
#5913 = EDGE_LOOP('',(#5914,#5922,#5929,#5930));
#5914 = ORIENTED_EDGE('',*,*,#5915,.T.);
#5915 = EDGE_CURVE('',#5699,#5916,#5918,.T.);
#5916 = VERTEX_POINT('',#5917);
#5917 = CARTESIAN_POINT('',(47.25,-29.,15.5));
#5918 = LINE('',#5919,#5920);
#5919 = CARTESIAN_POINT('',(47.25,-29.,14.));
#5920 = VECTOR('',#5921,1.);
#5921 = DIRECTION('',(0.,0.,1.));
#5922 = ORIENTED_EDGE('',*,*,#5923,.T.);
#5923 = EDGE_CURVE('',#5916,#5916,#5924,.T.);
#5924 = CIRCLE('',#5925,0.75);
#5925 = AXIS2_PLACEMENT_3D('',#5926,#5927,#5928);
#5926 = CARTESIAN_POINT('',(46.5,-29.,15.5));
#5927 = DIRECTION('',(0.,0.,1.));
#5928 = DIRECTION('',(1.,0.,0.));
#5929 = ORIENTED_EDGE('',*,*,#5915,.F.);
#5930 = ORIENTED_EDGE('',*,*,#5698,.F.);
#5931 = CYLINDRICAL_SURFACE('',#5932,0.75);
#5932 = AXIS2_PLACEMENT_3D('',#5933,#5934,#5935);
#5933 = CARTESIAN_POINT('',(46.5,-29.,14.));
#5934 = DIRECTION('',(-0.,-0.,-1.));
#5935 = DIRECTION('',(1.,0.,0.));
#5936 = ADVANCED_FACE('',(#5937),#5962,.F.);
#5937 = FACE_BOUND('',#5938,.F.);
#5938 = EDGE_LOOP('',(#5939,#5947,#5955,#5961));
#5939 = ORIENTED_EDGE('',*,*,#5940,.T.);
#5940 = EDGE_CURVE('',#5710,#5941,#5943,.T.);
#5941 = VERTEX_POINT('',#5942);
#5942 = CARTESIAN_POINT('',(45.5,-28.,4.));
#5943 = LINE('',#5944,#5945);
#5944 = CARTESIAN_POINT('',(45.5,-28.,14.));
#5945 = VECTOR('',#5946,1.);
#5946 = DIRECTION('',(-0.,-0.,-1.));
#5947 = ORIENTED_EDGE('',*,*,#5948,.T.);
#5948 = EDGE_CURVE('',#5941,#5949,#5951,.T.);
#5949 = VERTEX_POINT('',#5950);
#5950 = CARTESIAN_POINT('',(45.5,28.,4.));
#5951 = LINE('',#5952,#5953);
#5952 = CARTESIAN_POINT('',(45.5,-28.,4.));
#5953 = VECTOR('',#5954,1.);
#5954 = DIRECTION('',(0.,1.,0.));
#5955 = ORIENTED_EDGE('',*,*,#5956,.F.);
#5956 = EDGE_CURVE('',#5712,#5949,#5957,.T.);
#5957 = LINE('',#5958,#5959);
#5958 = CARTESIAN_POINT('',(45.5,28.,14.));
#5959 = VECTOR('',#5960,1.);
#5960 = DIRECTION('',(-0.,-0.,-1.));
#5961 = ORIENTED_EDGE('',*,*,#5709,.F.);
#5962 = PLANE('',#5963);
#5963 = AXIS2_PLACEMENT_3D('',#5964,#5965,#5966);
#5964 = CARTESIAN_POINT('',(45.5,-28.,14.));
#5965 = DIRECTION('',(1.,0.,0.));
#5966 = DIRECTION('',(0.,1.,0.));
#5967 = ADVANCED_FACE('',(#5968),#5986,.F.);
#5968 = FACE_BOUND('',#5969,.F.);
#5969 = EDGE_LOOP('',(#5970,#5978,#5984,#5985));
#5970 = ORIENTED_EDGE('',*,*,#5971,.T.);
#5971 = EDGE_CURVE('',#5720,#5972,#5974,.T.);
#5972 = VERTEX_POINT('',#5973);
#5973 = CARTESIAN_POINT('',(-45.5,-28.,4.));
#5974 = LINE('',#5975,#5976);
#5975 = CARTESIAN_POINT('',(-45.5,-28.,14.));
#5976 = VECTOR('',#5977,1.);
#5977 = DIRECTION('',(-0.,-0.,-1.));
#5978 = ORIENTED_EDGE('',*,*,#5979,.T.);
#5979 = EDGE_CURVE('',#5972,#5941,#5980,.T.);
#5980 = LINE('',#5981,#5982);
#5981 = CARTESIAN_POINT('',(-45.5,-28.,4.));
#5982 = VECTOR('',#5983,1.);
#5983 = DIRECTION('',(1.,0.,0.));
#5984 = ORIENTED_EDGE('',*,*,#5940,.F.);
#5985 = ORIENTED_EDGE('',*,*,#5719,.F.);
#5986 = PLANE('',#5987);
#5987 = AXIS2_PLACEMENT_3D('',#5988,#5989,#5990);
#5988 = CARTESIAN_POINT('',(-45.5,-28.,14.));
#5989 = DIRECTION('',(0.,-1.,0.));
#5990 = DIRECTION('',(1.,0.,0.));
#5991 = ADVANCED_FACE('',(#5992),#6010,.F.);
#5992 = FACE_BOUND('',#5993,.F.);
#5993 = EDGE_LOOP('',(#5994,#5995,#6003,#6009));
#5994 = ORIENTED_EDGE('',*,*,#5956,.T.);
#5995 = ORIENTED_EDGE('',*,*,#5996,.T.);
#5996 = EDGE_CURVE('',#5949,#5997,#5999,.T.);
#5997 = VERTEX_POINT('',#5998);
#5998 = CARTESIAN_POINT('',(-45.5,28.,4.));
#5999 = LINE('',#6000,#6001);
#6000 = CARTESIAN_POINT('',(45.5,28.,4.));
#6001 = VECTOR('',#6002,1.);
#6002 = DIRECTION('',(-1.,0.,0.));
#6003 = ORIENTED_EDGE('',*,*,#6004,.F.);
#6004 = EDGE_CURVE('',#5728,#5997,#6005,.T.);
#6005 = LINE('',#6006,#6007);
#6006 = CARTESIAN_POINT('',(-45.5,28.,14.));
#6007 = VECTOR('',#6008,1.);
#6008 = DIRECTION('',(-0.,-0.,-1.));
#6009 = ORIENTED_EDGE('',*,*,#5735,.F.);
#6010 = PLANE('',#6011);
#6011 = AXIS2_PLACEMENT_3D('',#6012,#6013,#6014);
#6012 = CARTESIAN_POINT('',(45.5,28.,14.));
#6013 = DIRECTION('',(0.,1.,0.));
#6014 = DIRECTION('',(-1.,0.,0.));
#6015 = ADVANCED_FACE('',(#6016,#6027),#6061,.F.);
#6016 = FACE_BOUND('',#6017,.F.);
#6017 = EDGE_LOOP('',(#6018,#6019,#6025,#6026));
#6018 = ORIENTED_EDGE('',*,*,#6004,.T.);
#6019 = ORIENTED_EDGE('',*,*,#6020,.T.);
#6020 = EDGE_CURVE('',#5997,#5972,#6021,.T.);
#6021 = LINE('',#6022,#6023);
#6022 = CARTESIAN_POINT('',(-45.5,28.,4.));
#6023 = VECTOR('',#6024,1.);
#6024 = DIRECTION('',(0.,-1.,0.));
#6025 = ORIENTED_EDGE('',*,*,#5971,.F.);
#6026 = ORIENTED_EDGE('',*,*,#5727,.F.);
#6027 = FACE_BOUND('',#6028,.F.);
#6028 = EDGE_LOOP('',(#6029,#6039,#6047,#6055));
#6029 = ORIENTED_EDGE('',*,*,#6030,.F.);
#6030 = EDGE_CURVE('',#6031,#6033,#6035,.T.);
#6031 = VERTEX_POINT('',#6032);
#6032 = CARTESIAN_POINT('',(-45.5,-2.75,5.5));
#6033 = VERTEX_POINT('',#6034);
#6034 = CARTESIAN_POINT('',(-45.5,-11.75,5.5));
#6035 = LINE('',#6036,#6037);
#6036 = CARTESIAN_POINT('',(-45.5,12.625,5.5));
#6037 = VECTOR('',#6038,1.);
#6038 = DIRECTION('',(-0.,-1.,-0.));
#6039 = ORIENTED_EDGE('',*,*,#6040,.F.);
#6040 = EDGE_CURVE('',#6041,#6031,#6043,.T.);
#6041 = VERTEX_POINT('',#6042);
#6042 = CARTESIAN_POINT('',(-45.5,-2.75,10.5));
#6043 = LINE('',#6044,#6045);
#6044 = CARTESIAN_POINT('',(-45.5,-2.75,12.25));
#6045 = VECTOR('',#6046,1.);
#6046 = DIRECTION('',(0.,0.,-1.));
#6047 = ORIENTED_EDGE('',*,*,#6048,.F.);
#6048 = EDGE_CURVE('',#6049,#6041,#6051,.T.);
#6049 = VERTEX_POINT('',#6050);
#6050 = CARTESIAN_POINT('',(-45.5,-11.75,10.5));
#6051 = LINE('',#6052,#6053);
#6052 = CARTESIAN_POINT('',(-45.5,8.125,10.5));
#6053 = VECTOR('',#6054,1.);
#6054 = DIRECTION('',(0.,1.,0.));
#6055 = ORIENTED_EDGE('',*,*,#6056,.F.);
#6056 = EDGE_CURVE('',#6033,#6049,#6057,.T.);
#6057 = LINE('',#6058,#6059);
#6058 = CARTESIAN_POINT('',(-45.5,-11.75,9.75));
#6059 = VECTOR('',#6060,1.);
#6060 = DIRECTION('',(0.,0.,1.));
#6061 = PLANE('',#6062);
#6062 = AXIS2_PLACEMENT_3D('',#6063,#6064,#6065);
#6063 = CARTESIAN_POINT('',(-45.5,28.,14.));
#6064 = DIRECTION('',(-1.,0.,0.));
#6065 = DIRECTION('',(0.,-1.,0.));
#6066 = ADVANCED_FACE('',(#6067),#6086,.T.);
#6067 = FACE_BOUND('',#6068,.F.);
#6068 = EDGE_LOOP('',(#6069,#6077,#6084,#6085));
#6069 = ORIENTED_EDGE('',*,*,#6070,.T.);
#6070 = EDGE_CURVE('',#5744,#6071,#6073,.T.);
#6071 = VERTEX_POINT('',#6072);
#6072 = CARTESIAN_POINT('',(47.25,29.,15.5));
#6073 = LINE('',#6074,#6075);
#6074 = CARTESIAN_POINT('',(47.25,29.,14.));
#6075 = VECTOR('',#6076,1.);
#6076 = DIRECTION('',(0.,0.,1.));
#6077 = ORIENTED_EDGE('',*,*,#6078,.T.);
#6078 = EDGE_CURVE('',#6071,#6071,#6079,.T.);
#6079 = CIRCLE('',#6080,0.75);
#6080 = AXIS2_PLACEMENT_3D('',#6081,#6082,#6083);
#6081 = CARTESIAN_POINT('',(46.5,29.,15.5));
#6082 = DIRECTION('',(0.,0.,1.));
#6083 = DIRECTION('',(1.,0.,0.));
#6084 = ORIENTED_EDGE('',*,*,#6070,.F.);
#6085 = ORIENTED_EDGE('',*,*,#5743,.F.);
#6086 = CYLINDRICAL_SURFACE('',#6087,0.75);
#6087 = AXIS2_PLACEMENT_3D('',#6088,#6089,#6090);
#6088 = CARTESIAN_POINT('',(46.5,29.,14.));
#6089 = DIRECTION('',(-0.,-0.,-1.));
#6090 = DIRECTION('',(1.,0.,0.));
#6091 = ADVANCED_FACE('',(#6092),#6098,.T.);
#6092 = FACE_BOUND('',#6093,.T.);
#6093 = EDGE_LOOP('',(#6094,#6095,#6096,#6097));
#6094 = ORIENTED_EDGE('',*,*,#5768,.T.);
#6095 = ORIENTED_EDGE('',*,*,#5857,.T.);
#6096 = ORIENTED_EDGE('',*,*,#5874,.T.);
#6097 = ORIENTED_EDGE('',*,*,#5792,.T.);
#6098 = PLANE('',#6099);
#6099 = AXIS2_PLACEMENT_3D('',#6100,#6101,#6102);
#6100 = CARTESIAN_POINT('',(0.,0.,0.));
#6101 = DIRECTION('',(-0.,-0.,-1.));
#6102 = DIRECTION('',(-1.,0.,0.));
#6103 = ADVANCED_FACE('',(#6104),#6120,.F.);
#6104 = FACE_BOUND('',#6105,.F.);
#6105 = EDGE_LOOP('',(#6106,#6107,#6113,#6114));
#6106 = ORIENTED_EDGE('',*,*,#5809,.F.);
#6107 = ORIENTED_EDGE('',*,*,#6108,.T.);
#6108 = EDGE_CURVE('',#5810,#6031,#6109,.T.);
#6109 = LINE('',#6110,#6111);
#6110 = CARTESIAN_POINT('',(-47.5,-2.75,5.5));
#6111 = VECTOR('',#6112,1.);
#6112 = DIRECTION('',(1.,0.,0.));
#6113 = ORIENTED_EDGE('',*,*,#6030,.T.);
#6114 = ORIENTED_EDGE('',*,*,#6115,.F.);
#6115 = EDGE_CURVE('',#5812,#6033,#6116,.T.);
#6116 = LINE('',#6117,#6118);
#6117 = CARTESIAN_POINT('',(-47.5,-11.75,5.5));
#6118 = VECTOR('',#6119,1.);
#6119 = DIRECTION('',(1.,0.,0.));
#6120 = PLANE('',#6121);
#6121 = AXIS2_PLACEMENT_3D('',#6122,#6123,#6124);
#6122 = CARTESIAN_POINT('',(-47.5,-2.75,5.5));
#6123 = DIRECTION('',(0.,0.,-1.));
#6124 = DIRECTION('',(0.,-1.,0.));
#6125 = ADVANCED_FACE('',(#6126),#6137,.F.);
#6126 = FACE_BOUND('',#6127,.F.);
#6127 = EDGE_LOOP('',(#6128,#6129,#6130,#6131));
#6128 = ORIENTED_EDGE('',*,*,#5835,.F.);
#6129 = ORIENTED_EDGE('',*,*,#6115,.T.);
#6130 = ORIENTED_EDGE('',*,*,#6056,.T.);
#6131 = ORIENTED_EDGE('',*,*,#6132,.F.);
#6132 = EDGE_CURVE('',#5828,#6049,#6133,.T.);
#6133 = LINE('',#6134,#6135);
#6134 = CARTESIAN_POINT('',(-47.5,-11.75,10.5));
#6135 = VECTOR('',#6136,1.);
#6136 = DIRECTION('',(1.,0.,0.));
#6137 = PLANE('',#6138);
#6138 = AXIS2_PLACEMENT_3D('',#6139,#6140,#6141);
#6139 = CARTESIAN_POINT('',(-47.5,-11.75,5.5));
#6140 = DIRECTION('',(0.,-1.,0.));
#6141 = DIRECTION('',(0.,0.,1.));
#6142 = ADVANCED_FACE('',(#6143),#6154,.F.);
#6143 = FACE_BOUND('',#6144,.F.);
#6144 = EDGE_LOOP('',(#6145,#6146,#6147,#6148));
#6145 = ORIENTED_EDGE('',*,*,#5827,.F.);
#6146 = ORIENTED_EDGE('',*,*,#6132,.T.);
#6147 = ORIENTED_EDGE('',*,*,#6048,.T.);
#6148 = ORIENTED_EDGE('',*,*,#6149,.F.);
#6149 = EDGE_CURVE('',#5820,#6041,#6150,.T.);
#6150 = LINE('',#6151,#6152);
#6151 = CARTESIAN_POINT('',(-47.5,-2.75,10.5));
#6152 = VECTOR('',#6153,1.);
#6153 = DIRECTION('',(1.,0.,0.));
#6154 = PLANE('',#6155);
#6155 = AXIS2_PLACEMENT_3D('',#6156,#6157,#6158);
#6156 = CARTESIAN_POINT('',(-47.5,-11.75,10.5));
#6157 = DIRECTION('',(0.,0.,1.));
#6158 = DIRECTION('',(0.,1.,0.));
#6159 = ADVANCED_FACE('',(#6160),#6166,.F.);
#6160 = FACE_BOUND('',#6161,.F.);
#6161 = EDGE_LOOP('',(#6162,#6163,#6164,#6165));
#6162 = ORIENTED_EDGE('',*,*,#5819,.F.);
#6163 = ORIENTED_EDGE('',*,*,#6149,.T.);
#6164 = ORIENTED_EDGE('',*,*,#6040,.T.);
#6165 = ORIENTED_EDGE('',*,*,#6108,.F.);
#6166 = PLANE('',#6167);
#6167 = AXIS2_PLACEMENT_3D('',#6168,#6169,#6170);
#6168 = CARTESIAN_POINT('',(-47.5,-2.75,10.5));
#6169 = DIRECTION('',(0.,1.,0.));
#6170 = DIRECTION('',(0.,0.,-1.));
#6171 = ADVANCED_FACE('',(#6172),#6175,.T.);
#6172 = FACE_BOUND('',#6173,.T.);
#6173 = EDGE_LOOP('',(#6174));
#6174 = ORIENTED_EDGE('',*,*,#5898,.T.);
#6175 = PLANE('',#6176);
#6176 = AXIS2_PLACEMENT_3D('',#6177,#6178,#6179);
#6177 = CARTESIAN_POINT('',(15.5,-9.666666666667,15.5));
#6178 = DIRECTION('',(0.,0.,1.));
#6179 = DIRECTION('',(1.,0.,0.));
#6180 = ADVANCED_FACE('',(#6181),#6184,.T.);
#6181 = FACE_BOUND('',#6182,.T.);
#6182 = EDGE_LOOP('',(#6183));
#6183 = ORIENTED_EDGE('',*,*,#5923,.T.);
#6184 = PLANE('',#6185);
#6185 = AXIS2_PLACEMENT_3D('',#6186,#6187,#6188);
#6186 = CARTESIAN_POINT('',(15.5,-9.666666666667,15.5));
#6187 = DIRECTION('',(0.,0.,1.));
#6188 = DIRECTION('',(1.,0.,0.));
#6189 = ADVANCED_FACE('',(#6190,#6196,#6207,#6218,#6229),#6240,.T.);
#6190 = FACE_BOUND('',#6191,.T.);
#6191 = EDGE_LOOP('',(#6192,#6193,#6194,#6195));
#6192 = ORIENTED_EDGE('',*,*,#5948,.T.);
#6193 = ORIENTED_EDGE('',*,*,#5996,.T.);
#6194 = ORIENTED_EDGE('',*,*,#6020,.T.);
#6195 = ORIENTED_EDGE('',*,*,#5979,.T.);
#6196 = FACE_BOUND('',#6197,.T.);
#6197 = EDGE_LOOP('',(#6198));
#6198 = ORIENTED_EDGE('',*,*,#6199,.F.);
#6199 = EDGE_CURVE('',#6200,#6200,#6202,.T.);
#6200 = VERTEX_POINT('',#6201);
#6201 = CARTESIAN_POINT('',(-28.6,-23.5,4.));
#6202 = CIRCLE('',#6203,1.4);
#6203 = AXIS2_PLACEMENT_3D('',#6204,#6205,#6206);
#6204 = CARTESIAN_POINT('',(-30.,-23.5,4.));
#6205 = DIRECTION('',(0.,0.,1.));
#6206 = DIRECTION('',(1.,0.,0.));
#6207 = FACE_BOUND('',#6208,.T.);
#6208 = EDGE_LOOP('',(#6209));
#6209 = ORIENTED_EDGE('',*,*,#6210,.F.);
#6210 = EDGE_CURVE('',#6211,#6211,#6213,.T.);
#6211 = VERTEX_POINT('',#6212);
#6212 = CARTESIAN_POINT('',(39.9,-22.,4.));
#6213 = CIRCLE('',#6214,1.4);
#6214 = AXIS2_PLACEMENT_3D('',#6215,#6216,#6217);
#6215 = CARTESIAN_POINT('',(38.5,-22.,4.));
#6216 = DIRECTION('',(0.,0.,1.));
#6217 = DIRECTION('',(1.,0.,0.));
#6218 = FACE_BOUND('',#6219,.T.);
#6219 = EDGE_LOOP('',(#6220));
#6220 = ORIENTED_EDGE('',*,*,#6221,.F.);
#6221 = EDGE_CURVE('',#6222,#6222,#6224,.T.);
#6222 = VERTEX_POINT('',#6223);
#6223 = CARTESIAN_POINT('',(-31.1,13.5,4.));
#6224 = CIRCLE('',#6225,1.4);
#6225 = AXIS2_PLACEMENT_3D('',#6226,#6227,#6228);
#6226 = CARTESIAN_POINT('',(-32.5,13.5,4.));
#6227 = DIRECTION('',(0.,0.,1.));
#6228 = DIRECTION('',(1.,0.,0.));
#6229 = FACE_BOUND('',#6230,.T.);
#6230 = EDGE_LOOP('',(#6231));
#6231 = ORIENTED_EDGE('',*,*,#6232,.F.);
#6232 = EDGE_CURVE('',#6233,#6233,#6235,.T.);
#6233 = VERTEX_POINT('',#6234);
#6234 = CARTESIAN_POINT('',(39.9,22.,4.));
#6235 = CIRCLE('',#6236,1.4);
#6236 = AXIS2_PLACEMENT_3D('',#6237,#6238,#6239);
#6237 = CARTESIAN_POINT('',(38.5,22.,4.));
#6238 = DIRECTION('',(0.,0.,1.));
#6239 = DIRECTION('',(1.,0.,0.));
#6240 = PLANE('',#6241);
#6241 = AXIS2_PLACEMENT_3D('',#6242,#6243,#6244);
#6242 = CARTESIAN_POINT('',(0.,0.,4.));
#6243 = DIRECTION('',(0.,0.,1.));
#6244 = DIRECTION('',(1.,0.,0.));
#6245 = ADVANCED_FACE('',(#6246),#6249,.T.);
#6246 = FACE_BOUND('',#6247,.T.);
#6247 = EDGE_LOOP('',(#6248));
#6248 = ORIENTED_EDGE('',*,*,#6078,.T.);
#6249 = PLANE('',#6250);
#6250 = AXIS2_PLACEMENT_3D('',#6251,#6252,#6253);
#6251 = CARTESIAN_POINT('',(15.5,-9.666666666667,15.5));
#6252 = DIRECTION('',(0.,0.,1.));
#6253 = DIRECTION('',(1.,0.,0.));
#6254 = ADVANCED_FACE('',(#6255),#6274,.T.);
#6255 = FACE_BOUND('',#6256,.F.);
#6256 = EDGE_LOOP('',(#6257,#6265,#6272,#6273));
#6257 = ORIENTED_EDGE('',*,*,#6258,.T.);
#6258 = EDGE_CURVE('',#6200,#6259,#6261,.T.);
#6259 = VERTEX_POINT('',#6260);
#6260 = CARTESIAN_POINT('',(-28.6,-23.5,7.));
#6261 = LINE('',#6262,#6263);
#6262 = CARTESIAN_POINT('',(-28.6,-23.5,4.));
#6263 = VECTOR('',#6264,1.);
#6264 = DIRECTION('',(0.,0.,1.));
#6265 = ORIENTED_EDGE('',*,*,#6266,.T.);
#6266 = EDGE_CURVE('',#6259,#6259,#6267,.T.);
#6267 = CIRCLE('',#6268,1.4);
#6268 = AXIS2_PLACEMENT_3D('',#6269,#6270,#6271);
#6269 = CARTESIAN_POINT('',(-30.,-23.5,7.));
#6270 = DIRECTION('',(0.,0.,1.));
#6271 = DIRECTION('',(1.,0.,0.));
#6272 = ORIENTED_EDGE('',*,*,#6258,.F.);
#6273 = ORIENTED_EDGE('',*,*,#6199,.F.);
#6274 = CYLINDRICAL_SURFACE('',#6275,1.4);
#6275 = AXIS2_PLACEMENT_3D('',#6276,#6277,#6278);
#6276 = CARTESIAN_POINT('',(-30.,-23.5,4.));
#6277 = DIRECTION('',(-0.,-0.,-1.));
#6278 = DIRECTION('',(1.,0.,0.));
#6279 = ADVANCED_FACE('',(#6280),#6299,.T.);
#6280 = FACE_BOUND('',#6281,.F.);
#6281 = EDGE_LOOP('',(#6282,#6290,#6297,#6298));
#6282 = ORIENTED_EDGE('',*,*,#6283,.T.);
#6283 = EDGE_CURVE('',#6211,#6284,#6286,.T.);
#6284 = VERTEX_POINT('',#6285);
#6285 = CARTESIAN_POINT('',(39.9,-22.,7.));
#6286 = LINE('',#6287,#6288);
#6287 = CARTESIAN_POINT('',(39.9,-22.,4.));
#6288 = VECTOR('',#6289,1.);
#6289 = DIRECTION('',(0.,0.,1.));
#6290 = ORIENTED_EDGE('',*,*,#6291,.T.);
#6291 = EDGE_CURVE('',#6284,#6284,#6292,.T.);
#6292 = CIRCLE('',#6293,1.4);
#6293 = AXIS2_PLACEMENT_3D('',#6294,#6295,#6296);
#6294 = CARTESIAN_POINT('',(38.5,-22.,7.));
#6295 = DIRECTION('',(0.,0.,1.));
#6296 = DIRECTION('',(1.,0.,0.));
#6297 = ORIENTED_EDGE('',*,*,#6283,.F.);
#6298 = ORIENTED_EDGE('',*,*,#6210,.F.);
#6299 = CYLINDRICAL_SURFACE('',#6300,1.4);
#6300 = AXIS2_PLACEMENT_3D('',#6301,#6302,#6303);
#6301 = CARTESIAN_POINT('',(38.5,-22.,4.));
#6302 = DIRECTION('',(-0.,-0.,-1.));
#6303 = DIRECTION('',(1.,0.,0.));
#6304 = ADVANCED_FACE('',(#6305),#6324,.T.);
#6305 = FACE_BOUND('',#6306,.F.);
#6306 = EDGE_LOOP('',(#6307,#6315,#6322,#6323));
#6307 = ORIENTED_EDGE('',*,*,#6308,.T.);
#6308 = EDGE_CURVE('',#6222,#6309,#6311,.T.);
#6309 = VERTEX_POINT('',#6310);
#6310 = CARTESIAN_POINT('',(-31.1,13.5,7.));
#6311 = LINE('',#6312,#6313);
#6312 = CARTESIAN_POINT('',(-31.1,13.5,4.));
#6313 = VECTOR('',#6314,1.);
#6314 = DIRECTION('',(0.,0.,1.));
#6315 = ORIENTED_EDGE('',*,*,#6316,.T.);
#6316 = EDGE_CURVE('',#6309,#6309,#6317,.T.);
#6317 = CIRCLE('',#6318,1.4);
#6318 = AXIS2_PLACEMENT_3D('',#6319,#6320,#6321);
#6319 = CARTESIAN_POINT('',(-32.5,13.5,7.));
#6320 = DIRECTION('',(0.,0.,1.));
#6321 = DIRECTION('',(1.,0.,0.));
#6322 = ORIENTED_EDGE('',*,*,#6308,.F.);
#6323 = ORIENTED_EDGE('',*,*,#6221,.F.);
#6324 = CYLINDRICAL_SURFACE('',#6325,1.4);
#6325 = AXIS2_PLACEMENT_3D('',#6326,#6327,#6328);
#6326 = CARTESIAN_POINT('',(-32.5,13.5,4.));
#6327 = DIRECTION('',(-0.,-0.,-1.));
#6328 = DIRECTION('',(1.,0.,0.));
#6329 = ADVANCED_FACE('',(#6330),#6349,.T.);
#6330 = FACE_BOUND('',#6331,.F.);
#6331 = EDGE_LOOP('',(#6332,#6340,#6347,#6348));
#6332 = ORIENTED_EDGE('',*,*,#6333,.T.);
#6333 = EDGE_CURVE('',#6233,#6334,#6336,.T.);
#6334 = VERTEX_POINT('',#6335);
#6335 = CARTESIAN_POINT('',(39.9,22.,7.));
#6336 = LINE('',#6337,#6338);
#6337 = CARTESIAN_POINT('',(39.9,22.,4.));
#6338 = VECTOR('',#6339,1.);
#6339 = DIRECTION('',(0.,0.,1.));
#6340 = ORIENTED_EDGE('',*,*,#6341,.T.);
#6341 = EDGE_CURVE('',#6334,#6334,#6342,.T.);
#6342 = CIRCLE('',#6343,1.4);
#6343 = AXIS2_PLACEMENT_3D('',#6344,#6345,#6346);
#6344 = CARTESIAN_POINT('',(38.5,22.,7.));
#6345 = DIRECTION('',(0.,0.,1.));
#6346 = DIRECTION('',(1.,0.,0.));
#6347 = ORIENTED_EDGE('',*,*,#6333,.F.);
#6348 = ORIENTED_EDGE('',*,*,#6232,.F.);
#6349 = CYLINDRICAL_SURFACE('',#6350,1.4);
#6350 = AXIS2_PLACEMENT_3D('',#6351,#6352,#6353);
#6351 = CARTESIAN_POINT('',(38.5,22.,4.));
#6352 = DIRECTION('',(-0.,-0.,-1.));
#6353 = DIRECTION('',(1.,0.,0.));
#6354 = ADVANCED_FACE('',(#6355),#6358,.T.);
#6355 = FACE_BOUND('',#6356,.T.);
#6356 = EDGE_LOOP('',(#6357));
#6357 = ORIENTED_EDGE('',*,*,#6266,.T.);
#6358 = PLANE('',#6359);
#6359 = AXIS2_PLACEMENT_3D('',#6360,#6361,#6362);
#6360 = CARTESIAN_POINT('',(3.625,-2.5,7.));
#6361 = DIRECTION('',(0.,0.,1.));
#6362 = DIRECTION('',(1.,0.,0.));
#6363 = ADVANCED_FACE('',(#6364),#6367,.T.);
#6364 = FACE_BOUND('',#6365,.T.);
#6365 = EDGE_LOOP('',(#6366));
#6366 = ORIENTED_EDGE('',*,*,#6291,.T.);
#6367 = PLANE('',#6368);
#6368 = AXIS2_PLACEMENT_3D('',#6369,#6370,#6371);
#6369 = CARTESIAN_POINT('',(3.625,-2.5,7.));
#6370 = DIRECTION('',(0.,0.,1.));
#6371 = DIRECTION('',(1.,0.,0.));
#6372 = ADVANCED_FACE('',(#6373),#6376,.T.);
#6373 = FACE_BOUND('',#6374,.T.);
#6374 = EDGE_LOOP('',(#6375));
#6375 = ORIENTED_EDGE('',*,*,#6316,.T.);
#6376 = PLANE('',#6377);
#6377 = AXIS2_PLACEMENT_3D('',#6378,#6379,#6380);
#6378 = CARTESIAN_POINT('',(3.625,-2.5,7.));
#6379 = DIRECTION('',(0.,0.,1.));
#6380 = DIRECTION('',(1.,0.,0.));
#6381 = ADVANCED_FACE('',(#6382),#6385,.T.);
#6382 = FACE_BOUND('',#6383,.T.);
#6383 = EDGE_LOOP('',(#6384));
#6384 = ORIENTED_EDGE('',*,*,#6341,.T.);
#6385 = PLANE('',#6386);
#6386 = AXIS2_PLACEMENT_3D('',#6387,#6388,#6389);
#6387 = CARTESIAN_POINT('',(3.625,-2.5,7.));
#6388 = DIRECTION('',(0.,0.,1.));
#6389 = DIRECTION('',(1.,0.,0.));
#6390 = ( GEOMETRIC_REPRESENTATION_CONTEXT(3) 
GLOBAL_UNCERTAINTY_ASSIGNED_CONTEXT((#6394)) 
GLOBAL_UNIT_ASSIGNED_CONTEXT((#6391,#6392,#6393)) REPRESENTATION_CONTEXT
('Context #1','3D Context with UNIT and UNCERTAINTY') );
#6391 = ( LENGTH_UNIT() NAMED_UNIT(*) SI_UNIT(.MILLI.,.METRE.) );
#6392 = ( NAMED_UNIT(*) PLANE_ANGLE_UNIT() SI_UNIT($,.RADIAN.) );
#6393 = ( NAMED_UNIT(*) SI_UNIT($,.STERADIAN.) SOLID_ANGLE_UNIT() );
#6394 = UNCERTAINTY_MEASURE_WITH_UNIT(LENGTH_MEASURE(5.E-06),#6391,
  'distance_accuracy_value','confusion accuracy');
#6395 = CONTEXT_DEPENDENT_SHAPE_REPRESENTATION(#6396,#6398);
#6396 = ( REPRESENTATION_RELATIONSHIP('','',#5646,#10) 
REPRESENTATION_RELATIONSHIP_WITH_TRANSFORMATION(#6397) 
SHAPE_REPRESENTATION_RELATIONSHIP() );
#6397 = ITEM_DEFINED_TRANSFORMATION('','',#11,#19);
#6398 = PRODUCT_DEFINITION_SHAPE('Placement','Placement of an item',
  #6399);
#6399 = NEXT_ASSEMBLY_USAGE_OCCURRENCE('5','BottomCase','',#5,#5641,$);
#6400 = PRODUCT_RELATED_PRODUCT_CATEGORY('part',$,(#5643));
#6401 = SHAPE_DEFINITION_REPRESENTATION(#6402,#6408);
#6402 = PRODUCT_DEFINITION_SHAPE('','',#6403);
#6403 = PRODUCT_DEFINITION('design','',#6404,#6407);
#6404 = PRODUCT_DEFINITION_FORMATION('','',#6405);
#6405 = PRODUCT('TopLid','TopLid','',(#6406));
#6406 = PRODUCT_CONTEXT('',#2,'mechanical');
#6407 = PRODUCT_DEFINITION_CONTEXT('part definition',#2,'design');
#6408 = ADVANCED_BREP_SHAPE_REPRESENTATION('',(#11,#6409),#7555);
#6409 = MANIFOLD_SOLID_BREP('',#6410);
#6410 = CLOSED_SHELL('',(#6411,#6451,#6482,#6513,#6781,#7016,#7028,#7053
    ,#7070,#7092,#7109,#7126,#7138,#7163,#7185,#7202,#7219,#7231,#7253,
    #7270,#7282,#7299,#7321,#7338,#7355,#7367,#7392,#7414,#7431,#7448,
    #7460,#7482,#7499,#7516,#7528,#7537,#7546));
#6411 = ADVANCED_FACE('',(#6412),#6446,.F.);
#6412 = FACE_BOUND('',#6413,.F.);
#6413 = EDGE_LOOP('',(#6414,#6424,#6432,#6440));
#6414 = ORIENTED_EDGE('',*,*,#6415,.T.);
#6415 = EDGE_CURVE('',#6416,#6418,#6420,.T.);
#6416 = VERTEX_POINT('',#6417);
#6417 = CARTESIAN_POINT('',(-47.5,-30.,0.));
#6418 = VERTEX_POINT('',#6419);
#6419 = CARTESIAN_POINT('',(-47.5,-30.,3.));
#6420 = LINE('',#6421,#6422);
#6421 = CARTESIAN_POINT('',(-47.5,-30.,0.));
#6422 = VECTOR('',#6423,1.);
#6423 = DIRECTION('',(0.,0.,1.));
#6424 = ORIENTED_EDGE('',*,*,#6425,.T.);
#6425 = EDGE_CURVE('',#6418,#6426,#6428,.T.);
#6426 = VERTEX_POINT('',#6427);
#6427 = CARTESIAN_POINT('',(47.5,-30.,3.));
#6428 = LINE('',#6429,#6430);
#6429 = CARTESIAN_POINT('',(-47.5,-30.,3.));
#6430 = VECTOR('',#6431,1.);
#6431 = DIRECTION('',(1.,0.,0.));
#6432 = ORIENTED_EDGE('',*,*,#6433,.F.);
#6433 = EDGE_CURVE('',#6434,#6426,#6436,.T.);
#6434 = VERTEX_POINT('',#6435);
#6435 = CARTESIAN_POINT('',(47.5,-30.,0.));
#6436 = LINE('',#6437,#6438);
#6437 = CARTESIAN_POINT('',(47.5,-30.,0.));
#6438 = VECTOR('',#6439,1.);
#6439 = DIRECTION('',(0.,0.,1.));
#6440 = ORIENTED_EDGE('',*,*,#6441,.F.);
#6441 = EDGE_CURVE('',#6416,#6434,#6442,.T.);
#6442 = LINE('',#6443,#6444);
#6443 = CARTESIAN_POINT('',(-47.5,-30.,0.));
#6444 = VECTOR('',#6445,1.);
#6445 = DIRECTION('',(1.,0.,0.));
#6446 = PLANE('',#6447);
#6447 = AXIS2_PLACEMENT_3D('',#6448,#6449,#6450);
#6448 = CARTESIAN_POINT('',(-47.5,-30.,0.));
#6449 = DIRECTION('',(0.,1.,0.));
#6450 = DIRECTION('',(1.,0.,0.));
#6451 = ADVANCED_FACE('',(#6452),#6477,.F.);
#6452 = FACE_BOUND('',#6453,.F.);
#6453 = EDGE_LOOP('',(#6454,#6464,#6470,#6471));
#6454 = ORIENTED_EDGE('',*,*,#6455,.T.);
#6455 = EDGE_CURVE('',#6456,#6458,#6460,.T.);
#6456 = VERTEX_POINT('',#6457);
#6457 = CARTESIAN_POINT('',(-47.5,30.,0.));
#6458 = VERTEX_POINT('',#6459);
#6459 = CARTESIAN_POINT('',(-47.5,30.,3.));
#6460 = LINE('',#6461,#6462);
#6461 = CARTESIAN_POINT('',(-47.5,30.,0.));
#6462 = VECTOR('',#6463,1.);
#6463 = DIRECTION('',(0.,0.,1.));
#6464 = ORIENTED_EDGE('',*,*,#6465,.T.);
#6465 = EDGE_CURVE('',#6458,#6418,#6466,.T.);
#6466 = LINE('',#6467,#6468);
#6467 = CARTESIAN_POINT('',(-47.5,30.,3.));
#6468 = VECTOR('',#6469,1.);
#6469 = DIRECTION('',(0.,-1.,0.));
#6470 = ORIENTED_EDGE('',*,*,#6415,.F.);
#6471 = ORIENTED_EDGE('',*,*,#6472,.F.);
#6472 = EDGE_CURVE('',#6456,#6416,#6473,.T.);
#6473 = LINE('',#6474,#6475);
#6474 = CARTESIAN_POINT('',(-47.5,30.,0.));
#6475 = VECTOR('',#6476,1.);
#6476 = DIRECTION('',(0.,-1.,0.));
#6477 = PLANE('',#6478);
#6478 = AXIS2_PLACEMENT_3D('',#6479,#6480,#6481);
#6479 = CARTESIAN_POINT('',(-47.5,30.,0.));
#6480 = DIRECTION('',(1.,0.,0.));
#6481 = DIRECTION('',(0.,-1.,0.));
#6482 = ADVANCED_FACE('',(#6483),#6508,.F.);
#6483 = FACE_BOUND('',#6484,.F.);
#6484 = EDGE_LOOP('',(#6485,#6486,#6494,#6502));
#6485 = ORIENTED_EDGE('',*,*,#6433,.T.);
#6486 = ORIENTED_EDGE('',*,*,#6487,.T.);
#6487 = EDGE_CURVE('',#6426,#6488,#6490,.T.);
#6488 = VERTEX_POINT('',#6489);
#6489 = CARTESIAN_POINT('',(47.5,30.,3.));
#6490 = LINE('',#6491,#6492);
#6491 = CARTESIAN_POINT('',(47.5,-30.,3.));
#6492 = VECTOR('',#6493,1.);
#6493 = DIRECTION('',(0.,1.,0.));
#6494 = ORIENTED_EDGE('',*,*,#6495,.F.);
#6495 = EDGE_CURVE('',#6496,#6488,#6498,.T.);
#6496 = VERTEX_POINT('',#6497);
#6497 = CARTESIAN_POINT('',(47.5,30.,0.));
#6498 = LINE('',#6499,#6500);
#6499 = CARTESIAN_POINT('',(47.5,30.,0.));
#6500 = VECTOR('',#6501,1.);
#6501 = DIRECTION('',(0.,0.,1.));
#6502 = ORIENTED_EDGE('',*,*,#6503,.F.);
#6503 = EDGE_CURVE('',#6434,#6496,#6504,.T.);
#6504 = LINE('',#6505,#6506);
#6505 = CARTESIAN_POINT('',(47.5,-30.,0.));
#6506 = VECTOR('',#6507,1.);
#6507 = DIRECTION('',(0.,1.,0.));
#6508 = PLANE('',#6509);
#6509 = AXIS2_PLACEMENT_3D('',#6510,#6511,#6512);
#6510 = CARTESIAN_POINT('',(47.5,-30.,0.));
#6511 = DIRECTION('',(-1.,0.,0.));
#6512 = DIRECTION('',(0.,1.,0.));
#6513 = ADVANCED_FACE('',(#6514,#6525,#6536,#6547,#6581,#6592,#6626,
    #6652,#6663,#6697,#6708,#6742),#6776,.T.);
#6514 = FACE_BOUND('',#6515,.T.);
#6515 = EDGE_LOOP('',(#6516,#6517,#6518,#6524));
#6516 = ORIENTED_EDGE('',*,*,#6441,.F.);
#6517 = ORIENTED_EDGE('',*,*,#6472,.F.);
#6518 = ORIENTED_EDGE('',*,*,#6519,.F.);
#6519 = EDGE_CURVE('',#6496,#6456,#6520,.T.);
#6520 = LINE('',#6521,#6522);
#6521 = CARTESIAN_POINT('',(47.5,30.,0.));
#6522 = VECTOR('',#6523,1.);
#6523 = DIRECTION('',(-1.,0.,0.));
#6524 = ORIENTED_EDGE('',*,*,#6503,.F.);
#6525 = FACE_BOUND('',#6526,.T.);
#6526 = EDGE_LOOP('',(#6527));
#6527 = ORIENTED_EDGE('',*,*,#6528,.F.);
#6528 = EDGE_CURVE('',#6529,#6529,#6531,.T.);
#6529 = VERTEX_POINT('',#6530);
#6530 = CARTESIAN_POINT('',(47.25,-29.,0.));
#6531 = CIRCLE('',#6532,0.75);
#6532 = AXIS2_PLACEMENT_3D('',#6533,#6534,#6535);
#6533 = CARTESIAN_POINT('',(46.5,-29.,0.));
#6534 = DIRECTION('',(0.,0.,-1.));
#6535 = DIRECTION('',(1.,0.,0.));
#6536 = FACE_BOUND('',#6537,.T.);
#6537 = EDGE_LOOP('',(#6538));
#6538 = ORIENTED_EDGE('',*,*,#6539,.T.);
#6539 = EDGE_CURVE('',#6540,#6540,#6542,.T.);
#6540 = VERTEX_POINT('',#6541);
#6541 = CARTESIAN_POINT('',(37.25,-10.5,0.));
#6542 = CIRCLE('',#6543,3.25);
#6543 = AXIS2_PLACEMENT_3D('',#6544,#6545,#6546);
#6544 = CARTESIAN_POINT('',(34.,-10.5,0.));
#6545 = DIRECTION('',(0.,0.,1.));
#6546 = DIRECTION('',(1.,0.,0.));
#6547 = FACE_BOUND('',#6548,.T.);
#6548 = EDGE_LOOP('',(#6549,#6559,#6567,#6575));
#6549 = ORIENTED_EDGE('',*,*,#6550,.T.);
#6550 = EDGE_CURVE('',#6551,#6553,#6555,.T.);
#6551 = VERTEX_POINT('',#6552);
#6552 = CARTESIAN_POINT('',(5.,-20.,0.));
#6553 = VERTEX_POINT('',#6554);
#6554 = CARTESIAN_POINT('',(19.,-20.,0.));
#6555 = LINE('',#6556,#6557);
#6556 = CARTESIAN_POINT('',(2.5,-20.,0.));
#6557 = VECTOR('',#6558,1.);
#6558 = DIRECTION('',(1.,0.,0.));
#6559 = ORIENTED_EDGE('',*,*,#6560,.T.);
#6560 = EDGE_CURVE('',#6553,#6561,#6563,.T.);
#6561 = VERTEX_POINT('',#6562);
#6562 = CARTESIAN_POINT('',(19.,-6.,0.));
#6563 = LINE('',#6564,#6565);
#6564 = CARTESIAN_POINT('',(19.,-10.,0.));
#6565 = VECTOR('',#6566,1.);
#6566 = DIRECTION('',(0.,1.,0.));
#6567 = ORIENTED_EDGE('',*,*,#6568,.T.);
#6568 = EDGE_CURVE('',#6561,#6569,#6571,.T.);
#6569 = VERTEX_POINT('',#6570);
#6570 = CARTESIAN_POINT('',(5.,-6.,0.));
#6571 = LINE('',#6572,#6573);
#6572 = CARTESIAN_POINT('',(9.5,-6.,0.));
#6573 = VECTOR('',#6574,1.);
#6574 = DIRECTION('',(-1.,0.,0.));
#6575 = ORIENTED_EDGE('',*,*,#6576,.T.);
#6576 = EDGE_CURVE('',#6569,#6551,#6577,.T.);
#6577 = LINE('',#6578,#6579);
#6578 = CARTESIAN_POINT('',(5.,-3.,0.));
#6579 = VECTOR('',#6580,1.);
#6580 = DIRECTION('',(0.,-1.,0.));
#6581 = FACE_BOUND('',#6582,.T.);
#6582 = EDGE_LOOP('',(#6583));
#6583 = ORIENTED_EDGE('',*,*,#6584,.F.);
#6584 = EDGE_CURVE('',#6585,#6585,#6587,.T.);
#6585 = VERTEX_POINT('',#6586);
#6586 = CARTESIAN_POINT('',(-45.75,-29.,0.));
#6587 = CIRCLE('',#6588,0.75);
#6588 = AXIS2_PLACEMENT_3D('',#6589,#6590,#6591);
#6589 = CARTESIAN_POINT('',(-46.5,-29.,0.));
#6590 = DIRECTION('',(0.,0.,-1.));
#6591 = DIRECTION('',(1.,0.,0.));
#6592 = FACE_BOUND('',#6593,.T.);
#6593 = EDGE_LOOP('',(#6594,#6604,#6612,#6620));
#6594 = ORIENTED_EDGE('',*,*,#6595,.T.);
#6595 = EDGE_CURVE('',#6596,#6598,#6600,.T.);
#6596 = VERTEX_POINT('',#6597);
#6597 = CARTESIAN_POINT('',(-16.,-20.,0.));
#6598 = VERTEX_POINT('',#6599);
#6599 = CARTESIAN_POINT('',(-2.,-20.,0.));
#6600 = LINE('',#6601,#6602);
#6601 = CARTESIAN_POINT('',(-8.,-20.,0.));
#6602 = VECTOR('',#6603,1.);
#6603 = DIRECTION('',(1.,0.,0.));
#6604 = ORIENTED_EDGE('',*,*,#6605,.T.);
#6605 = EDGE_CURVE('',#6598,#6606,#6608,.T.);
#6606 = VERTEX_POINT('',#6607);
#6607 = CARTESIAN_POINT('',(-2.,-6.,0.));
#6608 = LINE('',#6609,#6610);
#6609 = CARTESIAN_POINT('',(-2.,-10.,0.));
#6610 = VECTOR('',#6611,1.);
#6611 = DIRECTION('',(0.,1.,0.));
#6612 = ORIENTED_EDGE('',*,*,#6613,.T.);
#6613 = EDGE_CURVE('',#6606,#6614,#6616,.T.);
#6614 = VERTEX_POINT('',#6615);
#6615 = CARTESIAN_POINT('',(-16.,-6.,0.));
#6616 = LINE('',#6617,#6618);
#6617 = CARTESIAN_POINT('',(-1.,-6.,0.));
#6618 = VECTOR('',#6619,1.);
#6619 = DIRECTION('',(-1.,0.,0.));
#6620 = ORIENTED_EDGE('',*,*,#6621,.T.);
#6621 = EDGE_CURVE('',#6614,#6596,#6622,.T.);
#6622 = LINE('',#6623,#6624);
#6623 = CARTESIAN_POINT('',(-16.,-3.,0.));
#6624 = VECTOR('',#6625,1.);
#6625 = DIRECTION('',(0.,-1.,0.));
#6626 = FACE_BOUND('',#6627,.T.);
#6627 = EDGE_LOOP('',(#6628,#6638,#6646));
#6628 = ORIENTED_EDGE('',*,*,#6629,.T.);
#6629 = EDGE_CURVE('',#6630,#6632,#6634,.T.);
#6630 = VERTEX_POINT('',#6631);
#6631 = CARTESIAN_POINT('',(-20.524963,-19.154011,0.));
#6632 = VERTEX_POINT('',#6633);
#6633 = CARTESIAN_POINT('',(-43.717487,-2.649436,0.));
#6634 = LINE('',#6635,#6636);
#6635 = CARTESIAN_POINT('',(-29.83291260589,-12.53016305802,0.));
#6636 = VECTOR('',#6637,1.);
#6637 = DIRECTION('',(-0.814754295507,0.57980637971,0.));
#6638 = ORIENTED_EDGE('',*,*,#6639,.T.);
#6639 = EDGE_CURVE('',#6632,#6640,#6642,.T.);
#6640 = VERTEX_POINT('',#6641);
#6641 = CARTESIAN_POINT('',(-43.717487,-19.154011,0.));
#6642 = LINE('',#6643,#6644);
#6643 = CARTESIAN_POINT('',(-43.717487,-9.5770055,0.));
#6644 = VECTOR('',#6645,1.);
#6645 = DIRECTION('',(0.,-1.,0.));
#6646 = ORIENTED_EDGE('',*,*,#6647,.T.);
#6647 = EDGE_CURVE('',#6640,#6630,#6648,.T.);
#6648 = LINE('',#6649,#6650);
#6649 = CARTESIAN_POINT('',(-10.2624815,-19.154011,0.));
#6650 = VECTOR('',#6651,1.);
#6651 = DIRECTION('',(1.,0.,0.));
#6652 = FACE_BOUND('',#6653,.T.);
#6653 = EDGE_LOOP('',(#6654));
#6654 = ORIENTED_EDGE('',*,*,#6655,.T.);
#6655 = EDGE_CURVE('',#6656,#6656,#6658,.T.);
#6656 = VERTEX_POINT('',#6657);
#6657 = CARTESIAN_POINT('',(37.25,9.5,0.));
#6658 = CIRCLE('',#6659,3.25);
#6659 = AXIS2_PLACEMENT_3D('',#6660,#6661,#6662);
#6660 = CARTESIAN_POINT('',(34.,9.5,0.));
#6661 = DIRECTION('',(0.,0.,1.));
#6662 = DIRECTION('',(1.,0.,0.));
#6663 = FACE_BOUND('',#6664,.T.);
#6664 = EDGE_LOOP('',(#6665,#6675,#6683,#6691));
#6665 = ORIENTED_EDGE('',*,*,#6666,.T.);
#6666 = EDGE_CURVE('',#6667,#6669,#6671,.T.);
#6667 = VERTEX_POINT('',#6668);
#6668 = CARTESIAN_POINT('',(5.,5.,0.));
#6669 = VERTEX_POINT('',#6670);
#6670 = CARTESIAN_POINT('',(19.,5.,0.));
#6671 = LINE('',#6672,#6673);
#6672 = CARTESIAN_POINT('',(2.5,5.,0.));
#6673 = VECTOR('',#6674,1.);
#6674 = DIRECTION('',(1.,0.,0.));
#6675 = ORIENTED_EDGE('',*,*,#6676,.T.);
#6676 = EDGE_CURVE('',#6669,#6677,#6679,.T.);
#6677 = VERTEX_POINT('',#6678);
#6678 = CARTESIAN_POINT('',(19.,19.,0.));
#6679 = LINE('',#6680,#6681);
#6680 = CARTESIAN_POINT('',(19.,2.5,0.));
#6681 = VECTOR('',#6682,1.);
#6682 = DIRECTION('',(0.,1.,0.));
#6683 = ORIENTED_EDGE('',*,*,#6684,.T.);
#6684 = EDGE_CURVE('',#6677,#6685,#6687,.T.);
#6685 = VERTEX_POINT('',#6686);
#6686 = CARTESIAN_POINT('',(5.,19.,0.));
#6687 = LINE('',#6688,#6689);
#6688 = CARTESIAN_POINT('',(9.5,19.,0.));
#6689 = VECTOR('',#6690,1.);
#6690 = DIRECTION('',(-1.,0.,0.));
#6691 = ORIENTED_EDGE('',*,*,#6692,.T.);
#6692 = EDGE_CURVE('',#6685,#6667,#6693,.T.);
#6693 = LINE('',#6694,#6695);
#6694 = CARTESIAN_POINT('',(5.,9.5,0.));
#6695 = VECTOR('',#6696,1.);
#6696 = DIRECTION('',(0.,-1.,0.));
#6697 = FACE_BOUND('',#6698,.T.);
#6698 = EDGE_LOOP('',(#6699));
#6699 = ORIENTED_EDGE('',*,*,#6700,.F.);
#6700 = EDGE_CURVE('',#6701,#6701,#6703,.T.);
#6701 = VERTEX_POINT('',#6702);
#6702 = CARTESIAN_POINT('',(47.25,29.,0.));
#6703 = CIRCLE('',#6704,0.75);
#6704 = AXIS2_PLACEMENT_3D('',#6705,#6706,#6707);
#6705 = CARTESIAN_POINT('',(46.5,29.,0.));
#6706 = DIRECTION('',(0.,0.,-1.));
#6707 = DIRECTION('',(1.,0.,0.));
#6708 = FACE_BOUND('',#6709,.T.);
#6709 = EDGE_LOOP('',(#6710,#6720,#6728,#6736));
#6710 = ORIENTED_EDGE('',*,*,#6711,.T.);
#6711 = EDGE_CURVE('',#6712,#6714,#6716,.T.);
#6712 = VERTEX_POINT('',#6713);
#6713 = CARTESIAN_POINT('',(-16.,5.,0.));
#6714 = VERTEX_POINT('',#6715);
#6715 = CARTESIAN_POINT('',(-2.,5.,0.));
#6716 = LINE('',#6717,#6718);
#6717 = CARTESIAN_POINT('',(-8.,5.,0.));
#6718 = VECTOR('',#6719,1.);
#6719 = DIRECTION('',(1.,0.,0.));
#6720 = ORIENTED_EDGE('',*,*,#6721,.T.);
#6721 = EDGE_CURVE('',#6714,#6722,#6724,.T.);
#6722 = VERTEX_POINT('',#6723);
#6723 = CARTESIAN_POINT('',(-2.,19.,0.));
#6724 = LINE('',#6725,#6726);
#6725 = CARTESIAN_POINT('',(-2.,2.5,0.));
#6726 = VECTOR('',#6727,1.);
#6727 = DIRECTION('',(0.,1.,0.));
#6728 = ORIENTED_EDGE('',*,*,#6729,.T.);
#6729 = EDGE_CURVE('',#6722,#6730,#6732,.T.);
#6730 = VERTEX_POINT('',#6731);
#6731 = CARTESIAN_POINT('',(-16.,19.,0.));
#6732 = LINE('',#6733,#6734);
#6733 = CARTESIAN_POINT('',(-1.,19.,0.));
#6734 = VECTOR('',#6735,1.);
#6735 = DIRECTION('',(-1.,0.,0.));
#6736 = ORIENTED_EDGE('',*,*,#6737,.T.);
#6737 = EDGE_CURVE('',#6730,#6712,#6738,.T.);
#6738 = LINE('',#6739,#6740);
#6739 = CARTESIAN_POINT('',(-16.,9.5,0.));
#6740 = VECTOR('',#6741,1.);
#6741 = DIRECTION('',(0.,-1.,0.));
#6742 = FACE_BOUND('',#6743,.T.);
#6743 = EDGE_LOOP('',(#6744,#6754,#6762,#6770));
#6744 = ORIENTED_EDGE('',*,*,#6745,.T.);
#6745 = EDGE_CURVE('',#6746,#6748,#6750,.T.);
#6746 = VERTEX_POINT('',#6747);
#6747 = CARTESIAN_POINT('',(-46.5,16.25,0.));
#6748 = VERTEX_POINT('',#6749);
#6749 = CARTESIAN_POINT('',(-24.,16.25,0.));
#6750 = LINE('',#6751,#6752);
#6751 = CARTESIAN_POINT('',(-23.25,16.25,0.));
#6752 = VECTOR('',#6753,1.);
#6753 = DIRECTION('',(1.,0.,0.));
#6754 = ORIENTED_EDGE('',*,*,#6755,.T.);
#6755 = EDGE_CURVE('',#6748,#6756,#6758,.T.);
#6756 = VERTEX_POINT('',#6757);
#6757 = CARTESIAN_POINT('',(-24.,27.75,0.));
#6758 = LINE('',#6759,#6760);
#6759 = CARTESIAN_POINT('',(-24.,8.125,0.));
#6760 = VECTOR('',#6761,1.);
#6761 = DIRECTION('',(0.,1.,0.));
#6762 = ORIENTED_EDGE('',*,*,#6763,.T.);
#6763 = EDGE_CURVE('',#6756,#6764,#6766,.T.);
#6764 = VERTEX_POINT('',#6765);
#6765 = CARTESIAN_POINT('',(-46.5,27.75,0.));
#6766 = LINE('',#6767,#6768);
#6767 = CARTESIAN_POINT('',(-12.,27.75,0.));
#6768 = VECTOR('',#6769,1.);
#6769 = DIRECTION('',(-1.,0.,0.));
#6770 = ORIENTED_EDGE('',*,*,#6771,.T.);
#6771 = EDGE_CURVE('',#6764,#6746,#6772,.T.);
#6772 = LINE('',#6773,#6774);
#6773 = CARTESIAN_POINT('',(-46.5,13.875,0.));
#6774 = VECTOR('',#6775,1.);
#6775 = DIRECTION('',(0.,-1.,0.));
#6776 = PLANE('',#6777);
#6777 = AXIS2_PLACEMENT_3D('',#6778,#6779,#6780);
#6778 = CARTESIAN_POINT('',(0.,0.,0.));
#6779 = DIRECTION('',(-0.,-0.,-1.));
#6780 = DIRECTION('',(-1.,0.,0.));
#6781 = ADVANCED_FACE('',(#6782,#6793,#6819,#6853,#6887,#6898,#6932,
    #6966,#7000),#7011,.T.);
#6782 = FACE_BOUND('',#6783,.T.);
#6783 = EDGE_LOOP('',(#6784,#6785,#6786,#6792));
#6784 = ORIENTED_EDGE('',*,*,#6425,.T.);
#6785 = ORIENTED_EDGE('',*,*,#6487,.T.);
#6786 = ORIENTED_EDGE('',*,*,#6787,.T.);
#6787 = EDGE_CURVE('',#6488,#6458,#6788,.T.);
#6788 = LINE('',#6789,#6790);
#6789 = CARTESIAN_POINT('',(47.5,30.,3.));
#6790 = VECTOR('',#6791,1.);
#6791 = DIRECTION('',(-1.,0.,0.));
#6792 = ORIENTED_EDGE('',*,*,#6465,.T.);
#6793 = FACE_BOUND('',#6794,.T.);
#6794 = EDGE_LOOP('',(#6795,#6805,#6813));
#6795 = ORIENTED_EDGE('',*,*,#6796,.T.);
#6796 = EDGE_CURVE('',#6797,#6799,#6801,.T.);
#6797 = VERTEX_POINT('',#6798);
#6798 = CARTESIAN_POINT('',(-20.524963,-19.154011,3.));
#6799 = VERTEX_POINT('',#6800);
#6800 = CARTESIAN_POINT('',(-43.717487,-19.154011,3.));
#6801 = LINE('',#6802,#6803);
#6802 = CARTESIAN_POINT('',(-20.524963,-19.154011,3.));
#6803 = VECTOR('',#6804,1.);
#6804 = DIRECTION('',(-1.,0.,0.));
#6805 = ORIENTED_EDGE('',*,*,#6806,.T.);
#6806 = EDGE_CURVE('',#6799,#6807,#6809,.T.);
#6807 = VERTEX_POINT('',#6808);
#6808 = CARTESIAN_POINT('',(-43.717487,-2.649436,3.));
#6809 = LINE('',#6810,#6811);
#6810 = CARTESIAN_POINT('',(-43.717487,-19.154011,3.));
#6811 = VECTOR('',#6812,1.);
#6812 = DIRECTION('',(0.,1.,0.));
#6813 = ORIENTED_EDGE('',*,*,#6814,.T.);
#6814 = EDGE_CURVE('',#6807,#6797,#6815,.T.);
#6815 = LINE('',#6816,#6817);
#6816 = CARTESIAN_POINT('',(-43.717487,-2.649436,3.));
#6817 = VECTOR('',#6818,1.);
#6818 = DIRECTION('',(0.814754295507,-0.57980637971,0.));
#6819 = FACE_BOUND('',#6820,.T.);
#6820 = EDGE_LOOP('',(#6821,#6831,#6839,#6847));
#6821 = ORIENTED_EDGE('',*,*,#6822,.F.);
#6822 = EDGE_CURVE('',#6823,#6825,#6827,.T.);
#6823 = VERTEX_POINT('',#6824);
#6824 = CARTESIAN_POINT('',(-16.,-20.,3.));
#6825 = VERTEX_POINT('',#6826);
#6826 = CARTESIAN_POINT('',(-2.,-20.,3.));
#6827 = LINE('',#6828,#6829);
#6828 = CARTESIAN_POINT('',(-16.,-20.,3.));
#6829 = VECTOR('',#6830,1.);
#6830 = DIRECTION('',(1.,0.,0.));
#6831 = ORIENTED_EDGE('',*,*,#6832,.F.);
#6832 = EDGE_CURVE('',#6833,#6823,#6835,.T.);
#6833 = VERTEX_POINT('',#6834);
#6834 = CARTESIAN_POINT('',(-16.,-6.,3.));
#6835 = LINE('',#6836,#6837);
#6836 = CARTESIAN_POINT('',(-16.,-6.,3.));
#6837 = VECTOR('',#6838,1.);
#6838 = DIRECTION('',(0.,-1.,0.));
#6839 = ORIENTED_EDGE('',*,*,#6840,.F.);
#6840 = EDGE_CURVE('',#6841,#6833,#6843,.T.);
#6841 = VERTEX_POINT('',#6842);
#6842 = CARTESIAN_POINT('',(-2.,-6.,3.));
#6843 = LINE('',#6844,#6845);
#6844 = CARTESIAN_POINT('',(-2.,-6.,3.));
#6845 = VECTOR('',#6846,1.);
#6846 = DIRECTION('',(-1.,0.,0.));
#6847 = ORIENTED_EDGE('',*,*,#6848,.F.);
#6848 = EDGE_CURVE('',#6825,#6841,#6849,.T.);
#6849 = LINE('',#6850,#6851);
#6850 = CARTESIAN_POINT('',(-2.,-20.,3.));
#6851 = VECTOR('',#6852,1.);
#6852 = DIRECTION('',(0.,1.,0.));
#6853 = FACE_BOUND('',#6854,.T.);
#6854 = EDGE_LOOP('',(#6855,#6865,#6873,#6881));
#6855 = ORIENTED_EDGE('',*,*,#6856,.F.);
#6856 = EDGE_CURVE('',#6857,#6859,#6861,.T.);
#6857 = VERTEX_POINT('',#6858);
#6858 = CARTESIAN_POINT('',(5.,-20.,3.));
#6859 = VERTEX_POINT('',#6860);
#6860 = CARTESIAN_POINT('',(19.,-20.,3.));
#6861 = LINE('',#6862,#6863);
#6862 = CARTESIAN_POINT('',(5.,-20.,3.));
#6863 = VECTOR('',#6864,1.);
#6864 = DIRECTION('',(1.,0.,0.));
#6865 = ORIENTED_EDGE('',*,*,#6866,.F.);
#6866 = EDGE_CURVE('',#6867,#6857,#6869,.T.);
#6867 = VERTEX_POINT('',#6868);
#6868 = CARTESIAN_POINT('',(5.,-6.,3.));
#6869 = LINE('',#6870,#6871);
#6870 = CARTESIAN_POINT('',(5.,-6.,3.));
#6871 = VECTOR('',#6872,1.);
#6872 = DIRECTION('',(0.,-1.,0.));
#6873 = ORIENTED_EDGE('',*,*,#6874,.F.);
#6874 = EDGE_CURVE('',#6875,#6867,#6877,.T.);
#6875 = VERTEX_POINT('',#6876);
#6876 = CARTESIAN_POINT('',(19.,-6.,3.));
#6877 = LINE('',#6878,#6879);
#6878 = CARTESIAN_POINT('',(19.,-6.,3.));
#6879 = VECTOR('',#6880,1.);
#6880 = DIRECTION('',(-1.,0.,0.));
#6881 = ORIENTED_EDGE('',*,*,#6882,.F.);
#6882 = EDGE_CURVE('',#6859,#6875,#6883,.T.);
#6883 = LINE('',#6884,#6885);
#6884 = CARTESIAN_POINT('',(19.,-20.,3.));
#6885 = VECTOR('',#6886,1.);
#6886 = DIRECTION('',(0.,1.,0.));
#6887 = FACE_BOUND('',#6888,.T.);
#6888 = EDGE_LOOP('',(#6889));
#6889 = ORIENTED_EDGE('',*,*,#6890,.F.);
#6890 = EDGE_CURVE('',#6891,#6891,#6893,.T.);
#6891 = VERTEX_POINT('',#6892);
#6892 = CARTESIAN_POINT('',(37.25,-10.5,3.));
#6893 = CIRCLE('',#6894,3.25);
#6894 = AXIS2_PLACEMENT_3D('',#6895,#6896,#6897);
#6895 = CARTESIAN_POINT('',(34.,-10.5,3.));
#6896 = DIRECTION('',(0.,0.,1.));
#6897 = DIRECTION('',(1.,0.,0.));
#6898 = FACE_BOUND('',#6899,.T.);
#6899 = EDGE_LOOP('',(#6900,#6910,#6918,#6926));
#6900 = ORIENTED_EDGE('',*,*,#6901,.F.);
#6901 = EDGE_CURVE('',#6902,#6904,#6906,.T.);
#6902 = VERTEX_POINT('',#6903);
#6903 = CARTESIAN_POINT('',(-16.,5.,3.));
#6904 = VERTEX_POINT('',#6905);
#6905 = CARTESIAN_POINT('',(-2.,5.,3.));
#6906 = LINE('',#6907,#6908);
#6907 = CARTESIAN_POINT('',(-16.,5.,3.));
#6908 = VECTOR('',#6909,1.);
#6909 = DIRECTION('',(1.,0.,0.));
#6910 = ORIENTED_EDGE('',*,*,#6911,.F.);
#6911 = EDGE_CURVE('',#6912,#6902,#6914,.T.);
#6912 = VERTEX_POINT('',#6913);
#6913 = CARTESIAN_POINT('',(-16.,19.,3.));
#6914 = LINE('',#6915,#6916);
#6915 = CARTESIAN_POINT('',(-16.,19.,3.));
#6916 = VECTOR('',#6917,1.);
#6917 = DIRECTION('',(0.,-1.,0.));
#6918 = ORIENTED_EDGE('',*,*,#6919,.F.);
#6919 = EDGE_CURVE('',#6920,#6912,#6922,.T.);
#6920 = VERTEX_POINT('',#6921);
#6921 = CARTESIAN_POINT('',(-2.,19.,3.));
#6922 = LINE('',#6923,#6924);
#6923 = CARTESIAN_POINT('',(-2.,19.,3.));
#6924 = VECTOR('',#6925,1.);
#6925 = DIRECTION('',(-1.,0.,0.));
#6926 = ORIENTED_EDGE('',*,*,#6927,.F.);
#6927 = EDGE_CURVE('',#6904,#6920,#6928,.T.);
#6928 = LINE('',#6929,#6930);
#6929 = CARTESIAN_POINT('',(-2.,5.,3.));
#6930 = VECTOR('',#6931,1.);
#6931 = DIRECTION('',(0.,1.,0.));
#6932 = FACE_BOUND('',#6933,.T.);
#6933 = EDGE_LOOP('',(#6934,#6944,#6952,#6960));
#6934 = ORIENTED_EDGE('',*,*,#6935,.F.);
#6935 = EDGE_CURVE('',#6936,#6938,#6940,.T.);
#6936 = VERTEX_POINT('',#6937);
#6937 = CARTESIAN_POINT('',(-46.5,16.25,3.));
#6938 = VERTEX_POINT('',#6939);
#6939 = CARTESIAN_POINT('',(-24.,16.25,3.));
#6940 = LINE('',#6941,#6942);
#6941 = CARTESIAN_POINT('',(-46.5,16.25,3.));
#6942 = VECTOR('',#6943,1.);
#6943 = DIRECTION('',(1.,0.,0.));
#6944 = ORIENTED_EDGE('',*,*,#6945,.F.);
#6945 = EDGE_CURVE('',#6946,#6936,#6948,.T.);
#6946 = VERTEX_POINT('',#6947);
#6947 = CARTESIAN_POINT('',(-46.5,27.75,3.));
#6948 = LINE('',#6949,#6950);
#6949 = CARTESIAN_POINT('',(-46.5,27.75,3.));
#6950 = VECTOR('',#6951,1.);
#6951 = DIRECTION('',(0.,-1.,0.));
#6952 = ORIENTED_EDGE('',*,*,#6953,.F.);
#6953 = EDGE_CURVE('',#6954,#6946,#6956,.T.);
#6954 = VERTEX_POINT('',#6955);
#6955 = CARTESIAN_POINT('',(-24.,27.75,3.));
#6956 = LINE('',#6957,#6958);
#6957 = CARTESIAN_POINT('',(-24.,27.75,3.));
#6958 = VECTOR('',#6959,1.);
#6959 = DIRECTION('',(-1.,0.,0.));
#6960 = ORIENTED_EDGE('',*,*,#6961,.F.);
#6961 = EDGE_CURVE('',#6938,#6954,#6962,.T.);
#6962 = LINE('',#6963,#6964);
#6963 = CARTESIAN_POINT('',(-24.,16.25,3.));
#6964 = VECTOR('',#6965,1.);
#6965 = DIRECTION('',(0.,1.,0.));
#6966 = FACE_BOUND('',#6967,.T.);
#6967 = EDGE_LOOP('',(#6968,#6978,#6986,#6994));
#6968 = ORIENTED_EDGE('',*,*,#6969,.F.);
#6969 = EDGE_CURVE('',#6970,#6972,#6974,.T.);
#6970 = VERTEX_POINT('',#6971);
#6971 = CARTESIAN_POINT('',(5.,5.,3.));
#6972 = VERTEX_POINT('',#6973);
#6973 = CARTESIAN_POINT('',(19.,5.,3.));
#6974 = LINE('',#6975,#6976);
#6975 = CARTESIAN_POINT('',(5.,5.,3.));
#6976 = VECTOR('',#6977,1.);
#6977 = DIRECTION('',(1.,0.,0.));
#6978 = ORIENTED_EDGE('',*,*,#6979,.F.);
#6979 = EDGE_CURVE('',#6980,#6970,#6982,.T.);
#6980 = VERTEX_POINT('',#6981);
#6981 = CARTESIAN_POINT('',(5.,19.,3.));
#6982 = LINE('',#6983,#6984);
#6983 = CARTESIAN_POINT('',(5.,19.,3.));
#6984 = VECTOR('',#6985,1.);
#6985 = DIRECTION('',(0.,-1.,0.));
#6986 = ORIENTED_EDGE('',*,*,#6987,.F.);
#6987 = EDGE_CURVE('',#6988,#6980,#6990,.T.);
#6988 = VERTEX_POINT('',#6989);
#6989 = CARTESIAN_POINT('',(19.,19.,3.));
#6990 = LINE('',#6991,#6992);
#6991 = CARTESIAN_POINT('',(19.,19.,3.));
#6992 = VECTOR('',#6993,1.);
#6993 = DIRECTION('',(-1.,0.,0.));
#6994 = ORIENTED_EDGE('',*,*,#6995,.F.);
#6995 = EDGE_CURVE('',#6972,#6988,#6996,.T.);
#6996 = LINE('',#6997,#6998);
#6997 = CARTESIAN_POINT('',(19.,5.,3.));
#6998 = VECTOR('',#6999,1.);
#6999 = DIRECTION('',(0.,1.,0.));
#7000 = FACE_BOUND('',#7001,.T.);
#7001 = EDGE_LOOP('',(#7002));
#7002 = ORIENTED_EDGE('',*,*,#7003,.F.);
#7003 = EDGE_CURVE('',#7004,#7004,#7006,.T.);
#7004 = VERTEX_POINT('',#7005);
#7005 = CARTESIAN_POINT('',(37.25,9.5,3.));
#7006 = CIRCLE('',#7007,3.25);
#7007 = AXIS2_PLACEMENT_3D('',#7008,#7009,#7010);
#7008 = CARTESIAN_POINT('',(34.,9.5,3.));
#7009 = DIRECTION('',(0.,0.,1.));
#7010 = DIRECTION('',(1.,0.,0.));
#7011 = PLANE('',#7012);
#7012 = AXIS2_PLACEMENT_3D('',#7013,#7014,#7015);
#7013 = CARTESIAN_POINT('',(0.,0.,3.));
#7014 = DIRECTION('',(0.,0.,1.));
#7015 = DIRECTION('',(1.,0.,0.));
#7016 = ADVANCED_FACE('',(#7017),#7023,.F.);
#7017 = FACE_BOUND('',#7018,.F.);
#7018 = EDGE_LOOP('',(#7019,#7020,#7021,#7022));
#7019 = ORIENTED_EDGE('',*,*,#6495,.T.);
#7020 = ORIENTED_EDGE('',*,*,#6787,.T.);
#7021 = ORIENTED_EDGE('',*,*,#6455,.F.);
#7022 = ORIENTED_EDGE('',*,*,#6519,.F.);
#7023 = PLANE('',#7024);
#7024 = AXIS2_PLACEMENT_3D('',#7025,#7026,#7027);
#7025 = CARTESIAN_POINT('',(47.5,30.,0.));
#7026 = DIRECTION('',(0.,-1.,0.));
#7027 = DIRECTION('',(-1.,0.,0.));
#7028 = ADVANCED_FACE('',(#7029),#7048,.F.);
#7029 = FACE_BOUND('',#7030,.F.);
#7030 = EDGE_LOOP('',(#7031,#7039,#7046,#7047));
#7031 = ORIENTED_EDGE('',*,*,#7032,.T.);
#7032 = EDGE_CURVE('',#6529,#7033,#7035,.T.);
#7033 = VERTEX_POINT('',#7034);
#7034 = CARTESIAN_POINT('',(47.25,-29.,2.));
#7035 = LINE('',#7036,#7037);
#7036 = CARTESIAN_POINT('',(47.25,-29.,0.));
#7037 = VECTOR('',#7038,1.);
#7038 = DIRECTION('',(0.,0.,1.));
#7039 = ORIENTED_EDGE('',*,*,#7040,.T.);
#7040 = EDGE_CURVE('',#7033,#7033,#7041,.T.);
#7041 = CIRCLE('',#7042,0.75);
#7042 = AXIS2_PLACEMENT_3D('',#7043,#7044,#7045);
#7043 = CARTESIAN_POINT('',(46.5,-29.,2.));
#7044 = DIRECTION('',(0.,0.,-1.));
#7045 = DIRECTION('',(1.,0.,0.));
#7046 = ORIENTED_EDGE('',*,*,#7032,.F.);
#7047 = ORIENTED_EDGE('',*,*,#6528,.F.);
#7048 = CYLINDRICAL_SURFACE('',#7049,0.75);
#7049 = AXIS2_PLACEMENT_3D('',#7050,#7051,#7052);
#7050 = CARTESIAN_POINT('',(46.5,-29.,0.));
#7051 = DIRECTION('',(0.,0.,-1.));
#7052 = DIRECTION('',(1.,0.,0.));
#7053 = ADVANCED_FACE('',(#7054),#7065,.F.);
#7054 = FACE_BOUND('',#7055,.F.);
#7055 = EDGE_LOOP('',(#7056,#7057,#7063,#7064));
#7056 = ORIENTED_EDGE('',*,*,#6890,.F.);
#7057 = ORIENTED_EDGE('',*,*,#7058,.T.);
#7058 = EDGE_CURVE('',#6891,#6540,#7059,.T.);
#7059 = LINE('',#7060,#7061);
#7060 = CARTESIAN_POINT('',(37.25,-10.5,3.));
#7061 = VECTOR('',#7062,1.);
#7062 = DIRECTION('',(-0.,-0.,-1.));
#7063 = ORIENTED_EDGE('',*,*,#6539,.T.);
#7064 = ORIENTED_EDGE('',*,*,#7058,.F.);
#7065 = CYLINDRICAL_SURFACE('',#7066,3.25);
#7066 = AXIS2_PLACEMENT_3D('',#7067,#7068,#7069);
#7067 = CARTESIAN_POINT('',(34.,-10.5,3.));
#7068 = DIRECTION('',(0.,0.,1.));
#7069 = DIRECTION('',(1.,0.,0.));
#7070 = ADVANCED_FACE('',(#7071),#7087,.F.);
#7071 = FACE_BOUND('',#7072,.F.);
#7072 = EDGE_LOOP('',(#7073,#7074,#7080,#7081));
#7073 = ORIENTED_EDGE('',*,*,#6856,.F.);
#7074 = ORIENTED_EDGE('',*,*,#7075,.T.);
#7075 = EDGE_CURVE('',#6857,#6551,#7076,.T.);
#7076 = LINE('',#7077,#7078);
#7077 = CARTESIAN_POINT('',(5.,-20.,3.));
#7078 = VECTOR('',#7079,1.);
#7079 = DIRECTION('',(-0.,-0.,-1.));
#7080 = ORIENTED_EDGE('',*,*,#6550,.T.);
#7081 = ORIENTED_EDGE('',*,*,#7082,.F.);
#7082 = EDGE_CURVE('',#6859,#6553,#7083,.T.);
#7083 = LINE('',#7084,#7085);
#7084 = CARTESIAN_POINT('',(19.,-20.,3.));
#7085 = VECTOR('',#7086,1.);
#7086 = DIRECTION('',(-0.,-0.,-1.));
#7087 = PLANE('',#7088);
#7088 = AXIS2_PLACEMENT_3D('',#7089,#7090,#7091);
#7089 = CARTESIAN_POINT('',(5.,-20.,3.));
#7090 = DIRECTION('',(0.,-1.,0.));
#7091 = DIRECTION('',(1.,0.,0.));
#7092 = ADVANCED_FACE('',(#7093),#7104,.F.);
#7093 = FACE_BOUND('',#7094,.F.);
#7094 = EDGE_LOOP('',(#7095,#7096,#7102,#7103));
#7095 = ORIENTED_EDGE('',*,*,#6866,.F.);
#7096 = ORIENTED_EDGE('',*,*,#7097,.T.);
#7097 = EDGE_CURVE('',#6867,#6569,#7098,.T.);
#7098 = LINE('',#7099,#7100);
#7099 = CARTESIAN_POINT('',(5.,-6.,3.));
#7100 = VECTOR('',#7101,1.);
#7101 = DIRECTION('',(-0.,-0.,-1.));
#7102 = ORIENTED_EDGE('',*,*,#6576,.T.);
#7103 = ORIENTED_EDGE('',*,*,#7075,.F.);
#7104 = PLANE('',#7105);
#7105 = AXIS2_PLACEMENT_3D('',#7106,#7107,#7108);
#7106 = CARTESIAN_POINT('',(5.,-6.,3.));
#7107 = DIRECTION('',(-1.,0.,0.));
#7108 = DIRECTION('',(0.,-1.,0.));
#7109 = ADVANCED_FACE('',(#7110),#7121,.F.);
#7110 = FACE_BOUND('',#7111,.F.);
#7111 = EDGE_LOOP('',(#7112,#7113,#7114,#7115));
#7112 = ORIENTED_EDGE('',*,*,#6882,.F.);
#7113 = ORIENTED_EDGE('',*,*,#7082,.T.);
#7114 = ORIENTED_EDGE('',*,*,#6560,.T.);
#7115 = ORIENTED_EDGE('',*,*,#7116,.F.);
#7116 = EDGE_CURVE('',#6875,#6561,#7117,.T.);
#7117 = LINE('',#7118,#7119);
#7118 = CARTESIAN_POINT('',(19.,-6.,3.));
#7119 = VECTOR('',#7120,1.);
#7120 = DIRECTION('',(-0.,-0.,-1.));
#7121 = PLANE('',#7122);
#7122 = AXIS2_PLACEMENT_3D('',#7123,#7124,#7125);
#7123 = CARTESIAN_POINT('',(19.,-20.,3.));
#7124 = DIRECTION('',(1.,0.,0.));
#7125 = DIRECTION('',(0.,1.,0.));
#7126 = ADVANCED_FACE('',(#7127),#7133,.F.);
#7127 = FACE_BOUND('',#7128,.F.);
#7128 = EDGE_LOOP('',(#7129,#7130,#7131,#7132));
#7129 = ORIENTED_EDGE('',*,*,#6874,.F.);
#7130 = ORIENTED_EDGE('',*,*,#7116,.T.);
#7131 = ORIENTED_EDGE('',*,*,#6568,.T.);
#7132 = ORIENTED_EDGE('',*,*,#7097,.F.);
#7133 = PLANE('',#7134);
#7134 = AXIS2_PLACEMENT_3D('',#7135,#7136,#7137);
#7135 = CARTESIAN_POINT('',(19.,-6.,3.));
#7136 = DIRECTION('',(0.,1.,0.));
#7137 = DIRECTION('',(-1.,0.,0.));
#7138 = ADVANCED_FACE('',(#7139),#7158,.F.);
#7139 = FACE_BOUND('',#7140,.F.);
#7140 = EDGE_LOOP('',(#7141,#7149,#7156,#7157));
#7141 = ORIENTED_EDGE('',*,*,#7142,.T.);
#7142 = EDGE_CURVE('',#6585,#7143,#7145,.T.);
#7143 = VERTEX_POINT('',#7144);
#7144 = CARTESIAN_POINT('',(-45.75,-29.,2.));
#7145 = LINE('',#7146,#7147);
#7146 = CARTESIAN_POINT('',(-45.75,-29.,0.));
#7147 = VECTOR('',#7148,1.);
#7148 = DIRECTION('',(0.,0.,1.));
#7149 = ORIENTED_EDGE('',*,*,#7150,.T.);
#7150 = EDGE_CURVE('',#7143,#7143,#7151,.T.);
#7151 = CIRCLE('',#7152,0.75);
#7152 = AXIS2_PLACEMENT_3D('',#7153,#7154,#7155);
#7153 = CARTESIAN_POINT('',(-46.5,-29.,2.));
#7154 = DIRECTION('',(0.,0.,-1.));
#7155 = DIRECTION('',(1.,0.,0.));
#7156 = ORIENTED_EDGE('',*,*,#7142,.F.);
#7157 = ORIENTED_EDGE('',*,*,#6584,.F.);
#7158 = CYLINDRICAL_SURFACE('',#7159,0.75);
#7159 = AXIS2_PLACEMENT_3D('',#7160,#7161,#7162);
#7160 = CARTESIAN_POINT('',(-46.5,-29.,0.));
#7161 = DIRECTION('',(0.,0.,-1.));
#7162 = DIRECTION('',(1.,0.,0.));
#7163 = ADVANCED_FACE('',(#7164),#7180,.F.);
#7164 = FACE_BOUND('',#7165,.F.);
#7165 = EDGE_LOOP('',(#7166,#7167,#7173,#7174));
#7166 = ORIENTED_EDGE('',*,*,#6822,.F.);
#7167 = ORIENTED_EDGE('',*,*,#7168,.T.);
#7168 = EDGE_CURVE('',#6823,#6596,#7169,.T.);
#7169 = LINE('',#7170,#7171);
#7170 = CARTESIAN_POINT('',(-16.,-20.,3.));
#7171 = VECTOR('',#7172,1.);
#7172 = DIRECTION('',(-0.,-0.,-1.));
#7173 = ORIENTED_EDGE('',*,*,#6595,.T.);
#7174 = ORIENTED_EDGE('',*,*,#7175,.F.);
#7175 = EDGE_CURVE('',#6825,#6598,#7176,.T.);
#7176 = LINE('',#7177,#7178);
#7177 = CARTESIAN_POINT('',(-2.,-20.,3.));
#7178 = VECTOR('',#7179,1.);
#7179 = DIRECTION('',(-0.,-0.,-1.));
#7180 = PLANE('',#7181);
#7181 = AXIS2_PLACEMENT_3D('',#7182,#7183,#7184);
#7182 = CARTESIAN_POINT('',(-16.,-20.,3.));
#7183 = DIRECTION('',(0.,-1.,0.));
#7184 = DIRECTION('',(1.,0.,0.));
#7185 = ADVANCED_FACE('',(#7186),#7197,.F.);
#7186 = FACE_BOUND('',#7187,.F.);
#7187 = EDGE_LOOP('',(#7188,#7189,#7195,#7196));
#7188 = ORIENTED_EDGE('',*,*,#6832,.F.);
#7189 = ORIENTED_EDGE('',*,*,#7190,.T.);
#7190 = EDGE_CURVE('',#6833,#6614,#7191,.T.);
#7191 = LINE('',#7192,#7193);
#7192 = CARTESIAN_POINT('',(-16.,-6.,3.));
#7193 = VECTOR('',#7194,1.);
#7194 = DIRECTION('',(-0.,-0.,-1.));
#7195 = ORIENTED_EDGE('',*,*,#6621,.T.);
#7196 = ORIENTED_EDGE('',*,*,#7168,.F.);
#7197 = PLANE('',#7198);
#7198 = AXIS2_PLACEMENT_3D('',#7199,#7200,#7201);
#7199 = CARTESIAN_POINT('',(-16.,-6.,3.));
#7200 = DIRECTION('',(-1.,0.,0.));
#7201 = DIRECTION('',(0.,-1.,0.));
#7202 = ADVANCED_FACE('',(#7203),#7214,.F.);
#7203 = FACE_BOUND('',#7204,.F.);
#7204 = EDGE_LOOP('',(#7205,#7206,#7207,#7208));
#7205 = ORIENTED_EDGE('',*,*,#6848,.F.);
#7206 = ORIENTED_EDGE('',*,*,#7175,.T.);
#7207 = ORIENTED_EDGE('',*,*,#6605,.T.);
#7208 = ORIENTED_EDGE('',*,*,#7209,.F.);
#7209 = EDGE_CURVE('',#6841,#6606,#7210,.T.);
#7210 = LINE('',#7211,#7212);
#7211 = CARTESIAN_POINT('',(-2.,-6.,3.));
#7212 = VECTOR('',#7213,1.);
#7213 = DIRECTION('',(-0.,-0.,-1.));
#7214 = PLANE('',#7215);
#7215 = AXIS2_PLACEMENT_3D('',#7216,#7217,#7218);
#7216 = CARTESIAN_POINT('',(-2.,-20.,3.));
#7217 = DIRECTION('',(1.,0.,0.));
#7218 = DIRECTION('',(0.,1.,0.));
#7219 = ADVANCED_FACE('',(#7220),#7226,.F.);
#7220 = FACE_BOUND('',#7221,.F.);
#7221 = EDGE_LOOP('',(#7222,#7223,#7224,#7225));
#7222 = ORIENTED_EDGE('',*,*,#6840,.F.);
#7223 = ORIENTED_EDGE('',*,*,#7209,.T.);
#7224 = ORIENTED_EDGE('',*,*,#6613,.T.);
#7225 = ORIENTED_EDGE('',*,*,#7190,.F.);
#7226 = PLANE('',#7227);
#7227 = AXIS2_PLACEMENT_3D('',#7228,#7229,#7230);
#7228 = CARTESIAN_POINT('',(-2.,-6.,3.));
#7229 = DIRECTION('',(0.,1.,0.));
#7230 = DIRECTION('',(-1.,0.,0.));
#7231 = ADVANCED_FACE('',(#7232),#7248,.T.);
#7232 = FACE_BOUND('',#7233,.T.);
#7233 = EDGE_LOOP('',(#7234,#7235,#7241,#7242));
#7234 = ORIENTED_EDGE('',*,*,#6814,.F.);
#7235 = ORIENTED_EDGE('',*,*,#7236,.T.);
#7236 = EDGE_CURVE('',#6807,#6632,#7237,.T.);
#7237 = LINE('',#7238,#7239);
#7238 = CARTESIAN_POINT('',(-43.717487,-2.649436,3.));
#7239 = VECTOR('',#7240,1.);
#7240 = DIRECTION('',(-0.,-0.,-1.));
#7241 = ORIENTED_EDGE('',*,*,#6629,.F.);
#7242 = ORIENTED_EDGE('',*,*,#7243,.F.);
#7243 = EDGE_CURVE('',#6797,#6630,#7244,.T.);
#7244 = LINE('',#7245,#7246);
#7245 = CARTESIAN_POINT('',(-20.524963,-19.154011,3.));
#7246 = VECTOR('',#7247,1.);
#7247 = DIRECTION('',(-0.,-0.,-1.));
#7248 = PLANE('',#7249);
#7249 = AXIS2_PLACEMENT_3D('',#7250,#7251,#7252);
#7250 = CARTESIAN_POINT('',(-43.717487,-2.649436,3.));
#7251 = DIRECTION('',(-0.57980637971,-0.814754295507,0.));
#7252 = DIRECTION('',(0.814754295507,-0.57980637971,0.));
#7253 = ADVANCED_FACE('',(#7254),#7265,.T.);
#7254 = FACE_BOUND('',#7255,.T.);
#7255 = EDGE_LOOP('',(#7256,#7257,#7258,#7259));
#7256 = ORIENTED_EDGE('',*,*,#6796,.F.);
#7257 = ORIENTED_EDGE('',*,*,#7243,.T.);
#7258 = ORIENTED_EDGE('',*,*,#6647,.F.);
#7259 = ORIENTED_EDGE('',*,*,#7260,.F.);
#7260 = EDGE_CURVE('',#6799,#6640,#7261,.T.);
#7261 = LINE('',#7262,#7263);
#7262 = CARTESIAN_POINT('',(-43.717487,-19.154011,3.));
#7263 = VECTOR('',#7264,1.);
#7264 = DIRECTION('',(-0.,-0.,-1.));
#7265 = PLANE('',#7266);
#7266 = AXIS2_PLACEMENT_3D('',#7267,#7268,#7269);
#7267 = CARTESIAN_POINT('',(-20.524963,-19.154011,3.));
#7268 = DIRECTION('',(0.,1.,0.));
#7269 = DIRECTION('',(-1.,0.,0.));
#7270 = ADVANCED_FACE('',(#7271),#7277,.T.);
#7271 = FACE_BOUND('',#7272,.T.);
#7272 = EDGE_LOOP('',(#7273,#7274,#7275,#7276));
#7273 = ORIENTED_EDGE('',*,*,#6806,.F.);
#7274 = ORIENTED_EDGE('',*,*,#7260,.T.);
#7275 = ORIENTED_EDGE('',*,*,#6639,.F.);
#7276 = ORIENTED_EDGE('',*,*,#7236,.F.);
#7277 = PLANE('',#7278);
#7278 = AXIS2_PLACEMENT_3D('',#7279,#7280,#7281);
#7279 = CARTESIAN_POINT('',(-43.717487,-19.154011,3.));
#7280 = DIRECTION('',(1.,0.,0.));
#7281 = DIRECTION('',(0.,1.,0.));
#7282 = ADVANCED_FACE('',(#7283),#7294,.F.);
#7283 = FACE_BOUND('',#7284,.F.);
#7284 = EDGE_LOOP('',(#7285,#7286,#7292,#7293));
#7285 = ORIENTED_EDGE('',*,*,#7003,.F.);
#7286 = ORIENTED_EDGE('',*,*,#7287,.T.);
#7287 = EDGE_CURVE('',#7004,#6656,#7288,.T.);
#7288 = LINE('',#7289,#7290);
#7289 = CARTESIAN_POINT('',(37.25,9.5,3.));
#7290 = VECTOR('',#7291,1.);
#7291 = DIRECTION('',(-0.,-0.,-1.));
#7292 = ORIENTED_EDGE('',*,*,#6655,.T.);
#7293 = ORIENTED_EDGE('',*,*,#7287,.F.);
#7294 = CYLINDRICAL_SURFACE('',#7295,3.25);
#7295 = AXIS2_PLACEMENT_3D('',#7296,#7297,#7298);
#7296 = CARTESIAN_POINT('',(34.,9.5,3.));
#7297 = DIRECTION('',(0.,0.,1.));
#7298 = DIRECTION('',(1.,0.,0.));
#7299 = ADVANCED_FACE('',(#7300),#7316,.F.);
#7300 = FACE_BOUND('',#7301,.F.);
#7301 = EDGE_LOOP('',(#7302,#7303,#7309,#7310));
#7302 = ORIENTED_EDGE('',*,*,#6969,.F.);
#7303 = ORIENTED_EDGE('',*,*,#7304,.T.);
#7304 = EDGE_CURVE('',#6970,#6667,#7305,.T.);
#7305 = LINE('',#7306,#7307);
#7306 = CARTESIAN_POINT('',(5.,5.,3.));
#7307 = VECTOR('',#7308,1.);
#7308 = DIRECTION('',(-0.,-0.,-1.));
#7309 = ORIENTED_EDGE('',*,*,#6666,.T.);
#7310 = ORIENTED_EDGE('',*,*,#7311,.F.);
#7311 = EDGE_CURVE('',#6972,#6669,#7312,.T.);
#7312 = LINE('',#7313,#7314);
#7313 = CARTESIAN_POINT('',(19.,5.,3.));
#7314 = VECTOR('',#7315,1.);
#7315 = DIRECTION('',(-0.,-0.,-1.));
#7316 = PLANE('',#7317);
#7317 = AXIS2_PLACEMENT_3D('',#7318,#7319,#7320);
#7318 = CARTESIAN_POINT('',(5.,5.,3.));
#7319 = DIRECTION('',(0.,-1.,0.));
#7320 = DIRECTION('',(1.,0.,0.));
#7321 = ADVANCED_FACE('',(#7322),#7333,.F.);
#7322 = FACE_BOUND('',#7323,.F.);
#7323 = EDGE_LOOP('',(#7324,#7325,#7331,#7332));
#7324 = ORIENTED_EDGE('',*,*,#6979,.F.);
#7325 = ORIENTED_EDGE('',*,*,#7326,.T.);
#7326 = EDGE_CURVE('',#6980,#6685,#7327,.T.);
#7327 = LINE('',#7328,#7329);
#7328 = CARTESIAN_POINT('',(5.,19.,3.));
#7329 = VECTOR('',#7330,1.);
#7330 = DIRECTION('',(-0.,-0.,-1.));
#7331 = ORIENTED_EDGE('',*,*,#6692,.T.);
#7332 = ORIENTED_EDGE('',*,*,#7304,.F.);
#7333 = PLANE('',#7334);
#7334 = AXIS2_PLACEMENT_3D('',#7335,#7336,#7337);
#7335 = CARTESIAN_POINT('',(5.,19.,3.));
#7336 = DIRECTION('',(-1.,0.,0.));
#7337 = DIRECTION('',(0.,-1.,0.));
#7338 = ADVANCED_FACE('',(#7339),#7350,.F.);
#7339 = FACE_BOUND('',#7340,.F.);
#7340 = EDGE_LOOP('',(#7341,#7342,#7343,#7344));
#7341 = ORIENTED_EDGE('',*,*,#6995,.F.);
#7342 = ORIENTED_EDGE('',*,*,#7311,.T.);
#7343 = ORIENTED_EDGE('',*,*,#6676,.T.);
#7344 = ORIENTED_EDGE('',*,*,#7345,.F.);
#7345 = EDGE_CURVE('',#6988,#6677,#7346,.T.);
#7346 = LINE('',#7347,#7348);
#7347 = CARTESIAN_POINT('',(19.,19.,3.));
#7348 = VECTOR('',#7349,1.);
#7349 = DIRECTION('',(-0.,-0.,-1.));
#7350 = PLANE('',#7351);
#7351 = AXIS2_PLACEMENT_3D('',#7352,#7353,#7354);
#7352 = CARTESIAN_POINT('',(19.,5.,3.));
#7353 = DIRECTION('',(1.,0.,0.));
#7354 = DIRECTION('',(0.,1.,0.));
#7355 = ADVANCED_FACE('',(#7356),#7362,.F.);
#7356 = FACE_BOUND('',#7357,.F.);
#7357 = EDGE_LOOP('',(#7358,#7359,#7360,#7361));
#7358 = ORIENTED_EDGE('',*,*,#6987,.F.);
#7359 = ORIENTED_EDGE('',*,*,#7345,.T.);
#7360 = ORIENTED_EDGE('',*,*,#6684,.T.);
#7361 = ORIENTED_EDGE('',*,*,#7326,.F.);
#7362 = PLANE('',#7363);
#7363 = AXIS2_PLACEMENT_3D('',#7364,#7365,#7366);
#7364 = CARTESIAN_POINT('',(19.,19.,3.));
#7365 = DIRECTION('',(0.,1.,0.));
#7366 = DIRECTION('',(-1.,0.,0.));
#7367 = ADVANCED_FACE('',(#7368),#7387,.F.);
#7368 = FACE_BOUND('',#7369,.F.);
#7369 = EDGE_LOOP('',(#7370,#7378,#7385,#7386));
#7370 = ORIENTED_EDGE('',*,*,#7371,.T.);
#7371 = EDGE_CURVE('',#6701,#7372,#7374,.T.);
#7372 = VERTEX_POINT('',#7373);
#7373 = CARTESIAN_POINT('',(47.25,29.,2.));
#7374 = LINE('',#7375,#7376);
#7375 = CARTESIAN_POINT('',(47.25,29.,0.));
#7376 = VECTOR('',#7377,1.);
#7377 = DIRECTION('',(0.,0.,1.));
#7378 = ORIENTED_EDGE('',*,*,#7379,.T.);
#7379 = EDGE_CURVE('',#7372,#7372,#7380,.T.);
#7380 = CIRCLE('',#7381,0.75);
#7381 = AXIS2_PLACEMENT_3D('',#7382,#7383,#7384);
#7382 = CARTESIAN_POINT('',(46.5,29.,2.));
#7383 = DIRECTION('',(0.,0.,-1.));
#7384 = DIRECTION('',(1.,0.,0.));
#7385 = ORIENTED_EDGE('',*,*,#7371,.F.);
#7386 = ORIENTED_EDGE('',*,*,#6700,.F.);
#7387 = CYLINDRICAL_SURFACE('',#7388,0.75);
#7388 = AXIS2_PLACEMENT_3D('',#7389,#7390,#7391);
#7389 = CARTESIAN_POINT('',(46.5,29.,0.));
#7390 = DIRECTION('',(0.,0.,-1.));
#7391 = DIRECTION('',(1.,0.,0.));
#7392 = ADVANCED_FACE('',(#7393),#7409,.F.);
#7393 = FACE_BOUND('',#7394,.F.);
#7394 = EDGE_LOOP('',(#7395,#7396,#7402,#7403));
#7395 = ORIENTED_EDGE('',*,*,#6901,.F.);
#7396 = ORIENTED_EDGE('',*,*,#7397,.T.);
#7397 = EDGE_CURVE('',#6902,#6712,#7398,.T.);
#7398 = LINE('',#7399,#7400);
#7399 = CARTESIAN_POINT('',(-16.,5.,3.));
#7400 = VECTOR('',#7401,1.);
#7401 = DIRECTION('',(-0.,-0.,-1.));
#7402 = ORIENTED_EDGE('',*,*,#6711,.T.);
#7403 = ORIENTED_EDGE('',*,*,#7404,.F.);
#7404 = EDGE_CURVE('',#6904,#6714,#7405,.T.);
#7405 = LINE('',#7406,#7407);
#7406 = CARTESIAN_POINT('',(-2.,5.,3.));
#7407 = VECTOR('',#7408,1.);
#7408 = DIRECTION('',(-0.,-0.,-1.));
#7409 = PLANE('',#7410);
#7410 = AXIS2_PLACEMENT_3D('',#7411,#7412,#7413);
#7411 = CARTESIAN_POINT('',(-16.,5.,3.));
#7412 = DIRECTION('',(0.,-1.,0.));
#7413 = DIRECTION('',(1.,0.,0.));
#7414 = ADVANCED_FACE('',(#7415),#7426,.F.);
#7415 = FACE_BOUND('',#7416,.F.);
#7416 = EDGE_LOOP('',(#7417,#7418,#7424,#7425));
#7417 = ORIENTED_EDGE('',*,*,#6911,.F.);
#7418 = ORIENTED_EDGE('',*,*,#7419,.T.);
#7419 = EDGE_CURVE('',#6912,#6730,#7420,.T.);
#7420 = LINE('',#7421,#7422);
#7421 = CARTESIAN_POINT('',(-16.,19.,3.));
#7422 = VECTOR('',#7423,1.);
#7423 = DIRECTION('',(-0.,-0.,-1.));
#7424 = ORIENTED_EDGE('',*,*,#6737,.T.);
#7425 = ORIENTED_EDGE('',*,*,#7397,.F.);
#7426 = PLANE('',#7427);
#7427 = AXIS2_PLACEMENT_3D('',#7428,#7429,#7430);
#7428 = CARTESIAN_POINT('',(-16.,19.,3.));
#7429 = DIRECTION('',(-1.,0.,0.));
#7430 = DIRECTION('',(0.,-1.,0.));
#7431 = ADVANCED_FACE('',(#7432),#7443,.F.);
#7432 = FACE_BOUND('',#7433,.F.);
#7433 = EDGE_LOOP('',(#7434,#7435,#7436,#7437));
#7434 = ORIENTED_EDGE('',*,*,#6927,.F.);
#7435 = ORIENTED_EDGE('',*,*,#7404,.T.);
#7436 = ORIENTED_EDGE('',*,*,#6721,.T.);
#7437 = ORIENTED_EDGE('',*,*,#7438,.F.);
#7438 = EDGE_CURVE('',#6920,#6722,#7439,.T.);
#7439 = LINE('',#7440,#7441);
#7440 = CARTESIAN_POINT('',(-2.,19.,3.));
#7441 = VECTOR('',#7442,1.);
#7442 = DIRECTION('',(-0.,-0.,-1.));
#7443 = PLANE('',#7444);
#7444 = AXIS2_PLACEMENT_3D('',#7445,#7446,#7447);
#7445 = CARTESIAN_POINT('',(-2.,5.,3.));
#7446 = DIRECTION('',(1.,0.,0.));
#7447 = DIRECTION('',(0.,1.,0.));
#7448 = ADVANCED_FACE('',(#7449),#7455,.F.);
#7449 = FACE_BOUND('',#7450,.F.);
#7450 = EDGE_LOOP('',(#7451,#7452,#7453,#7454));
#7451 = ORIENTED_EDGE('',*,*,#6919,.F.);
#7452 = ORIENTED_EDGE('',*,*,#7438,.T.);
#7453 = ORIENTED_EDGE('',*,*,#6729,.T.);
#7454 = ORIENTED_EDGE('',*,*,#7419,.F.);
#7455 = PLANE('',#7456);
#7456 = AXIS2_PLACEMENT_3D('',#7457,#7458,#7459);
#7457 = CARTESIAN_POINT('',(-2.,19.,3.));
#7458 = DIRECTION('',(0.,1.,0.));
#7459 = DIRECTION('',(-1.,0.,0.));
#7460 = ADVANCED_FACE('',(#7461),#7477,.F.);
#7461 = FACE_BOUND('',#7462,.F.);
#7462 = EDGE_LOOP('',(#7463,#7464,#7470,#7471));
#7463 = ORIENTED_EDGE('',*,*,#6935,.F.);
#7464 = ORIENTED_EDGE('',*,*,#7465,.T.);
#7465 = EDGE_CURVE('',#6936,#6746,#7466,.T.);
#7466 = LINE('',#7467,#7468);
#7467 = CARTESIAN_POINT('',(-46.5,16.25,3.));
#7468 = VECTOR('',#7469,1.);
#7469 = DIRECTION('',(-0.,-0.,-1.));
#7470 = ORIENTED_EDGE('',*,*,#6745,.T.);
#7471 = ORIENTED_EDGE('',*,*,#7472,.F.);
#7472 = EDGE_CURVE('',#6938,#6748,#7473,.T.);
#7473 = LINE('',#7474,#7475);
#7474 = CARTESIAN_POINT('',(-24.,16.25,3.));
#7475 = VECTOR('',#7476,1.);
#7476 = DIRECTION('',(-0.,-0.,-1.));
#7477 = PLANE('',#7478);
#7478 = AXIS2_PLACEMENT_3D('',#7479,#7480,#7481);
#7479 = CARTESIAN_POINT('',(-46.5,16.25,3.));
#7480 = DIRECTION('',(0.,-1.,0.));
#7481 = DIRECTION('',(1.,0.,0.));
#7482 = ADVANCED_FACE('',(#7483),#7494,.F.);
#7483 = FACE_BOUND('',#7484,.F.);
#7484 = EDGE_LOOP('',(#7485,#7486,#7492,#7493));
#7485 = ORIENTED_EDGE('',*,*,#6945,.F.);
#7486 = ORIENTED_EDGE('',*,*,#7487,.T.);
#7487 = EDGE_CURVE('',#6946,#6764,#7488,.T.);
#7488 = LINE('',#7489,#7490);
#7489 = CARTESIAN_POINT('',(-46.5,27.75,3.));
#7490 = VECTOR('',#7491,1.);
#7491 = DIRECTION('',(-0.,-0.,-1.));
#7492 = ORIENTED_EDGE('',*,*,#6771,.T.);
#7493 = ORIENTED_EDGE('',*,*,#7465,.F.);
#7494 = PLANE('',#7495);
#7495 = AXIS2_PLACEMENT_3D('',#7496,#7497,#7498);
#7496 = CARTESIAN_POINT('',(-46.5,27.75,3.));
#7497 = DIRECTION('',(-1.,0.,0.));
#7498 = DIRECTION('',(0.,-1.,0.));
#7499 = ADVANCED_FACE('',(#7500),#7511,.F.);
#7500 = FACE_BOUND('',#7501,.F.);
#7501 = EDGE_LOOP('',(#7502,#7503,#7504,#7505));
#7502 = ORIENTED_EDGE('',*,*,#6961,.F.);
#7503 = ORIENTED_EDGE('',*,*,#7472,.T.);
#7504 = ORIENTED_EDGE('',*,*,#6755,.T.);
#7505 = ORIENTED_EDGE('',*,*,#7506,.F.);
#7506 = EDGE_CURVE('',#6954,#6756,#7507,.T.);
#7507 = LINE('',#7508,#7509);
#7508 = CARTESIAN_POINT('',(-24.,27.75,3.));
#7509 = VECTOR('',#7510,1.);
#7510 = DIRECTION('',(-0.,-0.,-1.));
#7511 = PLANE('',#7512);
#7512 = AXIS2_PLACEMENT_3D('',#7513,#7514,#7515);
#7513 = CARTESIAN_POINT('',(-24.,16.25,3.));
#7514 = DIRECTION('',(1.,0.,0.));
#7515 = DIRECTION('',(0.,1.,0.));
#7516 = ADVANCED_FACE('',(#7517),#7523,.F.);
#7517 = FACE_BOUND('',#7518,.F.);
#7518 = EDGE_LOOP('',(#7519,#7520,#7521,#7522));
#7519 = ORIENTED_EDGE('',*,*,#6953,.F.);
#7520 = ORIENTED_EDGE('',*,*,#7506,.T.);
#7521 = ORIENTED_EDGE('',*,*,#6763,.T.);
#7522 = ORIENTED_EDGE('',*,*,#7487,.F.);
#7523 = PLANE('',#7524);
#7524 = AXIS2_PLACEMENT_3D('',#7525,#7526,#7527);
#7525 = CARTESIAN_POINT('',(-24.,27.75,3.));
#7526 = DIRECTION('',(0.,1.,0.));
#7527 = DIRECTION('',(-1.,0.,0.));
#7528 = ADVANCED_FACE('',(#7529),#7532,.F.);
#7529 = FACE_BOUND('',#7530,.T.);
#7530 = EDGE_LOOP('',(#7531));
#7531 = ORIENTED_EDGE('',*,*,#7040,.T.);
#7532 = PLANE('',#7533);
#7533 = AXIS2_PLACEMENT_3D('',#7534,#7535,#7536);
#7534 = CARTESIAN_POINT('',(15.5,-9.666666666667,2.));
#7535 = DIRECTION('',(0.,0.,1.));
#7536 = DIRECTION('',(1.,0.,0.));
#7537 = ADVANCED_FACE('',(#7538),#7541,.F.);
#7538 = FACE_BOUND('',#7539,.T.);
#7539 = EDGE_LOOP('',(#7540));
#7540 = ORIENTED_EDGE('',*,*,#7150,.T.);
#7541 = PLANE('',#7542);
#7542 = AXIS2_PLACEMENT_3D('',#7543,#7544,#7545);
#7543 = CARTESIAN_POINT('',(15.5,-9.666666666667,2.));
#7544 = DIRECTION('',(0.,0.,1.));
#7545 = DIRECTION('',(1.,0.,0.));
#7546 = ADVANCED_FACE('',(#7547),#7550,.F.);
#7547 = FACE_BOUND('',#7548,.T.);
#7548 = EDGE_LOOP('',(#7549));
#7549 = ORIENTED_EDGE('',*,*,#7379,.T.);
#7550 = PLANE('',#7551);
#7551 = AXIS2_PLACEMENT_3D('',#7552,#7553,#7554);
#7552 = CARTESIAN_POINT('',(15.5,-9.666666666667,2.));
#7553 = DIRECTION('',(0.,0.,1.));
#7554 = DIRECTION('',(1.,0.,0.));
#7555 = ( GEOMETRIC_REPRESENTATION_CONTEXT(3) 
GLOBAL_UNCERTAINTY_ASSIGNED_CONTEXT((#7559)) 
GLOBAL_UNIT_ASSIGNED_CONTEXT((#7556,#7557,#7558)) REPRESENTATION_CONTEXT
('Context #1','3D Context with UNIT and UNCERTAINTY') );
#7556 = ( LENGTH_UNIT() NAMED_UNIT(*) SI_UNIT(.MILLI.,.METRE.) );
#7557 = ( NAMED_UNIT(*) PLANE_ANGLE_UNIT() SI_UNIT($,.RADIAN.) );
#7558 = ( NAMED_UNIT(*) SI_UNIT($,.STERADIAN.) SOLID_ANGLE_UNIT() );
#7559 = UNCERTAINTY_MEASURE_WITH_UNIT(LENGTH_MEASURE(2.E-05),#7556,
  'distance_accuracy_value','confusion accuracy');
#7560 = CONTEXT_DEPENDENT_SHAPE_REPRESENTATION(#7561,#7563);
#7561 = ( REPRESENTATION_RELATIONSHIP('','',#6408,#10) 
REPRESENTATION_RELATIONSHIP_WITH_TRANSFORMATION(#7562) 
SHAPE_REPRESENTATION_RELATIONSHIP() );
#7562 = ITEM_DEFINED_TRANSFORMATION('','',#11,#23);
#7563 = PRODUCT_DEFINITION_SHAPE('Placement','Placement of an item',
  #7564);
#7564 = NEXT_ASSEMBLY_USAGE_OCCURRENCE('6','TopLid','',#5,#6403,$);
#7565 = PRODUCT_RELATED_PRODUCT_CATEGORY('part',$,(#6405));
#7566 = MECHANICAL_DESIGN_GEOMETRIC_PRESENTATION_REPRESENTATION('',(
    #7567,#7578,#7586,#7593,#7600,#7607,#7614,#7621,#7628,#7635,#7642,
    #7649,#7656,#7663,#7670,#7677,#7684,#7691,#7698,#7705,#7712,#7719,
    #7726,#7733,#7740,#7747,#7754,#7761,#7768,#7775,#7782,#7789,#7796,
    #7803,#7810,#7817,#7824,#7831,#7838,#7845,#7852,#7859,#7866,#7873,
    #7880,#7887,#7894,#7901,#7908,#7915,#7922,#7929,#7936,#7943,#7950,
    #7957,#7964,#7971,#7978,#7985,#7992,#7999,#8006,#8013,#8020,#8027,
    #8034,#8041,#8048,#8055,#8062,#8069,#8076),#2871);
#7567 = STYLED_ITEM('color',(#7568),#91);
#7568 = PRESENTATION_STYLE_ASSIGNMENT((#7569,#7575));
#7569 = SURFACE_STYLE_USAGE(.BOTH.,#7570);
#7570 = SURFACE_SIDE_STYLE('',(#7571));
#7571 = SURFACE_STYLE_FILL_AREA(#7572);
#7572 = FILL_AREA_STYLE('',(#7573));
#7573 = FILL_AREA_STYLE_COLOUR('',#7574);
#7574 = COLOUR_RGB('',0.147999998088,0.144999993226,0.144999993226);
#7575 = CURVE_STYLE('',#7576,POSITIVE_LENGTH_MEASURE(0.1),#7577);
#7576 = DRAUGHTING_PRE_DEFINED_CURVE_FONT('continuous');
#7577 = COLOUR_RGB('',9.803921802644E-02,9.803921802644E-02,
  9.803921802644E-02);
#7578 = OVER_RIDING_STYLED_ITEM('overriding color',(#7579),#1239,#7567);
#7579 = PRESENTATION_STYLE_ASSIGNMENT((#7580));
#7580 = SURFACE_STYLE_USAGE(.BOTH.,#7581);
#7581 = SURFACE_SIDE_STYLE('',(#7582));
#7582 = SURFACE_STYLE_FILL_AREA(#7583);
#7583 = FILL_AREA_STYLE('',(#7584));
#7584 = FILL_AREA_STYLE_COLOUR('',#7585);
#7585 = COLOUR_RGB('',0.859000020776,0.737999965183,0.495999988746);
#7586 = OVER_RIDING_STYLED_ITEM('overriding color',(#7587),#1270,#7567);
#7587 = PRESENTATION_STYLE_ASSIGNMENT((#7588));
#7588 = SURFACE_STYLE_USAGE(.BOTH.,#7589);
#7589 = SURFACE_SIDE_STYLE('',(#7590));
#7590 = SURFACE_STYLE_FILL_AREA(#7591);
#7591 = FILL_AREA_STYLE('',(#7592));
#7592 = FILL_AREA_STYLE_COLOUR('',#7585);
#7593 = OVER_RIDING_STYLED_ITEM('overriding color',(#7594),#1294,#7567);
#7594 = PRESENTATION_STYLE_ASSIGNMENT((#7595));
#7595 = SURFACE_STYLE_USAGE(.BOTH.,#7596);
#7596 = SURFACE_SIDE_STYLE('',(#7597));
#7597 = SURFACE_STYLE_FILL_AREA(#7598);
#7598 = FILL_AREA_STYLE('',(#7599));
#7599 = FILL_AREA_STYLE_COLOUR('',#7585);
#7600 = OVER_RIDING_STYLED_ITEM('overriding color',(#7601),#1318,#7567);
#7601 = PRESENTATION_STYLE_ASSIGNMENT((#7602));
#7602 = SURFACE_STYLE_USAGE(.BOTH.,#7603);
#7603 = SURFACE_SIDE_STYLE('',(#7604));
#7604 = SURFACE_STYLE_FILL_AREA(#7605);
#7605 = FILL_AREA_STYLE('',(#7606));
#7606 = FILL_AREA_STYLE_COLOUR('',#7585);
#7607 = OVER_RIDING_STYLED_ITEM('overriding color',(#7608),#1335,#7567);
#7608 = PRESENTATION_STYLE_ASSIGNMENT((#7609));
#7609 = SURFACE_STYLE_USAGE(.BOTH.,#7610);
#7610 = SURFACE_SIDE_STYLE('',(#7611));
#7611 = SURFACE_STYLE_FILL_AREA(#7612);
#7612 = FILL_AREA_STYLE('',(#7613));
#7613 = FILL_AREA_STYLE_COLOUR('',#7585);
#7614 = OVER_RIDING_STYLED_ITEM('overriding color',(#7615),#1366,#7567);
#7615 = PRESENTATION_STYLE_ASSIGNMENT((#7616));
#7616 = SURFACE_STYLE_USAGE(.BOTH.,#7617);
#7617 = SURFACE_SIDE_STYLE('',(#7618));
#7618 = SURFACE_STYLE_FILL_AREA(#7619);
#7619 = FILL_AREA_STYLE('',(#7620));
#7620 = FILL_AREA_STYLE_COLOUR('',#7585);
#7621 = OVER_RIDING_STYLED_ITEM('overriding color',(#7622),#1390,#7567);
#7622 = PRESENTATION_STYLE_ASSIGNMENT((#7623));
#7623 = SURFACE_STYLE_USAGE(.BOTH.,#7624);
#7624 = SURFACE_SIDE_STYLE('',(#7625));
#7625 = SURFACE_STYLE_FILL_AREA(#7626);
#7626 = FILL_AREA_STYLE('',(#7627));
#7627 = FILL_AREA_STYLE_COLOUR('',#7585);
#7628 = OVER_RIDING_STYLED_ITEM('overriding color',(#7629),#1414,#7567);
#7629 = PRESENTATION_STYLE_ASSIGNMENT((#7630));
#7630 = SURFACE_STYLE_USAGE(.BOTH.,#7631);
#7631 = SURFACE_SIDE_STYLE('',(#7632));
#7632 = SURFACE_STYLE_FILL_AREA(#7633);
#7633 = FILL_AREA_STYLE('',(#7634));
#7634 = FILL_AREA_STYLE_COLOUR('',#7585);
#7635 = OVER_RIDING_STYLED_ITEM('overriding color',(#7636),#1431,#7567);
#7636 = PRESENTATION_STYLE_ASSIGNMENT((#7637));
#7637 = SURFACE_STYLE_USAGE(.BOTH.,#7638);
#7638 = SURFACE_SIDE_STYLE('',(#7639));
#7639 = SURFACE_STYLE_FILL_AREA(#7640);
#7640 = FILL_AREA_STYLE('',(#7641));
#7641 = FILL_AREA_STYLE_COLOUR('',#7585);
#7642 = OVER_RIDING_STYLED_ITEM('overriding color',(#7643),#1462,#7567);
#7643 = PRESENTATION_STYLE_ASSIGNMENT((#7644));
#7644 = SURFACE_STYLE_USAGE(.BOTH.,#7645);
#7645 = SURFACE_SIDE_STYLE('',(#7646));
#7646 = SURFACE_STYLE_FILL_AREA(#7647);
#7647 = FILL_AREA_STYLE('',(#7648));
#7648 = FILL_AREA_STYLE_COLOUR('',#7585);
#7649 = OVER_RIDING_STYLED_ITEM('overriding color',(#7650),#1486,#7567);
#7650 = PRESENTATION_STYLE_ASSIGNMENT((#7651));
#7651 = SURFACE_STYLE_USAGE(.BOTH.,#7652);
#7652 = SURFACE_SIDE_STYLE('',(#7653));
#7653 = SURFACE_STYLE_FILL_AREA(#7654);
#7654 = FILL_AREA_STYLE('',(#7655));
#7655 = FILL_AREA_STYLE_COLOUR('',#7585);
#7656 = OVER_RIDING_STYLED_ITEM('overriding color',(#7657),#1510,#7567);
#7657 = PRESENTATION_STYLE_ASSIGNMENT((#7658));
#7658 = SURFACE_STYLE_USAGE(.BOTH.,#7659);
#7659 = SURFACE_SIDE_STYLE('',(#7660));
#7660 = SURFACE_STYLE_FILL_AREA(#7661);
#7661 = FILL_AREA_STYLE('',(#7662));
#7662 = FILL_AREA_STYLE_COLOUR('',#7585);
#7663 = OVER_RIDING_STYLED_ITEM('overriding color',(#7664),#1527,#7567);
#7664 = PRESENTATION_STYLE_ASSIGNMENT((#7665));
#7665 = SURFACE_STYLE_USAGE(.BOTH.,#7666);
#7666 = SURFACE_SIDE_STYLE('',(#7667));
#7667 = SURFACE_STYLE_FILL_AREA(#7668);
#7668 = FILL_AREA_STYLE('',(#7669));
#7669 = FILL_AREA_STYLE_COLOUR('',#7585);
#7670 = OVER_RIDING_STYLED_ITEM('overriding color',(#7671),#1558,#7567);
#7671 = PRESENTATION_STYLE_ASSIGNMENT((#7672));
#7672 = SURFACE_STYLE_USAGE(.BOTH.,#7673);
#7673 = SURFACE_SIDE_STYLE('',(#7674));
#7674 = SURFACE_STYLE_FILL_AREA(#7675);
#7675 = FILL_AREA_STYLE('',(#7676));
#7676 = FILL_AREA_STYLE_COLOUR('',#7585);
#7677 = OVER_RIDING_STYLED_ITEM('overriding color',(#7678),#1582,#7567);
#7678 = PRESENTATION_STYLE_ASSIGNMENT((#7679));
#7679 = SURFACE_STYLE_USAGE(.BOTH.,#7680);
#7680 = SURFACE_SIDE_STYLE('',(#7681));
#7681 = SURFACE_STYLE_FILL_AREA(#7682);
#7682 = FILL_AREA_STYLE('',(#7683));
#7683 = FILL_AREA_STYLE_COLOUR('',#7585);
#7684 = OVER_RIDING_STYLED_ITEM('overriding color',(#7685),#1606,#7567);
#7685 = PRESENTATION_STYLE_ASSIGNMENT((#7686));
#7686 = SURFACE_STYLE_USAGE(.BOTH.,#7687);
#7687 = SURFACE_SIDE_STYLE('',(#7688));
#7688 = SURFACE_STYLE_FILL_AREA(#7689);
#7689 = FILL_AREA_STYLE('',(#7690));
#7690 = FILL_AREA_STYLE_COLOUR('',#7585);
#7691 = OVER_RIDING_STYLED_ITEM('overriding color',(#7692),#1623,#7567);
#7692 = PRESENTATION_STYLE_ASSIGNMENT((#7693));
#7693 = SURFACE_STYLE_USAGE(.BOTH.,#7694);
#7694 = SURFACE_SIDE_STYLE('',(#7695));
#7695 = SURFACE_STYLE_FILL_AREA(#7696);
#7696 = FILL_AREA_STYLE('',(#7697));
#7697 = FILL_AREA_STYLE_COLOUR('',#7585);
#7698 = OVER_RIDING_STYLED_ITEM('overriding color',(#7699),#1654,#7567);
#7699 = PRESENTATION_STYLE_ASSIGNMENT((#7700));
#7700 = SURFACE_STYLE_USAGE(.BOTH.,#7701);
#7701 = SURFACE_SIDE_STYLE('',(#7702));
#7702 = SURFACE_STYLE_FILL_AREA(#7703);
#7703 = FILL_AREA_STYLE('',(#7704));
#7704 = FILL_AREA_STYLE_COLOUR('',#7585);
#7705 = OVER_RIDING_STYLED_ITEM('overriding color',(#7706),#1678,#7567);
#7706 = PRESENTATION_STYLE_ASSIGNMENT((#7707));
#7707 = SURFACE_STYLE_USAGE(.BOTH.,#7708);
#7708 = SURFACE_SIDE_STYLE('',(#7709));
#7709 = SURFACE_STYLE_FILL_AREA(#7710);
#7710 = FILL_AREA_STYLE('',(#7711));
#7711 = FILL_AREA_STYLE_COLOUR('',#7585);
#7712 = OVER_RIDING_STYLED_ITEM('overriding color',(#7713),#1702,#7567);
#7713 = PRESENTATION_STYLE_ASSIGNMENT((#7714));
#7714 = SURFACE_STYLE_USAGE(.BOTH.,#7715);
#7715 = SURFACE_SIDE_STYLE('',(#7716));
#7716 = SURFACE_STYLE_FILL_AREA(#7717);
#7717 = FILL_AREA_STYLE('',(#7718));
#7718 = FILL_AREA_STYLE_COLOUR('',#7585);
#7719 = OVER_RIDING_STYLED_ITEM('overriding color',(#7720),#1719,#7567);
#7720 = PRESENTATION_STYLE_ASSIGNMENT((#7721));
#7721 = SURFACE_STYLE_USAGE(.BOTH.,#7722);
#7722 = SURFACE_SIDE_STYLE('',(#7723));
#7723 = SURFACE_STYLE_FILL_AREA(#7724);
#7724 = FILL_AREA_STYLE('',(#7725));
#7725 = FILL_AREA_STYLE_COLOUR('',#7585);
#7726 = OVER_RIDING_STYLED_ITEM('overriding color',(#7727),#1750,#7567);
#7727 = PRESENTATION_STYLE_ASSIGNMENT((#7728));
#7728 = SURFACE_STYLE_USAGE(.BOTH.,#7729);
#7729 = SURFACE_SIDE_STYLE('',(#7730));
#7730 = SURFACE_STYLE_FILL_AREA(#7731);
#7731 = FILL_AREA_STYLE('',(#7732));
#7732 = FILL_AREA_STYLE_COLOUR('',#7585);
#7733 = OVER_RIDING_STYLED_ITEM('overriding color',(#7734),#1774,#7567);
#7734 = PRESENTATION_STYLE_ASSIGNMENT((#7735));
#7735 = SURFACE_STYLE_USAGE(.BOTH.,#7736);
#7736 = SURFACE_SIDE_STYLE('',(#7737));
#7737 = SURFACE_STYLE_FILL_AREA(#7738);
#7738 = FILL_AREA_STYLE('',(#7739));
#7739 = FILL_AREA_STYLE_COLOUR('',#7585);
#7740 = OVER_RIDING_STYLED_ITEM('overriding color',(#7741),#1798,#7567);
#7741 = PRESENTATION_STYLE_ASSIGNMENT((#7742));
#7742 = SURFACE_STYLE_USAGE(.BOTH.,#7743);
#7743 = SURFACE_SIDE_STYLE('',(#7744));
#7744 = SURFACE_STYLE_FILL_AREA(#7745);
#7745 = FILL_AREA_STYLE('',(#7746));
#7746 = FILL_AREA_STYLE_COLOUR('',#7585);
#7747 = OVER_RIDING_STYLED_ITEM('overriding color',(#7748),#1815,#7567);
#7748 = PRESENTATION_STYLE_ASSIGNMENT((#7749));
#7749 = SURFACE_STYLE_USAGE(.BOTH.,#7750);
#7750 = SURFACE_SIDE_STYLE('',(#7751));
#7751 = SURFACE_STYLE_FILL_AREA(#7752);
#7752 = FILL_AREA_STYLE('',(#7753));
#7753 = FILL_AREA_STYLE_COLOUR('',#7585);
#7754 = OVER_RIDING_STYLED_ITEM('overriding color',(#7755),#1846,#7567);
#7755 = PRESENTATION_STYLE_ASSIGNMENT((#7756));
#7756 = SURFACE_STYLE_USAGE(.BOTH.,#7757);
#7757 = SURFACE_SIDE_STYLE('',(#7758));
#7758 = SURFACE_STYLE_FILL_AREA(#7759);
#7759 = FILL_AREA_STYLE('',(#7760));
#7760 = FILL_AREA_STYLE_COLOUR('',#7585);
#7761 = OVER_RIDING_STYLED_ITEM('overriding color',(#7762),#1870,#7567);
#7762 = PRESENTATION_STYLE_ASSIGNMENT((#7763));
#7763 = SURFACE_STYLE_USAGE(.BOTH.,#7764);
#7764 = SURFACE_SIDE_STYLE('',(#7765));
#7765 = SURFACE_STYLE_FILL_AREA(#7766);
#7766 = FILL_AREA_STYLE('',(#7767));
#7767 = FILL_AREA_STYLE_COLOUR('',#7585);
#7768 = OVER_RIDING_STYLED_ITEM('overriding color',(#7769),#1894,#7567);
#7769 = PRESENTATION_STYLE_ASSIGNMENT((#7770));
#7770 = SURFACE_STYLE_USAGE(.BOTH.,#7771);
#7771 = SURFACE_SIDE_STYLE('',(#7772));
#7772 = SURFACE_STYLE_FILL_AREA(#7773);
#7773 = FILL_AREA_STYLE('',(#7774));
#7774 = FILL_AREA_STYLE_COLOUR('',#7585);
#7775 = OVER_RIDING_STYLED_ITEM('overriding color',(#7776),#1911,#7567);
#7776 = PRESENTATION_STYLE_ASSIGNMENT((#7777));
#7777 = SURFACE_STYLE_USAGE(.BOTH.,#7778);
#7778 = SURFACE_SIDE_STYLE('',(#7779));
#7779 = SURFACE_STYLE_FILL_AREA(#7780);
#7780 = FILL_AREA_STYLE('',(#7781));
#7781 = FILL_AREA_STYLE_COLOUR('',#7585);
#7782 = OVER_RIDING_STYLED_ITEM('overriding color',(#7783),#1942,#7567);
#7783 = PRESENTATION_STYLE_ASSIGNMENT((#7784));
#7784 = SURFACE_STYLE_USAGE(.BOTH.,#7785);
#7785 = SURFACE_SIDE_STYLE('',(#7786));
#7786 = SURFACE_STYLE_FILL_AREA(#7787);
#7787 = FILL_AREA_STYLE('',(#7788));
#7788 = FILL_AREA_STYLE_COLOUR('',#7585);
#7789 = OVER_RIDING_STYLED_ITEM('overriding color',(#7790),#1966,#7567);
#7790 = PRESENTATION_STYLE_ASSIGNMENT((#7791));
#7791 = SURFACE_STYLE_USAGE(.BOTH.,#7792);
#7792 = SURFACE_SIDE_STYLE('',(#7793));
#7793 = SURFACE_STYLE_FILL_AREA(#7794);
#7794 = FILL_AREA_STYLE('',(#7795));
#7795 = FILL_AREA_STYLE_COLOUR('',#7585);
#7796 = OVER_RIDING_STYLED_ITEM('overriding color',(#7797),#1990,#7567);
#7797 = PRESENTATION_STYLE_ASSIGNMENT((#7798));
#7798 = SURFACE_STYLE_USAGE(.BOTH.,#7799);
#7799 = SURFACE_SIDE_STYLE('',(#7800));
#7800 = SURFACE_STYLE_FILL_AREA(#7801);
#7801 = FILL_AREA_STYLE('',(#7802));
#7802 = FILL_AREA_STYLE_COLOUR('',#7585);
#7803 = OVER_RIDING_STYLED_ITEM('overriding color',(#7804),#2007,#7567);
#7804 = PRESENTATION_STYLE_ASSIGNMENT((#7805));
#7805 = SURFACE_STYLE_USAGE(.BOTH.,#7806);
#7806 = SURFACE_SIDE_STYLE('',(#7807));
#7807 = SURFACE_STYLE_FILL_AREA(#7808);
#7808 = FILL_AREA_STYLE('',(#7809));
#7809 = FILL_AREA_STYLE_COLOUR('',#7585);
#7810 = OVER_RIDING_STYLED_ITEM('overriding color',(#7811),#2038,#7567);
#7811 = PRESENTATION_STYLE_ASSIGNMENT((#7812));
#7812 = SURFACE_STYLE_USAGE(.BOTH.,#7813);
#7813 = SURFACE_SIDE_STYLE('',(#7814));
#7814 = SURFACE_STYLE_FILL_AREA(#7815);
#7815 = FILL_AREA_STYLE('',(#7816));
#7816 = FILL_AREA_STYLE_COLOUR('',#7585);
#7817 = OVER_RIDING_STYLED_ITEM('overriding color',(#7818),#2062,#7567);
#7818 = PRESENTATION_STYLE_ASSIGNMENT((#7819));
#7819 = SURFACE_STYLE_USAGE(.BOTH.,#7820);
#7820 = SURFACE_SIDE_STYLE('',(#7821));
#7821 = SURFACE_STYLE_FILL_AREA(#7822);
#7822 = FILL_AREA_STYLE('',(#7823));
#7823 = FILL_AREA_STYLE_COLOUR('',#7585);
#7824 = OVER_RIDING_STYLED_ITEM('overriding color',(#7825),#2086,#7567);
#7825 = PRESENTATION_STYLE_ASSIGNMENT((#7826));
#7826 = SURFACE_STYLE_USAGE(.BOTH.,#7827);
#7827 = SURFACE_SIDE_STYLE('',(#7828));
#7828 = SURFACE_STYLE_FILL_AREA(#7829);
#7829 = FILL_AREA_STYLE('',(#7830));
#7830 = FILL_AREA_STYLE_COLOUR('',#7585);
#7831 = OVER_RIDING_STYLED_ITEM('overriding color',(#7832),#2103,#7567);
#7832 = PRESENTATION_STYLE_ASSIGNMENT((#7833));
#7833 = SURFACE_STYLE_USAGE(.BOTH.,#7834);
#7834 = SURFACE_SIDE_STYLE('',(#7835));
#7835 = SURFACE_STYLE_FILL_AREA(#7836);
#7836 = FILL_AREA_STYLE('',(#7837));
#7837 = FILL_AREA_STYLE_COLOUR('',#7585);
#7838 = OVER_RIDING_STYLED_ITEM('overriding color',(#7839),#2134,#7567);
#7839 = PRESENTATION_STYLE_ASSIGNMENT((#7840));
#7840 = SURFACE_STYLE_USAGE(.BOTH.,#7841);
#7841 = SURFACE_SIDE_STYLE('',(#7842));
#7842 = SURFACE_STYLE_FILL_AREA(#7843);
#7843 = FILL_AREA_STYLE('',(#7844));
#7844 = FILL_AREA_STYLE_COLOUR('',#7585);
#7845 = OVER_RIDING_STYLED_ITEM('overriding color',(#7846),#2158,#7567);
#7846 = PRESENTATION_STYLE_ASSIGNMENT((#7847));
#7847 = SURFACE_STYLE_USAGE(.BOTH.,#7848);
#7848 = SURFACE_SIDE_STYLE('',(#7849));
#7849 = SURFACE_STYLE_FILL_AREA(#7850);
#7850 = FILL_AREA_STYLE('',(#7851));
#7851 = FILL_AREA_STYLE_COLOUR('',#7585);
#7852 = OVER_RIDING_STYLED_ITEM('overriding color',(#7853),#2182,#7567);
#7853 = PRESENTATION_STYLE_ASSIGNMENT((#7854));
#7854 = SURFACE_STYLE_USAGE(.BOTH.,#7855);
#7855 = SURFACE_SIDE_STYLE('',(#7856));
#7856 = SURFACE_STYLE_FILL_AREA(#7857);
#7857 = FILL_AREA_STYLE('',(#7858));
#7858 = FILL_AREA_STYLE_COLOUR('',#7585);
#7859 = OVER_RIDING_STYLED_ITEM('overriding color',(#7860),#2199,#7567);
#7860 = PRESENTATION_STYLE_ASSIGNMENT((#7861));
#7861 = SURFACE_STYLE_USAGE(.BOTH.,#7862);
#7862 = SURFACE_SIDE_STYLE('',(#7863));
#7863 = SURFACE_STYLE_FILL_AREA(#7864);
#7864 = FILL_AREA_STYLE('',(#7865));
#7865 = FILL_AREA_STYLE_COLOUR('',#7585);
#7866 = OVER_RIDING_STYLED_ITEM('overriding color',(#7867),#2230,#7567);
#7867 = PRESENTATION_STYLE_ASSIGNMENT((#7868));
#7868 = SURFACE_STYLE_USAGE(.BOTH.,#7869);
#7869 = SURFACE_SIDE_STYLE('',(#7870));
#7870 = SURFACE_STYLE_FILL_AREA(#7871);
#7871 = FILL_AREA_STYLE('',(#7872));
#7872 = FILL_AREA_STYLE_COLOUR('',#7585);
#7873 = OVER_RIDING_STYLED_ITEM('overriding color',(#7874),#2254,#7567);
#7874 = PRESENTATION_STYLE_ASSIGNMENT((#7875));
#7875 = SURFACE_STYLE_USAGE(.BOTH.,#7876);
#7876 = SURFACE_SIDE_STYLE('',(#7877));
#7877 = SURFACE_STYLE_FILL_AREA(#7878);
#7878 = FILL_AREA_STYLE('',(#7879));
#7879 = FILL_AREA_STYLE_COLOUR('',#7585);
#7880 = OVER_RIDING_STYLED_ITEM('overriding color',(#7881),#2278,#7567);
#7881 = PRESENTATION_STYLE_ASSIGNMENT((#7882));
#7882 = SURFACE_STYLE_USAGE(.BOTH.,#7883);
#7883 = SURFACE_SIDE_STYLE('',(#7884));
#7884 = SURFACE_STYLE_FILL_AREA(#7885);
#7885 = FILL_AREA_STYLE('',(#7886));
#7886 = FILL_AREA_STYLE_COLOUR('',#7585);
#7887 = OVER_RIDING_STYLED_ITEM('overriding color',(#7888),#2295,#7567);
#7888 = PRESENTATION_STYLE_ASSIGNMENT((#7889));
#7889 = SURFACE_STYLE_USAGE(.BOTH.,#7890);
#7890 = SURFACE_SIDE_STYLE('',(#7891));
#7891 = SURFACE_STYLE_FILL_AREA(#7892);
#7892 = FILL_AREA_STYLE('',(#7893));
#7893 = FILL_AREA_STYLE_COLOUR('',#7585);
#7894 = OVER_RIDING_STYLED_ITEM('overriding color',(#7895),#2326,#7567);
#7895 = PRESENTATION_STYLE_ASSIGNMENT((#7896));
#7896 = SURFACE_STYLE_USAGE(.BOTH.,#7897);
#7897 = SURFACE_SIDE_STYLE('',(#7898));
#7898 = SURFACE_STYLE_FILL_AREA(#7899);
#7899 = FILL_AREA_STYLE('',(#7900));
#7900 = FILL_AREA_STYLE_COLOUR('',#7585);
#7901 = OVER_RIDING_STYLED_ITEM('overriding color',(#7902),#2350,#7567);
#7902 = PRESENTATION_STYLE_ASSIGNMENT((#7903));
#7903 = SURFACE_STYLE_USAGE(.BOTH.,#7904);
#7904 = SURFACE_SIDE_STYLE('',(#7905));
#7905 = SURFACE_STYLE_FILL_AREA(#7906);
#7906 = FILL_AREA_STYLE('',(#7907));
#7907 = FILL_AREA_STYLE_COLOUR('',#7585);
#7908 = OVER_RIDING_STYLED_ITEM('overriding color',(#7909),#2374,#7567);
#7909 = PRESENTATION_STYLE_ASSIGNMENT((#7910));
#7910 = SURFACE_STYLE_USAGE(.BOTH.,#7911);
#7911 = SURFACE_SIDE_STYLE('',(#7912));
#7912 = SURFACE_STYLE_FILL_AREA(#7913);
#7913 = FILL_AREA_STYLE('',(#7914));
#7914 = FILL_AREA_STYLE_COLOUR('',#7585);
#7915 = OVER_RIDING_STYLED_ITEM('overriding color',(#7916),#2391,#7567);
#7916 = PRESENTATION_STYLE_ASSIGNMENT((#7917));
#7917 = SURFACE_STYLE_USAGE(.BOTH.,#7918);
#7918 = SURFACE_SIDE_STYLE('',(#7919));
#7919 = SURFACE_STYLE_FILL_AREA(#7920);
#7920 = FILL_AREA_STYLE('',(#7921));
#7921 = FILL_AREA_STYLE_COLOUR('',#7585);
#7922 = OVER_RIDING_STYLED_ITEM('overriding color',(#7923),#2422,#7567);
#7923 = PRESENTATION_STYLE_ASSIGNMENT((#7924));
#7924 = SURFACE_STYLE_USAGE(.BOTH.,#7925);
#7925 = SURFACE_SIDE_STYLE('',(#7926));
#7926 = SURFACE_STYLE_FILL_AREA(#7927);
#7927 = FILL_AREA_STYLE('',(#7928));
#7928 = FILL_AREA_STYLE_COLOUR('',#7585);
#7929 = OVER_RIDING_STYLED_ITEM('overriding color',(#7930),#2446,#7567);
#7930 = PRESENTATION_STYLE_ASSIGNMENT((#7931));
#7931 = SURFACE_STYLE_USAGE(.BOTH.,#7932);
#7932 = SURFACE_SIDE_STYLE('',(#7933));
#7933 = SURFACE_STYLE_FILL_AREA(#7934);
#7934 = FILL_AREA_STYLE('',(#7935));
#7935 = FILL_AREA_STYLE_COLOUR('',#7585);
#7936 = OVER_RIDING_STYLED_ITEM('overriding color',(#7937),#2470,#7567);
#7937 = PRESENTATION_STYLE_ASSIGNMENT((#7938));
#7938 = SURFACE_STYLE_USAGE(.BOTH.,#7939);
#7939 = SURFACE_SIDE_STYLE('',(#7940));
#7940 = SURFACE_STYLE_FILL_AREA(#7941);
#7941 = FILL_AREA_STYLE('',(#7942));
#7942 = FILL_AREA_STYLE_COLOUR('',#7585);
#7943 = OVER_RIDING_STYLED_ITEM('overriding color',(#7944),#2487,#7567);
#7944 = PRESENTATION_STYLE_ASSIGNMENT((#7945));
#7945 = SURFACE_STYLE_USAGE(.BOTH.,#7946);
#7946 = SURFACE_SIDE_STYLE('',(#7947));
#7947 = SURFACE_STYLE_FILL_AREA(#7948);
#7948 = FILL_AREA_STYLE('',(#7949));
#7949 = FILL_AREA_STYLE_COLOUR('',#7585);
#7950 = OVER_RIDING_STYLED_ITEM('overriding color',(#7951),#2518,#7567);
#7951 = PRESENTATION_STYLE_ASSIGNMENT((#7952));
#7952 = SURFACE_STYLE_USAGE(.BOTH.,#7953);
#7953 = SURFACE_SIDE_STYLE('',(#7954));
#7954 = SURFACE_STYLE_FILL_AREA(#7955);
#7955 = FILL_AREA_STYLE('',(#7956));
#7956 = FILL_AREA_STYLE_COLOUR('',#7585);
#7957 = OVER_RIDING_STYLED_ITEM('overriding color',(#7958),#2542,#7567);
#7958 = PRESENTATION_STYLE_ASSIGNMENT((#7959));
#7959 = SURFACE_STYLE_USAGE(.BOTH.,#7960);
#7960 = SURFACE_SIDE_STYLE('',(#7961));
#7961 = SURFACE_STYLE_FILL_AREA(#7962);
#7962 = FILL_AREA_STYLE('',(#7963));
#7963 = FILL_AREA_STYLE_COLOUR('',#7585);
#7964 = OVER_RIDING_STYLED_ITEM('overriding color',(#7965),#2566,#7567);
#7965 = PRESENTATION_STYLE_ASSIGNMENT((#7966));
#7966 = SURFACE_STYLE_USAGE(.BOTH.,#7967);
#7967 = SURFACE_SIDE_STYLE('',(#7968));
#7968 = SURFACE_STYLE_FILL_AREA(#7969);
#7969 = FILL_AREA_STYLE('',(#7970));
#7970 = FILL_AREA_STYLE_COLOUR('',#7585);
#7971 = OVER_RIDING_STYLED_ITEM('overriding color',(#7972),#2583,#7567);
#7972 = PRESENTATION_STYLE_ASSIGNMENT((#7973));
#7973 = SURFACE_STYLE_USAGE(.BOTH.,#7974);
#7974 = SURFACE_SIDE_STYLE('',(#7975));
#7975 = SURFACE_STYLE_FILL_AREA(#7976);
#7976 = FILL_AREA_STYLE('',(#7977));
#7977 = FILL_AREA_STYLE_COLOUR('',#7585);
#7978 = OVER_RIDING_STYLED_ITEM('overriding color',(#7979),#2614,#7567);
#7979 = PRESENTATION_STYLE_ASSIGNMENT((#7980));
#7980 = SURFACE_STYLE_USAGE(.BOTH.,#7981);
#7981 = SURFACE_SIDE_STYLE('',(#7982));
#7982 = SURFACE_STYLE_FILL_AREA(#7983);
#7983 = FILL_AREA_STYLE('',(#7984));
#7984 = FILL_AREA_STYLE_COLOUR('',#7585);
#7985 = OVER_RIDING_STYLED_ITEM('overriding color',(#7986),#2638,#7567);
#7986 = PRESENTATION_STYLE_ASSIGNMENT((#7987));
#7987 = SURFACE_STYLE_USAGE(.BOTH.,#7988);
#7988 = SURFACE_SIDE_STYLE('',(#7989));
#7989 = SURFACE_STYLE_FILL_AREA(#7990);
#7990 = FILL_AREA_STYLE('',(#7991));
#7991 = FILL_AREA_STYLE_COLOUR('',#7585);
#7992 = OVER_RIDING_STYLED_ITEM('overriding color',(#7993),#2662,#7567);
#7993 = PRESENTATION_STYLE_ASSIGNMENT((#7994));
#7994 = SURFACE_STYLE_USAGE(.BOTH.,#7995);
#7995 = SURFACE_SIDE_STYLE('',(#7996));
#7996 = SURFACE_STYLE_FILL_AREA(#7997);
#7997 = FILL_AREA_STYLE('',(#7998));
#7998 = FILL_AREA_STYLE_COLOUR('',#7585);
#7999 = OVER_RIDING_STYLED_ITEM('overriding color',(#8000),#2679,#7567);
#8000 = PRESENTATION_STYLE_ASSIGNMENT((#8001));
#8001 = SURFACE_STYLE_USAGE(.BOTH.,#8002);
#8002 = SURFACE_SIDE_STYLE('',(#8003));
#8003 = SURFACE_STYLE_FILL_AREA(#8004);
#8004 = FILL_AREA_STYLE('',(#8005));
#8005 = FILL_AREA_STYLE_COLOUR('',#7585);
#8006 = OVER_RIDING_STYLED_ITEM('overriding color',(#8007),#2710,#7567);
#8007 = PRESENTATION_STYLE_ASSIGNMENT((#8008));
#8008 = SURFACE_STYLE_USAGE(.BOTH.,#8009);
#8009 = SURFACE_SIDE_STYLE('',(#8010));
#8010 = SURFACE_STYLE_FILL_AREA(#8011);
#8011 = FILL_AREA_STYLE('',(#8012));
#8012 = FILL_AREA_STYLE_COLOUR('',#7585);
#8013 = OVER_RIDING_STYLED_ITEM('overriding color',(#8014),#2734,#7567);
#8014 = PRESENTATION_STYLE_ASSIGNMENT((#8015));
#8015 = SURFACE_STYLE_USAGE(.BOTH.,#8016);
#8016 = SURFACE_SIDE_STYLE('',(#8017));
#8017 = SURFACE_STYLE_FILL_AREA(#8018);
#8018 = FILL_AREA_STYLE('',(#8019));
#8019 = FILL_AREA_STYLE_COLOUR('',#7585);
#8020 = OVER_RIDING_STYLED_ITEM('overriding color',(#8021),#2758,#7567);
#8021 = PRESENTATION_STYLE_ASSIGNMENT((#8022));
#8022 = SURFACE_STYLE_USAGE(.BOTH.,#8023);
#8023 = SURFACE_SIDE_STYLE('',(#8024));
#8024 = SURFACE_STYLE_FILL_AREA(#8025);
#8025 = FILL_AREA_STYLE('',(#8026));
#8026 = FILL_AREA_STYLE_COLOUR('',#7585);
#8027 = OVER_RIDING_STYLED_ITEM('overriding color',(#8028),#2775,#7567);
#8028 = PRESENTATION_STYLE_ASSIGNMENT((#8029));
#8029 = SURFACE_STYLE_USAGE(.BOTH.,#8030);
#8030 = SURFACE_SIDE_STYLE('',(#8031));
#8031 = SURFACE_STYLE_FILL_AREA(#8032);
#8032 = FILL_AREA_STYLE('',(#8033));
#8033 = FILL_AREA_STYLE_COLOUR('',#7585);
#8034 = OVER_RIDING_STYLED_ITEM('overriding color',(#8035),#2787,#7567);
#8035 = PRESENTATION_STYLE_ASSIGNMENT((#8036));
#8036 = SURFACE_STYLE_USAGE(.BOTH.,#8037);
#8037 = SURFACE_SIDE_STYLE('',(#8038));
#8038 = SURFACE_STYLE_FILL_AREA(#8039);
#8039 = FILL_AREA_STYLE('',(#8040));
#8040 = FILL_AREA_STYLE_COLOUR('',#7585);
#8041 = OVER_RIDING_STYLED_ITEM('overriding color',(#8042),#2799,#7567);
#8042 = PRESENTATION_STYLE_ASSIGNMENT((#8043));
#8043 = SURFACE_STYLE_USAGE(.BOTH.,#8044);
#8044 = SURFACE_SIDE_STYLE('',(#8045));
#8045 = SURFACE_STYLE_FILL_AREA(#8046);
#8046 = FILL_AREA_STYLE('',(#8047));
#8047 = FILL_AREA_STYLE_COLOUR('',#7585);
#8048 = OVER_RIDING_STYLED_ITEM('overriding color',(#8049),#2811,#7567);
#8049 = PRESENTATION_STYLE_ASSIGNMENT((#8050));
#8050 = SURFACE_STYLE_USAGE(.BOTH.,#8051);
#8051 = SURFACE_SIDE_STYLE('',(#8052));
#8052 = SURFACE_STYLE_FILL_AREA(#8053);
#8053 = FILL_AREA_STYLE('',(#8054));
#8054 = FILL_AREA_STYLE_COLOUR('',#7585);
#8055 = OVER_RIDING_STYLED_ITEM('overriding color',(#8056),#2823,#7567);
#8056 = PRESENTATION_STYLE_ASSIGNMENT((#8057));
#8057 = SURFACE_STYLE_USAGE(.BOTH.,#8058);
#8058 = SURFACE_SIDE_STYLE('',(#8059));
#8059 = SURFACE_STYLE_FILL_AREA(#8060);
#8060 = FILL_AREA_STYLE('',(#8061));
#8061 = FILL_AREA_STYLE_COLOUR('',#7585);
#8062 = OVER_RIDING_STYLED_ITEM('overriding color',(#8063),#2835,#7567);
#8063 = PRESENTATION_STYLE_ASSIGNMENT((#8064));
#8064 = SURFACE_STYLE_USAGE(.BOTH.,#8065);
#8065 = SURFACE_SIDE_STYLE('',(#8066));
#8066 = SURFACE_STYLE_FILL_AREA(#8067);
#8067 = FILL_AREA_STYLE('',(#8068));
#8068 = FILL_AREA_STYLE_COLOUR('',#7585);
#8069 = OVER_RIDING_STYLED_ITEM('overriding color',(#8070),#2847,#7567);
#8070 = PRESENTATION_STYLE_ASSIGNMENT((#8071));
#8071 = SURFACE_STYLE_USAGE(.BOTH.,#8072);
#8072 = SURFACE_SIDE_STYLE('',(#8073));
#8073 = SURFACE_STYLE_FILL_AREA(#8074);
#8074 = FILL_AREA_STYLE('',(#8075));
#8075 = FILL_AREA_STYLE_COLOUR('',#7585);
#8076 = OVER_RIDING_STYLED_ITEM('overriding color',(#8077),#2859,#7567);
#8077 = PRESENTATION_STYLE_ASSIGNMENT((#8078));
#8078 = SURFACE_STYLE_USAGE(.BOTH.,#8079);
#8079 = SURFACE_SIDE_STYLE('',(#8080));
#8080 = SURFACE_STYLE_FILL_AREA(#8081);
#8081 = FILL_AREA_STYLE('',(#8082));
#8082 = FILL_AREA_STYLE_COLOUR('',#7585);
#8083 = MECHANICAL_DESIGN_GEOMETRIC_PRESENTATION_REPRESENTATION('',(
    #8084),#7555);
#8084 = STYLED_ITEM('color',(#8085),#6409);
#8085 = PRESENTATION_STYLE_ASSIGNMENT((#8086,#8092));
#8086 = SURFACE_STYLE_USAGE(.BOTH.,#8087);
#8087 = SURFACE_SIDE_STYLE('',(#8088));
#8088 = SURFACE_STYLE_FILL_AREA(#8089);
#8089 = FILL_AREA_STYLE('',(#8090));
#8090 = FILL_AREA_STYLE_COLOUR('',#8091);
#8091 = COLOUR_RGB('',0.227450982423,0.,0.227450982423);
#8092 = CURVE_STYLE('',#8093,POSITIVE_LENGTH_MEASURE(0.1),#8094);
#8093 = DRAUGHTING_PRE_DEFINED_CURVE_FONT('continuous');
#8094 = COLOUR_RGB('',0.156862749342,0.156862749342,0.156862749342);
#8095 = MECHANICAL_DESIGN_GEOMETRIC_PRESENTATION_REPRESENTATION('',(
    #8096),#6390);
#8096 = STYLED_ITEM('color',(#8097),#5647);
#8097 = PRESENTATION_STYLE_ASSIGNMENT((#8098,#8104));
#8098 = SURFACE_STYLE_USAGE(.BOTH.,#8099);
#8099 = SURFACE_SIDE_STYLE('',(#8100));
#8100 = SURFACE_STYLE_FILL_AREA(#8101);
#8101 = FILL_AREA_STYLE('',(#8102));
#8102 = FILL_AREA_STYLE_COLOUR('',#8103);
#8103 = COLOUR_RGB('',3.137254979461E-02,7.843137448654E-03,
  3.529412002303E-02);
#8104 = CURVE_STYLE('',#8105,POSITIVE_LENGTH_MEASURE(0.1),#7577);
#8105 = DRAUGHTING_PRE_DEFINED_CURVE_FONT('continuous');
#8106 = MECHANICAL_DESIGN_GEOMETRIC_PRESENTATION_REPRESENTATION('',(
    #8107),#5628);
#8107 = STYLED_ITEM('color',(#8108),#2890);
#8108 = PRESENTATION_STYLE_ASSIGNMENT((#8109,#8115));
#8109 = SURFACE_STYLE_USAGE(.BOTH.,#8110);
#8110 = SURFACE_SIDE_STYLE('',(#8111));
#8111 = SURFACE_STYLE_FILL_AREA(#8112);
#8112 = FILL_AREA_STYLE('',(#8113));
#8113 = FILL_AREA_STYLE_COLOUR('',#8114);
#8114 = COLOUR_RGB('',0.313304153717,0.484529191082,0.410020923746);
#8115 = CURVE_STYLE('',#8116,POSITIVE_LENGTH_MEASURE(0.1),#7577);
#8116 = DRAUGHTING_PRE_DEFINED_CURVE_FONT('continuous');
ENDSEC;
END-ISO-10303-21;
